<?xml version="1.0" encoding="utf-8"?>
<gpx xmlns="http://www.topografix.com/GPX/1/1" version="1.1" creator="https://mapy.com/">
	<trk>
		<name>Trasa z carrer de l&apos;Horta do 39.546006N, 2.389883E</name>
		<trkseg>
			<trkpt lat="39.881920" lon="3.014441">
				<ele>56.000000</ele>
			</trkpt>
			<trkpt lat="39.882286" lon="3.014162">
				<ele>56.000000</ele>
			</trkpt>
			<trkpt lat="39.882265" lon="3.014099">
				<ele>57.000000</ele>
			</trkpt>
			<trkpt lat="39.882299" lon="3.013902">
				<ele>57.000000</ele>
			</trkpt>
			<trkpt lat="39.882375" lon="3.013623">
				<ele>57.000000</ele>
			</trkpt>
			<trkpt lat="39.882450" lon="3.013399">
				<ele>58.000000</ele>
			</trkpt>
			<trkpt lat="39.882465" lon="3.013228">
				<ele>58.000000</ele>
			</trkpt>
			<trkpt lat="39.882471" lon="3.012967">
				<ele>58.000000</ele>
			</trkpt>
			<trkpt lat="39.882450" lon="3.012636">
				<ele>59.000000</ele>
			</trkpt>
			<trkpt lat="39.882347" lon="3.012410">
				<ele>59.000000</ele>
			</trkpt>
			<trkpt lat="39.882175" lon="3.012123">
				<ele>60.000000</ele>
			</trkpt>
			<trkpt lat="39.881864" lon="3.011692">
				<ele>60.000000</ele>
			</trkpt>
			<trkpt lat="39.881658" lon="3.011449">
				<ele>60.000000</ele>
			</trkpt>
			<trkpt lat="39.881444" lon="3.011189">
				<ele>60.000000</ele>
			</trkpt>
			<trkpt lat="39.880824" lon="3.010542">
				<ele>60.000000</ele>
			</trkpt>
			<trkpt lat="39.880714" lon="3.010452">
				<ele>60.000000</ele>
			</trkpt>
			<trkpt lat="39.880576" lon="3.010317">
				<ele>60.000000</ele>
			</trkpt>
			<trkpt lat="39.880148" lon="3.009886">
				<ele>60.000000</ele>
			</trkpt>
			<trkpt lat="39.879769" lon="3.009401">
				<ele>60.000000</ele>
			</trkpt>
			<trkpt lat="39.879576" lon="3.009194">
				<ele>60.000000</ele>
			</trkpt>
			<trkpt lat="39.879466" lon="3.009060">
				<ele>60.000000</ele>
			</trkpt>
			<trkpt lat="39.879397" lon="3.008907">
				<ele>60.000000</ele>
			</trkpt>
			<trkpt lat="39.879397" lon="3.008638">
				<ele>60.000000</ele>
			</trkpt>
			<trkpt lat="39.879411" lon="3.007990">
				<ele>60.000000</ele>
			</trkpt>
			<trkpt lat="39.879431" lon="3.007128">
				<ele>60.000000</ele>
			</trkpt>
			<trkpt lat="39.879349" lon="3.006617">
				<ele>60.000000</ele>
			</trkpt>
			<trkpt lat="39.879239" lon="3.006131">
				<ele>60.000000</ele>
			</trkpt>
			<trkpt lat="39.879190" lon="3.005889">
				<ele>60.000000</ele>
			</trkpt>
			<trkpt lat="39.879045" lon="3.005413">
				<ele>60.000000</ele>
			</trkpt>
			<trkpt lat="39.878901" lon="3.005009">
				<ele>60.000000</ele>
			</trkpt>
			<trkpt lat="39.878735" lon="3.004478">
				<ele>61.000000</ele>
			</trkpt>
			<trkpt lat="39.878356" lon="3.003104">
				<ele>62.000000</ele>
			</trkpt>
			<trkpt lat="39.878300" lon="3.002988">
				<ele>62.000000</ele>
			</trkpt>
			<trkpt lat="39.878232" lon="3.002889">
				<ele>62.000000</ele>
			</trkpt>
			<trkpt lat="39.878135" lon="3.002762">
				<ele>62.000000</ele>
			</trkpt>
			<trkpt lat="39.878197" lon="3.002493">
				<ele>62.000000</ele>
			</trkpt>
			<trkpt lat="39.878197" lon="3.002403">
				<ele>62.000000</ele>
			</trkpt>
			<trkpt lat="39.878225" lon="3.002376">
				<ele>62.000000</ele>
			</trkpt>
			<trkpt lat="39.878156" lon="3.001191">
				<ele>63.000000</ele>
			</trkpt>
			<trkpt lat="39.878121" lon="3.000984">
				<ele>64.000000</ele>
			</trkpt>
			<trkpt lat="39.877915" lon="3.000669">
				<ele>64.000000</ele>
			</trkpt>
			<trkpt lat="39.877480" lon="3.000005">
				<ele>65.000000</ele>
			</trkpt>
			<trkpt lat="39.877163" lon="2.999537">
				<ele>65.000000</ele>
			</trkpt>
			<trkpt lat="39.876522" lon="2.998585">
				<ele>66.000000</ele>
			</trkpt>
			<trkpt lat="39.876377" lon="2.998415">
				<ele>66.000000</ele>
			</trkpt>
			<trkpt lat="39.876053" lon="2.997839">
				<ele>67.000000</ele>
			</trkpt>
			<trkpt lat="39.875805" lon="2.997409">
				<ele>67.000000</ele>
			</trkpt>
			<trkpt lat="39.875281" lon="2.996474">
				<ele>68.000000</ele>
			</trkpt>
			<trkpt lat="39.875240" lon="2.996394">
				<ele>68.000000</ele>
			</trkpt>
			<trkpt lat="39.875184" lon="2.995872">
				<ele>69.000000</ele>
			</trkpt>
			<trkpt lat="39.875171" lon="2.995271">
				<ele>69.000000</ele>
			</trkpt>
			<trkpt lat="39.875164" lon="2.995019">
				<ele>70.000000</ele>
			</trkpt>
			<trkpt lat="39.875171" lon="2.994839">
				<ele>70.000000</ele>
			</trkpt>
			<trkpt lat="39.875205" lon="2.994705">
				<ele>70.000000</ele>
			</trkpt>
			<trkpt lat="39.875198" lon="2.994560">
				<ele>70.000000</ele>
			</trkpt>
			<trkpt lat="39.875157" lon="2.994336">
				<ele>71.000000</ele>
			</trkpt>
			<trkpt lat="39.875054" lon="2.994120">
				<ele>72.000000</ele>
			</trkpt>
			<trkpt lat="39.874806" lon="2.993394">
				<ele>75.000000</ele>
			</trkpt>
			<trkpt lat="39.874840" lon="2.993331">
				<ele>75.000000</ele>
			</trkpt>
			<trkpt lat="39.874778" lon="2.993160">
				<ele>75.000000</ele>
			</trkpt>
			<trkpt lat="39.874654" lon="2.992585">
				<ele>76.000000</ele>
			</trkpt>
			<trkpt lat="39.874516" lon="2.991910">
				<ele>76.000000</ele>
			</trkpt>
			<trkpt lat="39.874474" lon="2.991767">
				<ele>77.000000</ele>
			</trkpt>
			<trkpt lat="39.874474" lon="2.991723">
				<ele>77.000000</ele>
			</trkpt>
			<trkpt lat="39.874398" lon="2.991533">
				<ele>77.000000</ele>
			</trkpt>
			<trkpt lat="39.874309" lon="2.991103">
				<ele>77.000000</ele>
			</trkpt>
			<trkpt lat="39.874171" lon="2.990455">
				<ele>78.000000</ele>
			</trkpt>
			<trkpt lat="39.874075" lon="2.990061">
				<ele>78.000000</ele>
			</trkpt>
			<trkpt lat="39.873909" lon="2.989612">
				<ele>78.000000</ele>
			</trkpt>
			<trkpt lat="39.873778" lon="2.989279">
				<ele>78.000000</ele>
			</trkpt>
			<trkpt lat="39.873765" lon="2.989199">
				<ele>78.000000</ele>
			</trkpt>
			<trkpt lat="39.873702" lon="2.989090">
				<ele>79.000000</ele>
			</trkpt>
			<trkpt lat="39.873578" lon="2.988740">
				<ele>79.000000</ele>
			</trkpt>
			<trkpt lat="39.873310" lon="2.988021">
				<ele>79.000000</ele>
			</trkpt>
			<trkpt lat="39.872834" lon="2.986736">
				<ele>80.000000</ele>
			</trkpt>
			<trkpt lat="39.872565" lon="2.986342">
				<ele>81.000000</ele>
			</trkpt>
			<trkpt lat="39.872475" lon="2.986233">
				<ele>81.000000</ele>
			</trkpt>
			<trkpt lat="39.872337" lon="2.986054">
				<ele>81.000000</ele>
			</trkpt>
			<trkpt lat="39.872268" lon="2.985964">
				<ele>81.000000</ele>
			</trkpt>
			<trkpt lat="39.872206" lon="2.985893">
				<ele>81.000000</ele>
			</trkpt>
			<trkpt lat="39.872179" lon="2.985866">
				<ele>81.000000</ele>
			</trkpt>
			<trkpt lat="39.872131" lon="2.985794">
				<ele>81.000000</ele>
			</trkpt>
			<trkpt lat="39.872076" lon="2.985623">
				<ele>82.000000</ele>
			</trkpt>
			<trkpt lat="39.872048" lon="2.985533">
				<ele>82.000000</ele>
			</trkpt>
			<trkpt lat="39.871903" lon="2.984562">
				<ele>82.000000</ele>
			</trkpt>
			<trkpt lat="39.871889" lon="2.984491">
				<ele>82.000000</ele>
			</trkpt>
			<trkpt lat="39.871620" lon="2.983656">
				<ele>83.000000</ele>
			</trkpt>
			<trkpt lat="39.871337" lon="2.983278">
				<ele>83.000000</ele>
			</trkpt>
			<trkpt lat="39.870738" lon="2.982560">
				<ele>84.000000</ele>
			</trkpt>
			<trkpt lat="39.870338" lon="2.982254">
				<ele>84.000000</ele>
			</trkpt>
			<trkpt lat="39.870262" lon="2.982236">
				<ele>85.000000</ele>
			</trkpt>
			<trkpt lat="39.869980" lon="2.982262">
				<ele>85.000000</ele>
			</trkpt>
			<trkpt lat="39.869745" lon="2.982155">
				<ele>85.000000</ele>
			</trkpt>
			<trkpt lat="39.869001" lon="2.981149">
				<ele>86.000000</ele>
			</trkpt>
			<trkpt lat="39.868835" lon="2.980601">
				<ele>86.000000</ele>
			</trkpt>
			<trkpt lat="39.868677" lon="2.979532">
				<ele>87.000000</ele>
			</trkpt>
			<trkpt lat="39.868421" lon="2.979226">
				<ele>88.000000</ele>
			</trkpt>
			<trkpt lat="39.868318" lon="2.978885">
				<ele>88.000000</ele>
			</trkpt>
			<trkpt lat="39.868111" lon="2.978625">
				<ele>88.000000</ele>
			</trkpt>
			<trkpt lat="39.867808" lon="2.978274">
				<ele>88.000000</ele>
			</trkpt>
			<trkpt lat="39.867773" lon="2.977467">
				<ele>89.000000</ele>
			</trkpt>
			<trkpt lat="39.867766" lon="2.977170">
				<ele>89.000000</ele>
			</trkpt>
			<trkpt lat="39.867801" lon="2.977052">
				<ele>89.000000</ele>
			</trkpt>
			<trkpt lat="39.867849" lon="2.976918">
				<ele>89.000000</ele>
			</trkpt>
			<trkpt lat="39.867967" lon="2.976190">
				<ele>90.000000</ele>
			</trkpt>
			<trkpt lat="39.867883" lon="2.975903">
				<ele>90.000000</ele>
			</trkpt>
			<trkpt lat="39.867814" lon="2.975679">
				<ele>90.000000</ele>
			</trkpt>
			<trkpt lat="39.867560" lon="2.975220">
				<ele>91.000000</ele>
			</trkpt>
			<trkpt lat="39.867139" lon="2.974601">
				<ele>92.000000</ele>
			</trkpt>
			<trkpt lat="39.867028" lon="2.974214">
				<ele>92.000000</ele>
			</trkpt>
			<trkpt lat="39.867043" lon="2.973406">
				<ele>93.000000</ele>
			</trkpt>
			<trkpt lat="39.867304" lon="2.972490">
				<ele>94.000000</ele>
			</trkpt>
			<trkpt lat="39.867346" lon="2.972228">
				<ele>94.000000</ele>
			</trkpt>
			<trkpt lat="39.867360" lon="2.972148">
				<ele>94.000000</ele>
			</trkpt>
			<trkpt lat="39.867615" lon="2.971465">
				<ele>94.000000</ele>
			</trkpt>
			<trkpt lat="39.867635" lon="2.971249">
				<ele>95.000000</ele>
			</trkpt>
			<trkpt lat="39.867732" lon="2.970450">
				<ele>95.000000</ele>
			</trkpt>
			<trkpt lat="39.867828" lon="2.969911">
				<ele>96.000000</ele>
			</trkpt>
			<trkpt lat="39.868097" lon="2.968951">
				<ele>97.000000</ele>
			</trkpt>
			<trkpt lat="39.868180" lon="2.968833">
				<ele>97.000000</ele>
			</trkpt>
			<trkpt lat="39.868159" lon="2.968725">
				<ele>97.000000</ele>
			</trkpt>
			<trkpt lat="39.868242" lon="2.968267">
				<ele>97.000000</ele>
			</trkpt>
			<trkpt lat="39.868359" lon="2.967827">
				<ele>98.000000</ele>
			</trkpt>
			<trkpt lat="39.868366" lon="2.967773">
				<ele>98.000000</ele>
			</trkpt>
			<trkpt lat="39.868497" lon="2.967477">
				<ele>98.000000</ele>
			</trkpt>
			<trkpt lat="39.868628" lon="2.967100">
				<ele>99.000000</ele>
			</trkpt>
			<trkpt lat="39.868690" lon="2.967001">
				<ele>99.000000</ele>
			</trkpt>
			<trkpt lat="39.868718" lon="2.966866">
				<ele>99.000000</ele>
			</trkpt>
			<trkpt lat="39.868773" lon="2.966668">
				<ele>99.000000</ele>
			</trkpt>
			<trkpt lat="39.868822" lon="2.966677">
				<ele>99.000000</ele>
			</trkpt>
			<trkpt lat="39.868787" lon="2.966605">
				<ele>99.000000</ele>
			</trkpt>
			<trkpt lat="39.868814" lon="2.966174">
				<ele>100.000000</ele>
			</trkpt>
			<trkpt lat="39.868801" lon="2.965743">
				<ele>100.000000</ele>
			</trkpt>
			<trkpt lat="39.868787" lon="2.965527">
				<ele>100.000000</ele>
			</trkpt>
			<trkpt lat="39.868732" lon="2.965348">
				<ele>101.000000</ele>
			</trkpt>
			<trkpt lat="39.868614" lon="2.965079">
				<ele>101.000000</ele>
			</trkpt>
			<trkpt lat="39.868545" lon="2.964693">
				<ele>102.000000</ele>
			</trkpt>
			<trkpt lat="39.868539" lon="2.963857">
				<ele>103.000000</ele>
			</trkpt>
			<trkpt lat="39.868566" lon="2.963551">
				<ele>103.000000</ele>
			</trkpt>
			<trkpt lat="39.868518" lon="2.963398">
				<ele>103.000000</ele>
			</trkpt>
			<trkpt lat="39.868421" lon="2.963309">
				<ele>103.000000</ele>
			</trkpt>
			<trkpt lat="39.868331" lon="2.963174">
				<ele>104.000000</ele>
			</trkpt>
			<trkpt lat="39.868014" lon="2.960739">
				<ele>107.000000</ele>
			</trkpt>
			<trkpt lat="39.867980" lon="2.960362">
				<ele>107.000000</ele>
			</trkpt>
			<trkpt lat="39.867932" lon="2.960282">
				<ele>107.000000</ele>
			</trkpt>
			<trkpt lat="39.867601" lon="2.959697">
				<ele>108.000000</ele>
			</trkpt>
			<trkpt lat="39.867249" lon="2.959077">
				<ele>109.000000</ele>
			</trkpt>
			<trkpt lat="39.867187" lon="2.958970">
				<ele>109.000000</ele>
			</trkpt>
			<trkpt lat="39.866884" lon="2.958385">
				<ele>110.000000</ele>
			</trkpt>
			<trkpt lat="39.866690" lon="2.958018">
				<ele>111.000000</ele>
			</trkpt>
			<trkpt lat="39.866484" lon="2.957802">
				<ele>111.000000</ele>
			</trkpt>
			<trkpt lat="39.866456" lon="2.957756">
				<ele>112.000000</ele>
			</trkpt>
			<trkpt lat="39.866243" lon="2.957047">
				<ele>113.000000</ele>
			</trkpt>
			<trkpt lat="39.866008" lon="2.956266">
				<ele>114.000000</ele>
			</trkpt>
			<trkpt lat="39.865746" lon="2.955709">
				<ele>116.000000</ele>
			</trkpt>
			<trkpt lat="39.865670" lon="2.955458">
				<ele>116.000000</ele>
			</trkpt>
			<trkpt lat="39.865436" lon="2.954819">
				<ele>117.000000</ele>
			</trkpt>
			<trkpt lat="39.865360" lon="2.954613">
				<ele>118.000000</ele>
			</trkpt>
			<trkpt lat="39.865319" lon="2.954487">
				<ele>118.000000</ele>
			</trkpt>
			<trkpt lat="39.865264" lon="2.954397">
				<ele>118.000000</ele>
			</trkpt>
			<trkpt lat="39.865194" lon="2.954334">
				<ele>118.000000</ele>
			</trkpt>
			<trkpt lat="39.865084" lon="2.954244">
				<ele>119.000000</ele>
			</trkpt>
			<trkpt lat="39.864802" lon="2.954083">
				<ele>119.000000</ele>
			</trkpt>
			<trkpt lat="39.864615" lon="2.953930">
				<ele>120.000000</ele>
			</trkpt>
			<trkpt lat="39.864553" lon="2.953858">
				<ele>120.000000</ele>
			</trkpt>
			<trkpt lat="39.864478" lon="2.953724">
				<ele>120.000000</ele>
			</trkpt>
			<trkpt lat="39.864436" lon="2.953508">
				<ele>121.000000</ele>
			</trkpt>
			<trkpt lat="39.864409" lon="2.953202">
				<ele>121.000000</ele>
			</trkpt>
			<trkpt lat="39.864381" lon="2.953058">
				<ele>121.000000</ele>
			</trkpt>
			<trkpt lat="39.864291" lon="2.952852">
				<ele>122.000000</ele>
			</trkpt>
			<trkpt lat="39.864153" lon="2.952699">
				<ele>122.000000</ele>
			</trkpt>
			<trkpt lat="39.864050" lon="2.952609">
				<ele>122.000000</ele>
			</trkpt>
			<trkpt lat="39.863940" lon="2.952430">
				<ele>123.000000</ele>
			</trkpt>
			<trkpt lat="39.863898" lon="2.952340">
				<ele>123.000000</ele>
			</trkpt>
			<trkpt lat="39.863863" lon="2.952269">
				<ele>123.000000</ele>
			</trkpt>
			<trkpt lat="39.863602" lon="2.951801">
				<ele>124.000000</ele>
			</trkpt>
			<trkpt lat="39.863554" lon="2.951711">
				<ele>124.000000</ele>
			</trkpt>
			<trkpt lat="39.863519" lon="2.951649">
				<ele>124.000000</ele>
			</trkpt>
			<trkpt lat="39.863381" lon="2.951387">
				<ele>125.000000</ele>
			</trkpt>
			<trkpt lat="39.863008" lon="2.950642">
				<ele>126.000000</ele>
			</trkpt>
			<trkpt lat="39.862988" lon="2.950561">
				<ele>126.000000</ele>
			</trkpt>
			<trkpt lat="39.862892" lon="2.950193">
				<ele>127.000000</ele>
			</trkpt>
			<trkpt lat="39.862622" lon="2.949798">
				<ele>128.000000</ele>
			</trkpt>
			<trkpt lat="39.862409" lon="2.949483">
				<ele>129.000000</ele>
			</trkpt>
			<trkpt lat="39.862092" lon="2.949079">
				<ele>129.000000</ele>
			</trkpt>
			<trkpt lat="39.861788" lon="2.948756">
				<ele>131.000000</ele>
			</trkpt>
			<trkpt lat="39.861540" lon="2.948235">
				<ele>132.000000</ele>
			</trkpt>
			<trkpt lat="39.861388" lon="2.947651">
				<ele>134.000000</ele>
			</trkpt>
			<trkpt lat="39.861237" lon="2.947058">
				<ele>135.000000</ele>
			</trkpt>
			<trkpt lat="39.861154" lon="2.946743">
				<ele>136.000000</ele>
			</trkpt>
			<trkpt lat="39.861085" lon="2.946726">
				<ele>136.000000</ele>
			</trkpt>
			<trkpt lat="39.860423" lon="2.946977">
				<ele>139.000000</ele>
			</trkpt>
			<trkpt lat="39.860375" lon="2.946986">
				<ele>139.000000</ele>
			</trkpt>
			<trkpt lat="39.859871" lon="2.946600">
				<ele>142.000000</ele>
			</trkpt>
			<trkpt lat="39.859113" lon="2.945971">
				<ele>148.000000</ele>
			</trkpt>
			<trkpt lat="39.858264" lon="2.945244">
				<ele>157.000000</ele>
			</trkpt>
			<trkpt lat="39.858037" lon="2.945072">
				<ele>160.000000</ele>
			</trkpt>
			<trkpt lat="39.857913" lon="2.944992">
				<ele>161.000000</ele>
			</trkpt>
			<trkpt lat="39.857775" lon="2.944911">
				<ele>164.000000</ele>
			</trkpt>
			<trkpt lat="39.857644" lon="2.944866">
				<ele>166.000000</ele>
			</trkpt>
			<trkpt lat="39.857444" lon="2.944858">
				<ele>169.000000</ele>
			</trkpt>
			<trkpt lat="39.856975" lon="2.944892">
				<ele>173.000000</ele>
			</trkpt>
			<trkpt lat="39.856651" lon="2.944911">
				<ele>175.000000</ele>
			</trkpt>
			<trkpt lat="39.856430" lon="2.945055">
				<ele>177.000000</ele>
			</trkpt>
			<trkpt lat="39.856416" lon="2.944982">
				<ele>177.000000</ele>
			</trkpt>
			<trkpt lat="39.856554" lon="2.944858">
				<ele>178.000000</ele>
			</trkpt>
			<trkpt lat="39.856582" lon="2.944713">
				<ele>179.000000</ele>
			</trkpt>
			<trkpt lat="39.856575" lon="2.944669">
				<ele>179.000000</ele>
			</trkpt>
			<trkpt lat="39.856554" lon="2.944615">
				<ele>180.000000</ele>
			</trkpt>
			<trkpt lat="39.856506" lon="2.944623">
				<ele>180.000000</ele>
			</trkpt>
			<trkpt lat="39.856416" lon="2.944812">
				<ele>181.000000</ele>
			</trkpt>
			<trkpt lat="39.856368" lon="2.944821">
				<ele>182.000000</ele>
			</trkpt>
			<trkpt lat="39.856334" lon="2.944795">
				<ele>182.000000</ele>
			</trkpt>
			<trkpt lat="39.856265" lon="2.944399">
				<ele>184.000000</ele>
			</trkpt>
			<trkpt lat="39.856223" lon="2.944372">
				<ele>185.000000</ele>
			</trkpt>
			<trkpt lat="39.856065" lon="2.944623">
				<ele>187.000000</ele>
			</trkpt>
			<trkpt lat="39.856037" lon="2.944713">
				<ele>187.000000</ele>
			</trkpt>
			<trkpt lat="39.855968" lon="2.944785">
				<ele>188.000000</ele>
			</trkpt>
			<trkpt lat="39.855927" lon="2.944768">
				<ele>188.000000</ele>
			</trkpt>
			<trkpt lat="39.855941" lon="2.944678">
				<ele>189.000000</ele>
			</trkpt>
			<trkpt lat="39.855927" lon="2.944525">
				<ele>190.000000</ele>
			</trkpt>
			<trkpt lat="39.855885" lon="2.944229">
				<ele>192.000000</ele>
			</trkpt>
			<trkpt lat="39.855837" lon="2.944013">
				<ele>194.000000</ele>
			</trkpt>
			<trkpt lat="39.855809" lon="2.943932">
				<ele>195.000000</ele>
			</trkpt>
			<trkpt lat="39.855754" lon="2.943923">
				<ele>196.000000</ele>
			</trkpt>
			<trkpt lat="39.855685" lon="2.944003">
				<ele>197.000000</ele>
			</trkpt>
			<trkpt lat="39.855368" lon="2.944552">
				<ele>202.000000</ele>
			</trkpt>
			<trkpt lat="39.855251" lon="2.944795">
				<ele>203.000000</ele>
			</trkpt>
			<trkpt lat="39.855223" lon="2.944812">
				<ele>204.000000</ele>
			</trkpt>
			<trkpt lat="39.855189" lon="2.944758">
				<ele>204.000000</ele>
			</trkpt>
			<trkpt lat="39.855258" lon="2.944066">
				<ele>208.000000</ele>
			</trkpt>
			<trkpt lat="39.855244" lon="2.943879">
				<ele>209.000000</ele>
			</trkpt>
			<trkpt lat="39.855154" lon="2.943600">
				<ele>211.000000</ele>
			</trkpt>
			<trkpt lat="39.854982" lon="2.943321">
				<ele>215.000000</ele>
			</trkpt>
			<trkpt lat="39.854665" lon="2.942711">
				<ele>221.000000</ele>
			</trkpt>
			<trkpt lat="39.854582" lon="2.942539">
				<ele>222.000000</ele>
			</trkpt>
			<trkpt lat="39.854037" lon="2.941407">
				<ele>239.000000</ele>
			</trkpt>
			<trkpt lat="39.852865" lon="2.940051">
				<ele>279.000000</ele>
			</trkpt>
			<trkpt lat="39.852624" lon="2.939621">
				<ele>287.000000</ele>
			</trkpt>
			<trkpt lat="39.852465" lon="2.939252">
				<ele>294.000000</ele>
			</trkpt>
			<trkpt lat="39.852327" lon="2.938516">
				<ele>305.000000</ele>
			</trkpt>
			<trkpt lat="39.852410" lon="2.938353">
				<ele>308.000000</ele>
			</trkpt>
			<trkpt lat="39.852155" lon="2.938273">
				<ele>313.000000</ele>
			</trkpt>
			<trkpt lat="39.852051" lon="2.938443">
				<ele>317.000000</ele>
			</trkpt>
			<trkpt lat="39.851879" lon="2.938120">
				<ele>320.000000</ele>
			</trkpt>
			<trkpt lat="39.851893" lon="2.938039">
				<ele>320.000000</ele>
			</trkpt>
			<trkpt lat="39.851962" lon="2.937994">
				<ele>320.000000</ele>
			</trkpt>
			<trkpt lat="39.852072" lon="2.938039">
				<ele>320.000000</ele>
			</trkpt>
			<trkpt lat="39.852058" lon="2.937931">
				<ele>321.000000</ele>
			</trkpt>
			<trkpt lat="39.851969" lon="2.937715">
				<ele>324.000000</ele>
			</trkpt>
			<trkpt lat="39.851914" lon="2.937688">
				<ele>326.000000</ele>
			</trkpt>
			<trkpt lat="39.851865" lon="2.937787">
				<ele>327.000000</ele>
			</trkpt>
			<trkpt lat="39.851824" lon="2.937761">
				<ele>328.000000</ele>
			</trkpt>
			<trkpt lat="39.851851" lon="2.937598">
				<ele>330.000000</ele>
			</trkpt>
			<trkpt lat="39.851893" lon="2.937545">
				<ele>331.000000</ele>
			</trkpt>
			<trkpt lat="39.851851" lon="2.937500">
				<ele>331.000000</ele>
			</trkpt>
			<trkpt lat="39.851789" lon="2.937563">
				<ele>332.000000</ele>
			</trkpt>
			<trkpt lat="39.851761" lon="2.937671">
				<ele>333.000000</ele>
			</trkpt>
			<trkpt lat="39.851734" lon="2.937644">
				<ele>333.000000</ele>
			</trkpt>
			<trkpt lat="39.851810" lon="2.937455">
				<ele>335.000000</ele>
			</trkpt>
			<trkpt lat="39.851789" lon="2.937401">
				<ele>336.000000</ele>
			</trkpt>
			<trkpt lat="39.851665" lon="2.937563">
				<ele>337.000000</ele>
			</trkpt>
			<trkpt lat="39.851645" lon="2.937724">
				<ele>338.000000</ele>
			</trkpt>
			<trkpt lat="39.851561" lon="2.937724">
				<ele>339.000000</ele>
			</trkpt>
			<trkpt lat="39.851534" lon="2.937563">
				<ele>341.000000</ele>
			</trkpt>
			<trkpt lat="39.851555" lon="2.937365">
				<ele>342.000000</ele>
			</trkpt>
			<trkpt lat="39.851520" lon="2.937374">
				<ele>343.000000</ele>
			</trkpt>
			<trkpt lat="39.851403" lon="2.937545">
				<ele>345.000000</ele>
			</trkpt>
			<trkpt lat="39.851382" lon="2.937464">
				<ele>346.000000</ele>
			</trkpt>
			<trkpt lat="39.851548" lon="2.937068">
				<ele>350.000000</ele>
			</trkpt>
			<trkpt lat="39.851520" lon="2.937042">
				<ele>350.000000</ele>
			</trkpt>
			<trkpt lat="39.851472" lon="2.937114">
				<ele>351.000000</ele>
			</trkpt>
			<trkpt lat="39.851431" lon="2.937132">
				<ele>351.000000</ele>
			</trkpt>
			<trkpt lat="39.851410" lon="2.937087">
				<ele>352.000000</ele>
			</trkpt>
			<trkpt lat="39.851431" lon="2.937005">
				<ele>352.000000</ele>
			</trkpt>
			<trkpt lat="39.851631" lon="2.936871">
				<ele>354.000000</ele>
			</trkpt>
			<trkpt lat="39.851603" lon="2.936845">
				<ele>355.000000</ele>
			</trkpt>
			<trkpt lat="39.851472" lon="2.936818">
				<ele>356.000000</ele>
			</trkpt>
			<trkpt lat="39.851596" lon="2.936646">
				<ele>357.000000</ele>
			</trkpt>
			<trkpt lat="39.851568" lon="2.936629">
				<ele>358.000000</ele>
			</trkpt>
			<trkpt lat="39.851437" lon="2.936682">
				<ele>359.000000</ele>
			</trkpt>
			<trkpt lat="39.851396" lon="2.936673">
				<ele>359.000000</ele>
			</trkpt>
			<trkpt lat="39.851479" lon="2.936440">
				<ele>362.000000</ele>
			</trkpt>
			<trkpt lat="39.851458" lon="2.936153">
				<ele>366.000000</ele>
			</trkpt>
			<trkpt lat="39.851307" lon="2.935703">
				<ele>372.000000</ele>
			</trkpt>
			<trkpt lat="39.851189" lon="2.935353">
				<ele>380.000000</ele>
			</trkpt>
			<trkpt lat="39.851051" lon="2.935137">
				<ele>384.000000</ele>
			</trkpt>
			<trkpt lat="39.851114" lon="2.934994">
				<ele>386.000000</ele>
			</trkpt>
			<trkpt lat="39.851024" lon="2.934778">
				<ele>389.000000</ele>
			</trkpt>
			<trkpt lat="39.850900" lon="2.934598">
				<ele>390.000000</ele>
			</trkpt>
			<trkpt lat="39.851079" lon="2.934562">
				<ele>390.000000</ele>
			</trkpt>
			<trkpt lat="39.851024" lon="2.934428">
				<ele>391.000000</ele>
			</trkpt>
			<trkpt lat="39.851093" lon="2.934266">
				<ele>393.000000</ele>
			</trkpt>
			<trkpt lat="39.851030" lon="2.933925">
				<ele>396.000000</ele>
			</trkpt>
			<trkpt lat="39.851203" lon="2.933359">
				<ele>402.000000</ele>
			</trkpt>
			<trkpt lat="39.851244" lon="2.933044">
				<ele>406.000000</ele>
			</trkpt>
			<trkpt lat="39.851293" lon="2.932793">
				<ele>408.000000</ele>
			</trkpt>
			<trkpt lat="39.851437" lon="2.932271">
				<ele>412.000000</ele>
			</trkpt>
			<trkpt lat="39.851417" lon="2.932182">
				<ele>413.000000</ele>
			</trkpt>
			<trkpt lat="39.851458" lon="2.931778">
				<ele>415.000000</ele>
			</trkpt>
			<trkpt lat="39.851534" lon="2.931131">
				<ele>419.000000</ele>
			</trkpt>
			<trkpt lat="39.851452" lon="2.930736">
				<ele>422.000000</ele>
			</trkpt>
			<trkpt lat="39.851389" lon="2.930376">
				<ele>426.000000</ele>
			</trkpt>
			<trkpt lat="39.851293" lon="2.930179">
				<ele>428.000000</ele>
			</trkpt>
			<trkpt lat="39.851182" lon="2.930044">
				<ele>431.000000</ele>
			</trkpt>
			<trkpt lat="39.851003" lon="2.929675">
				<ele>438.000000</ele>
			</trkpt>
			<trkpt lat="39.850824" lon="2.929514">
				<ele>442.000000</ele>
			</trkpt>
			<trkpt lat="39.850713" lon="2.929172">
				<ele>447.000000</ele>
			</trkpt>
			<trkpt lat="39.850672" lon="2.928992">
				<ele>449.000000</ele>
			</trkpt>
			<trkpt lat="39.850596" lon="2.928948">
				<ele>450.000000</ele>
			</trkpt>
			<trkpt lat="39.850527" lon="2.928742">
				<ele>450.000000</ele>
			</trkpt>
			<trkpt lat="39.850582" lon="2.928598">
				<ele>450.000000</ele>
			</trkpt>
			<trkpt lat="39.850610" lon="2.928472">
				<ele>450.000000</ele>
			</trkpt>
			<trkpt lat="39.850955" lon="2.928193">
				<ele>450.000000</ele>
			</trkpt>
			<trkpt lat="39.851065" lon="2.927969">
				<ele>450.000000</ele>
			</trkpt>
			<trkpt lat="39.851141" lon="2.927889">
				<ele>450.000000</ele>
			</trkpt>
			<trkpt lat="39.851320" lon="2.927627">
				<ele>451.000000</ele>
			</trkpt>
			<trkpt lat="39.851452" lon="2.927564">
				<ele>453.000000</ele>
			</trkpt>
			<trkpt lat="39.851327" lon="2.927466">
				<ele>455.000000</ele>
			</trkpt>
			<trkpt lat="39.851334" lon="2.927403">
				<ele>456.000000</ele>
			</trkpt>
			<trkpt lat="39.851437" lon="2.927350">
				<ele>457.000000</ele>
			</trkpt>
			<trkpt lat="39.851479" lon="2.927295">
				<ele>458.000000</ele>
			</trkpt>
			<trkpt lat="39.851444" lon="2.927223">
				<ele>459.000000</ele>
			</trkpt>
			<trkpt lat="39.851334" lon="2.927197">
				<ele>461.000000</ele>
			</trkpt>
			<trkpt lat="39.851334" lon="2.927143">
				<ele>461.000000</ele>
			</trkpt>
			<trkpt lat="39.851775" lon="2.926281">
				<ele>471.000000</ele>
			</trkpt>
			<trkpt lat="39.851803" lon="2.926155">
				<ele>471.000000</ele>
			</trkpt>
			<trkpt lat="39.851803" lon="2.926011">
				<ele>472.000000</ele>
			</trkpt>
			<trkpt lat="39.851713" lon="2.926029">
				<ele>473.000000</ele>
			</trkpt>
			<trkpt lat="39.851665" lon="2.926002">
				<ele>474.000000</ele>
			</trkpt>
			<trkpt lat="39.851672" lon="2.925893">
				<ele>474.000000</ele>
			</trkpt>
			<trkpt lat="39.851713" lon="2.925822">
				<ele>475.000000</ele>
			</trkpt>
			<trkpt lat="39.851769" lon="2.925732">
				<ele>476.000000</ele>
			</trkpt>
			<trkpt lat="39.851706" lon="2.925265">
				<ele>479.000000</ele>
			</trkpt>
			<trkpt lat="39.851582" lon="2.925040">
				<ele>481.000000</ele>
			</trkpt>
			<trkpt lat="39.851279" lon="2.924851">
				<ele>490.000000</ele>
			</trkpt>
			<trkpt lat="39.851203" lon="2.924789">
				<ele>491.000000</ele>
			</trkpt>
			<trkpt lat="39.851120" lon="2.924636">
				<ele>493.000000</ele>
			</trkpt>
			<trkpt lat="39.850975" lon="2.924241">
				<ele>497.000000</ele>
			</trkpt>
			<trkpt lat="39.850886" lon="2.924115">
				<ele>498.000000</ele>
			</trkpt>
			<trkpt lat="39.850575" lon="2.923962">
				<ele>501.000000</ele>
			</trkpt>
			<trkpt lat="39.850534" lon="2.923899">
				<ele>502.000000</ele>
			</trkpt>
			<trkpt lat="39.850410" lon="2.923478">
				<ele>504.000000</ele>
			</trkpt>
			<trkpt lat="39.850396" lon="2.923315">
				<ele>505.000000</ele>
			</trkpt>
			<trkpt lat="39.850444" lon="2.923055">
				<ele>507.000000</ele>
			</trkpt>
			<trkpt lat="39.850410" lon="2.922813">
				<ele>508.000000</ele>
			</trkpt>
			<trkpt lat="39.850293" lon="2.922633">
				<ele>509.000000</ele>
			</trkpt>
			<trkpt lat="39.850189" lon="2.922570">
				<ele>510.000000</ele>
			</trkpt>
			<trkpt lat="39.850106" lon="2.922543">
				<ele>511.000000</ele>
			</trkpt>
			<trkpt lat="39.850024" lon="2.922499">
				<ele>513.000000</ele>
			</trkpt>
			<trkpt lat="39.850003" lon="2.922489">
				<ele>513.000000</ele>
			</trkpt>
			<trkpt lat="39.849947" lon="2.922417">
				<ele>514.000000</ele>
			</trkpt>
			<trkpt lat="39.849947" lon="2.922310">
				<ele>515.000000</ele>
			</trkpt>
			<trkpt lat="39.850024" lon="2.922237">
				<ele>517.000000</ele>
			</trkpt>
			<trkpt lat="39.849968" lon="2.922157">
				<ele>518.000000</ele>
			</trkpt>
			<trkpt lat="39.850044" lon="2.922076">
				<ele>519.000000</ele>
			</trkpt>
			<trkpt lat="39.849982" lon="2.922023">
				<ele>520.000000</ele>
			</trkpt>
			<trkpt lat="39.849934" lon="2.921887">
				<ele>520.000000</ele>
			</trkpt>
			<trkpt lat="39.850058" lon="2.921797">
				<ele>520.000000</ele>
			</trkpt>
			<trkpt lat="39.850285" lon="2.921707">
				<ele>520.000000</ele>
			</trkpt>
			<trkpt lat="39.850348" lon="2.921465">
				<ele>522.000000</ele>
			</trkpt>
			<trkpt lat="39.850272" lon="2.921312">
				<ele>525.000000</ele>
			</trkpt>
			<trkpt lat="39.850410" lon="2.921205">
				<ele>528.000000</ele>
			</trkpt>
			<trkpt lat="39.850451" lon="2.921015">
				<ele>530.000000</ele>
			</trkpt>
			<trkpt lat="39.850548" lon="2.920576">
				<ele>534.000000</ele>
			</trkpt>
			<trkpt lat="39.850479" lon="2.920352">
				<ele>536.000000</ele>
			</trkpt>
			<trkpt lat="39.850444" lon="2.920000">
				<ele>539.000000</ele>
			</trkpt>
			<trkpt lat="39.850424" lon="2.919929">
				<ele>539.000000</ele>
			</trkpt>
			<trkpt lat="39.850424" lon="2.919849">
				<ele>540.000000</ele>
			</trkpt>
			<trkpt lat="39.850382" lon="2.919776">
				<ele>542.000000</ele>
			</trkpt>
			<trkpt lat="39.850293" lon="2.919813">
				<ele>544.000000</ele>
			</trkpt>
			<trkpt lat="39.850300" lon="2.919731">
				<ele>545.000000</ele>
			</trkpt>
			<trkpt lat="39.850285" lon="2.919713">
				<ele>546.000000</ele>
			</trkpt>
			<trkpt lat="39.850285" lon="2.919677">
				<ele>546.000000</ele>
			</trkpt>
			<trkpt lat="39.850272" lon="2.919623">
				<ele>547.000000</ele>
			</trkpt>
			<trkpt lat="39.850251" lon="2.919570">
				<ele>548.000000</ele>
			</trkpt>
			<trkpt lat="39.850169" lon="2.919434">
				<ele>550.000000</ele>
			</trkpt>
			<trkpt lat="39.850100" lon="2.919103">
				<ele>553.000000</ele>
			</trkpt>
			<trkpt lat="39.850161" lon="2.918950">
				<ele>554.000000</ele>
			</trkpt>
			<trkpt lat="39.850251" lon="2.918797">
				<ele>555.000000</ele>
			</trkpt>
			<trkpt lat="39.850217" lon="2.918581">
				<ele>556.000000</ele>
			</trkpt>
			<trkpt lat="39.850245" lon="2.918482">
				<ele>557.000000</ele>
			</trkpt>
			<trkpt lat="39.850424" lon="2.918241">
				<ele>559.000000</ele>
			</trkpt>
			<trkpt lat="39.850389" lon="2.918141">
				<ele>560.000000</ele>
			</trkpt>
			<trkpt lat="39.850113" lon="2.918105">
				<ele>562.000000</ele>
			</trkpt>
			<trkpt lat="39.849962" lon="2.918213">
				<ele>564.000000</ele>
			</trkpt>
			<trkpt lat="39.849748" lon="2.917889">
				<ele>568.000000</ele>
			</trkpt>
			<trkpt lat="39.849582" lon="2.917782">
				<ele>570.000000</ele>
			</trkpt>
			<trkpt lat="39.849424" lon="2.917629">
				<ele>571.000000</ele>
			</trkpt>
			<trkpt lat="39.849313" lon="2.917405">
				<ele>573.000000</ele>
			</trkpt>
			<trkpt lat="39.849279" lon="2.917234">
				<ele>574.000000</ele>
			</trkpt>
			<trkpt lat="39.849127" lon="2.917010">
				<ele>576.000000</ele>
			</trkpt>
			<trkpt lat="39.848962" lon="2.916839">
				<ele>578.000000</ele>
			</trkpt>
			<trkpt lat="39.848769" lon="2.916694">
				<ele>580.000000</ele>
			</trkpt>
			<trkpt lat="39.848410" lon="2.916605">
				<ele>582.000000</ele>
			</trkpt>
			<trkpt lat="39.848320" lon="2.916543">
				<ele>582.000000</ele>
			</trkpt>
			<trkpt lat="39.848286" lon="2.916461">
				<ele>583.000000</ele>
			</trkpt>
			<trkpt lat="39.848293" lon="2.916255">
				<ele>583.000000</ele>
			</trkpt>
			<trkpt lat="39.848341" lon="2.916102">
				<ele>584.000000</ele>
			</trkpt>
			<trkpt lat="39.848458" lon="2.915977">
				<ele>585.000000</ele>
			</trkpt>
			<trkpt lat="39.848479" lon="2.915887">
				<ele>585.000000</ele>
			</trkpt>
			<trkpt lat="39.848251" lon="2.915608">
				<ele>587.000000</ele>
			</trkpt>
			<trkpt lat="39.848086" lon="2.915375">
				<ele>588.000000</ele>
			</trkpt>
			<trkpt lat="39.847851" lon="2.914997">
				<ele>590.000000</ele>
			</trkpt>
			<trkpt lat="39.847831" lon="2.914970">
				<ele>590.000000</ele>
			</trkpt>
			<trkpt lat="39.847761" lon="2.914889">
				<ele>591.000000</ele>
			</trkpt>
			<trkpt lat="39.847403" lon="2.914467">
				<ele>594.000000</ele>
			</trkpt>
			<trkpt lat="39.847044" lon="2.914117">
				<ele>596.000000</ele>
			</trkpt>
			<trkpt lat="39.846727" lon="2.914027">
				<ele>598.000000</ele>
			</trkpt>
			<trkpt lat="39.846561" lon="2.914090">
				<ele>600.000000</ele>
			</trkpt>
			<trkpt lat="39.846403" lon="2.914234">
				<ele>600.000000</ele>
			</trkpt>
			<trkpt lat="39.846334" lon="2.914216">
				<ele>600.000000</ele>
			</trkpt>
			<trkpt lat="39.846203" lon="2.914010">
				<ele>600.000000</ele>
			</trkpt>
			<trkpt lat="39.846051" lon="2.913838">
				<ele>600.000000</ele>
			</trkpt>
			<trkpt lat="39.845975" lon="2.913668">
				<ele>600.000000</ele>
			</trkpt>
			<trkpt lat="39.845748" lon="2.913237">
				<ele>600.000000</ele>
			</trkpt>
			<trkpt lat="39.845451" lon="2.912841">
				<ele>600.000000</ele>
			</trkpt>
			<trkpt lat="39.845272" lon="2.912455">
				<ele>600.000000</ele>
			</trkpt>
			<trkpt lat="39.844885" lon="2.911934">
				<ele>600.000000</ele>
			</trkpt>
			<trkpt lat="39.844734" lon="2.911773">
				<ele>600.000000</ele>
			</trkpt>
			<trkpt lat="39.844602" lon="2.911683">
				<ele>600.000000</ele>
			</trkpt>
			<trkpt lat="39.844279" lon="2.911547">
				<ele>600.000000</ele>
			</trkpt>
			<trkpt lat="39.844147" lon="2.911431">
				<ele>600.000000</ele>
			</trkpt>
			<trkpt lat="39.844010" lon="2.911260">
				<ele>600.000000</ele>
			</trkpt>
			<trkpt lat="39.843954" lon="2.911090">
				<ele>600.000000</ele>
			</trkpt>
			<trkpt lat="39.843775" lon="2.910891">
				<ele>600.000000</ele>
			</trkpt>
			<trkpt lat="39.843637" lon="2.910694">
				<ele>600.000000</ele>
			</trkpt>
			<trkpt lat="39.843458" lon="2.910497">
				<ele>600.000000</ele>
			</trkpt>
			<trkpt lat="39.843271" lon="2.910191">
				<ele>600.000000</ele>
			</trkpt>
			<trkpt lat="39.842837" lon="2.909939">
				<ele>600.000000</ele>
			</trkpt>
			<trkpt lat="39.842341" lon="2.909868">
				<ele>600.000000</ele>
			</trkpt>
			<trkpt lat="39.842154" lon="2.909849">
				<ele>599.000000</ele>
			</trkpt>
			<trkpt lat="39.841961" lon="2.909832">
				<ele>598.000000</ele>
			</trkpt>
			<trkpt lat="39.841775" lon="2.909849">
				<ele>597.000000</ele>
			</trkpt>
			<trkpt lat="39.841699" lon="2.909876">
				<ele>597.000000</ele>
			</trkpt>
			<trkpt lat="39.841630" lon="2.909895">
				<ele>597.000000</ele>
			</trkpt>
			<trkpt lat="39.841527" lon="2.909895">
				<ele>596.000000</ele>
			</trkpt>
			<trkpt lat="39.841382" lon="2.909868">
				<ele>595.000000</ele>
			</trkpt>
			<trkpt lat="39.841036" lon="2.909625">
				<ele>593.000000</ele>
			</trkpt>
			<trkpt lat="39.840988" lon="2.909589">
				<ele>593.000000</ele>
			</trkpt>
			<trkpt lat="39.840381" lon="2.909257">
				<ele>590.000000</ele>
			</trkpt>
			<trkpt lat="39.839588" lon="2.908834">
				<ele>594.000000</ele>
			</trkpt>
			<trkpt lat="39.839540" lon="2.908799">
				<ele>594.000000</ele>
			</trkpt>
			<trkpt lat="39.839492" lon="2.908790">
				<ele>595.000000</ele>
			</trkpt>
			<trkpt lat="39.839409" lon="2.908799">
				<ele>595.000000</ele>
			</trkpt>
			<trkpt lat="39.839085" lon="2.909050">
				<ele>599.000000</ele>
			</trkpt>
			<trkpt lat="39.838816" lon="2.909220">
				<ele>601.000000</ele>
			</trkpt>
			<trkpt lat="39.838747" lon="2.909239">
				<ele>602.000000</ele>
			</trkpt>
			<trkpt lat="39.838733" lon="2.909266">
				<ele>602.000000</ele>
			</trkpt>
			<trkpt lat="39.838726" lon="2.909347">
				<ele>603.000000</ele>
			</trkpt>
			<trkpt lat="39.838726" lon="2.909383">
				<ele>603.000000</ele>
			</trkpt>
			<trkpt lat="39.838719" lon="2.909455">
				<ele>604.000000</ele>
			</trkpt>
			<trkpt lat="39.838685" lon="2.909589">
				<ele>605.000000</ele>
			</trkpt>
			<trkpt lat="39.838588" lon="2.909689">
				<ele>606.000000</ele>
			</trkpt>
			<trkpt lat="39.838402" lon="2.909985">
				<ele>609.000000</ele>
			</trkpt>
			<trkpt lat="39.838215" lon="2.910344">
				<ele>612.000000</ele>
			</trkpt>
			<trkpt lat="39.838030" lon="2.910739">
				<ele>617.000000</ele>
			</trkpt>
			<trkpt lat="39.837898" lon="2.910901">
				<ele>620.000000</ele>
			</trkpt>
			<trkpt lat="39.837753" lon="2.910973">
				<ele>621.000000</ele>
			</trkpt>
			<trkpt lat="39.837636" lon="2.911018">
				<ele>623.000000</ele>
			</trkpt>
			<trkpt lat="39.837271" lon="2.911117">
				<ele>627.000000</ele>
			</trkpt>
			<trkpt lat="39.837188" lon="2.911153">
				<ele>628.000000</ele>
			</trkpt>
			<trkpt lat="39.837119" lon="2.911153">
				<ele>628.000000</ele>
			</trkpt>
			<trkpt lat="39.837057" lon="2.911153">
				<ele>629.000000</ele>
			</trkpt>
			<trkpt lat="39.837015" lon="2.911144">
				<ele>629.000000</ele>
			</trkpt>
			<trkpt lat="39.836967" lon="2.911125">
				<ele>630.000000</ele>
			</trkpt>
			<trkpt lat="39.836919" lon="2.911107">
				<ele>630.000000</ele>
			</trkpt>
			<trkpt lat="39.836891" lon="2.911098">
				<ele>631.000000</ele>
			</trkpt>
			<trkpt lat="39.836864" lon="2.911090">
				<ele>631.000000</ele>
			</trkpt>
			<trkpt lat="39.836843" lon="2.911098">
				<ele>631.000000</ele>
			</trkpt>
			<trkpt lat="39.836822" lon="2.911107">
				<ele>631.000000</ele>
			</trkpt>
			<trkpt lat="39.836801" lon="2.911117">
				<ele>631.000000</ele>
			</trkpt>
			<trkpt lat="39.836788" lon="2.911134">
				<ele>631.000000</ele>
			</trkpt>
			<trkpt lat="39.836774" lon="2.911153">
				<ele>632.000000</ele>
			</trkpt>
			<trkpt lat="39.836774" lon="2.911170">
				<ele>632.000000</ele>
			</trkpt>
			<trkpt lat="39.836774" lon="2.911197">
				<ele>632.000000</ele>
			</trkpt>
			<trkpt lat="39.836781" lon="2.911224">
				<ele>632.000000</ele>
			</trkpt>
			<trkpt lat="39.836795" lon="2.911243">
				<ele>632.000000</ele>
			</trkpt>
			<trkpt lat="39.836809" lon="2.911260">
				<ele>632.000000</ele>
			</trkpt>
			<trkpt lat="39.836829" lon="2.911287">
				<ele>632.000000</ele>
			</trkpt>
			<trkpt lat="39.836857" lon="2.911305">
				<ele>633.000000</ele>
			</trkpt>
			<trkpt lat="39.836884" lon="2.911323">
				<ele>633.000000</ele>
			</trkpt>
			<trkpt lat="39.836954" lon="2.911350">
				<ele>633.000000</ele>
			</trkpt>
			<trkpt lat="39.837015" lon="2.911377">
				<ele>634.000000</ele>
			</trkpt>
			<trkpt lat="39.837119" lon="2.911413">
				<ele>635.000000</ele>
			</trkpt>
			<trkpt lat="39.837395" lon="2.911467">
				<ele>637.000000</ele>
			</trkpt>
			<trkpt lat="39.837595" lon="2.911539">
				<ele>638.000000</ele>
			</trkpt>
			<trkpt lat="39.837629" lon="2.911583">
				<ele>639.000000</ele>
			</trkpt>
			<trkpt lat="39.837643" lon="2.911656">
				<ele>639.000000</ele>
			</trkpt>
			<trkpt lat="39.837623" lon="2.911700">
				<ele>639.000000</ele>
			</trkpt>
			<trkpt lat="39.837554" lon="2.911719">
				<ele>640.000000</ele>
			</trkpt>
			<trkpt lat="39.837346" lon="2.911736">
				<ele>642.000000</ele>
			</trkpt>
			<trkpt lat="39.837063" lon="2.911809">
				<ele>644.000000</ele>
			</trkpt>
			<trkpt lat="39.836912" lon="2.911853">
				<ele>646.000000</ele>
			</trkpt>
			<trkpt lat="39.836318" lon="2.911952">
				<ele>651.000000</ele>
			</trkpt>
			<trkpt lat="39.835843" lon="2.912060">
				<ele>655.000000</ele>
			</trkpt>
			<trkpt lat="39.835663" lon="2.912086">
				<ele>657.000000</ele>
			</trkpt>
			<trkpt lat="39.835498" lon="2.912096">
				<ele>658.000000</ele>
			</trkpt>
			<trkpt lat="39.835215" lon="2.912123">
				<ele>660.000000</ele>
			</trkpt>
			<trkpt lat="39.834994" lon="2.912113">
				<ele>661.000000</ele>
			</trkpt>
			<trkpt lat="39.834691" lon="2.912060">
				<ele>662.000000</ele>
			</trkpt>
			<trkpt lat="39.834498" lon="2.912033">
				<ele>663.000000</ele>
			</trkpt>
			<trkpt lat="39.834228" lon="2.912096">
				<ele>663.000000</ele>
			</trkpt>
			<trkpt lat="39.834077" lon="2.912132">
				<ele>664.000000</ele>
			</trkpt>
			<trkpt lat="39.833994" lon="2.912195">
				<ele>664.000000</ele>
			</trkpt>
			<trkpt lat="39.833939" lon="2.912203">
				<ele>664.000000</ele>
			</trkpt>
			<trkpt lat="39.833905" lon="2.912212">
				<ele>664.000000</ele>
			</trkpt>
			<trkpt lat="39.833850" lon="2.912212">
				<ele>665.000000</ele>
			</trkpt>
			<trkpt lat="39.833532" lon="2.912042">
				<ele>666.000000</ele>
			</trkpt>
			<trkpt lat="39.833449" lon="2.911960">
				<ele>666.000000</ele>
			</trkpt>
			<trkpt lat="39.833160" lon="2.911601">
				<ele>667.000000</ele>
			</trkpt>
			<trkpt lat="39.833063" lon="2.911449">
				<ele>668.000000</ele>
			</trkpt>
			<trkpt lat="39.832925" lon="2.911170">
				<ele>668.000000</ele>
			</trkpt>
			<trkpt lat="39.832863" lon="2.911107">
				<ele>669.000000</ele>
			</trkpt>
			<trkpt lat="39.832787" lon="2.911054">
				<ele>669.000000</ele>
			</trkpt>
			<trkpt lat="39.832318" lon="2.910838">
				<ele>670.000000</ele>
			</trkpt>
			<trkpt lat="39.832194" lon="2.910838">
				<ele>670.000000</ele>
			</trkpt>
			<trkpt lat="39.831876" lon="2.910991">
				<ele>667.000000</ele>
			</trkpt>
			<trkpt lat="39.831725" lon="2.911027">
				<ele>665.000000</ele>
			</trkpt>
			<trkpt lat="39.831594" lon="2.911090">
				<ele>663.000000</ele>
			</trkpt>
			<trkpt lat="39.831303" lon="2.911278">
				<ele>659.000000</ele>
			</trkpt>
			<trkpt lat="39.831166" lon="2.911333">
				<ele>658.000000</ele>
			</trkpt>
			<trkpt lat="39.830973" lon="2.911377">
				<ele>657.000000</ele>
			</trkpt>
			<trkpt lat="39.830558" lon="2.911323">
				<ele>653.000000</ele>
			</trkpt>
			<trkpt lat="39.829758" lon="2.911170">
				<ele>650.000000</ele>
			</trkpt>
			<trkpt lat="39.829317" lon="2.911018">
				<ele>651.000000</ele>
			</trkpt>
			<trkpt lat="39.828979" lon="2.910937">
				<ele>652.000000</ele>
			</trkpt>
			<trkpt lat="39.828772" lon="2.910855">
				<ele>653.000000</ele>
			</trkpt>
			<trkpt lat="39.828676" lon="2.910784">
				<ele>653.000000</ele>
			</trkpt>
			<trkpt lat="39.828620" lon="2.910712">
				<ele>653.000000</ele>
			</trkpt>
			<trkpt lat="39.828338" lon="2.910138">
				<ele>654.000000</ele>
			</trkpt>
			<trkpt lat="39.828165" lon="2.909922">
				<ele>655.000000</ele>
			</trkpt>
			<trkpt lat="39.828041" lon="2.909706">
				<ele>656.000000</ele>
			</trkpt>
			<trkpt lat="39.827820" lon="2.909419">
				<ele>656.000000</ele>
			</trkpt>
			<trkpt lat="39.827778" lon="2.909310">
				<ele>657.000000</ele>
			</trkpt>
			<trkpt lat="39.827723" lon="2.909077">
				<ele>657.000000</ele>
			</trkpt>
			<trkpt lat="39.827682" lon="2.909006">
				<ele>657.000000</ele>
			</trkpt>
			<trkpt lat="39.827593" lon="2.908916">
				<ele>658.000000</ele>
			</trkpt>
			<trkpt lat="39.827302" lon="2.908744">
				<ele>658.000000</ele>
			</trkpt>
			<trkpt lat="39.827020" lon="2.908404">
				<ele>659.000000</ele>
			</trkpt>
			<trkpt lat="39.826758" lon="2.908188">
				<ele>661.000000</ele>
			</trkpt>
			<trkpt lat="39.826599" lon="2.908152">
				<ele>662.000000</ele>
			</trkpt>
			<trkpt lat="39.826454" lon="2.908081">
				<ele>664.000000</ele>
			</trkpt>
			<trkpt lat="39.826247" lon="2.907928">
				<ele>666.000000</ele>
			</trkpt>
			<trkpt lat="39.826164" lon="2.907937">
				<ele>667.000000</ele>
			</trkpt>
			<trkpt lat="39.826109" lon="2.907972">
				<ele>667.000000</ele>
			</trkpt>
			<trkpt lat="39.826054" lon="2.908081">
				<ele>668.000000</ele>
			</trkpt>
			<trkpt lat="39.826005" lon="2.908134">
				<ele>669.000000</ele>
			</trkpt>
			<trkpt lat="39.825875" lon="2.908089">
				<ele>670.000000</ele>
			</trkpt>
			<trkpt lat="39.825709" lon="2.907991">
				<ele>674.000000</ele>
			</trkpt>
			<trkpt lat="39.825626" lon="2.907909">
				<ele>677.000000</ele>
			</trkpt>
			<trkpt lat="39.825550" lon="2.907909">
				<ele>679.000000</ele>
			</trkpt>
			<trkpt lat="39.825502" lon="2.907828">
				<ele>681.000000</ele>
			</trkpt>
			<trkpt lat="39.825191" lon="2.907667">
				<ele>690.000000</ele>
			</trkpt>
			<trkpt lat="39.824950" lon="2.907541">
				<ele>690.000000</ele>
			</trkpt>
			<trkpt lat="39.824908" lon="2.907496">
				<ele>690.000000</ele>
			</trkpt>
			<trkpt lat="39.824860" lon="2.907379">
				<ele>690.000000</ele>
			</trkpt>
			<trkpt lat="39.824826" lon="2.907102">
				<ele>690.000000</ele>
			</trkpt>
			<trkpt lat="39.824778" lon="2.906849">
				<ele>690.000000</ele>
			</trkpt>
			<trkpt lat="39.824709" lon="2.906633">
				<ele>690.000000</ele>
			</trkpt>
			<trkpt lat="39.824619" lon="2.906481">
				<ele>690.000000</ele>
			</trkpt>
			<trkpt lat="39.824205" lon="2.905439">
				<ele>690.000000</ele>
			</trkpt>
			<trkpt lat="39.824067" lon="2.905169">
				<ele>690.000000</ele>
			</trkpt>
			<trkpt lat="39.824046" lon="2.905142">
				<ele>690.000000</ele>
			</trkpt>
			<trkpt lat="39.824012" lon="2.905098">
				<ele>690.000000</ele>
			</trkpt>
			<trkpt lat="39.823853" lon="2.904954">
				<ele>690.000000</ele>
			</trkpt>
			<trkpt lat="39.823736" lon="2.904675">
				<ele>690.000000</ele>
			</trkpt>
			<trkpt lat="39.823473" lon="2.904280">
				<ele>690.000000</ele>
			</trkpt>
			<trkpt lat="39.823384" lon="2.904163">
				<ele>690.000000</ele>
			</trkpt>
			<trkpt lat="39.823246" lon="2.904136">
				<ele>690.000000</ele>
			</trkpt>
			<trkpt lat="39.822825" lon="2.904217">
				<ele>690.000000</ele>
			</trkpt>
			<trkpt lat="39.822611" lon="2.904289">
				<ele>690.000000</ele>
			</trkpt>
			<trkpt lat="39.822466" lon="2.904307">
				<ele>690.000000</ele>
			</trkpt>
			<trkpt lat="39.822363" lon="2.904352">
				<ele>690.000000</ele>
			</trkpt>
			<trkpt lat="39.822211" lon="2.904406">
				<ele>690.000000</ele>
			</trkpt>
			<trkpt lat="39.822128" lon="2.904406">
				<ele>690.000000</ele>
			</trkpt>
			<trkpt lat="39.822059" lon="2.904362">
				<ele>690.000000</ele>
			</trkpt>
			<trkpt lat="39.821983" lon="2.904245">
				<ele>690.000000</ele>
			</trkpt>
			<trkpt lat="39.821887" lon="2.904173">
				<ele>690.000000</ele>
			</trkpt>
			<trkpt lat="39.821790" lon="2.904037">
				<ele>690.000000</ele>
			</trkpt>
			<trkpt lat="39.821459" lon="2.903876">
				<ele>690.000000</ele>
			</trkpt>
			<trkpt lat="39.821397" lon="2.903786">
				<ele>690.000000</ele>
			</trkpt>
			<trkpt lat="39.821390" lon="2.903651">
				<ele>690.000000</ele>
			</trkpt>
			<trkpt lat="39.821383" lon="2.903553">
				<ele>689.000000</ele>
			</trkpt>
			<trkpt lat="39.821348" lon="2.903463">
				<ele>689.000000</ele>
			</trkpt>
			<trkpt lat="39.821314" lon="2.903463">
				<ele>688.000000</ele>
			</trkpt>
			<trkpt lat="39.821279" lon="2.903517">
				<ele>688.000000</ele>
			</trkpt>
			<trkpt lat="39.821224" lon="2.903553">
				<ele>687.000000</ele>
			</trkpt>
			<trkpt lat="39.821128" lon="2.903723">
				<ele>686.000000</ele>
			</trkpt>
			<trkpt lat="39.820935" lon="2.903947">
				<ele>684.000000</ele>
			</trkpt>
			<trkpt lat="39.820762" lon="2.904029">
				<ele>682.000000</ele>
			</trkpt>
			<trkpt lat="39.820272" lon="2.904037">
				<ele>674.000000</ele>
			</trkpt>
			<trkpt lat="39.820003" lon="2.903993">
				<ele>667.000000</ele>
			</trkpt>
			<trkpt lat="39.819858" lon="2.903867">
				<ele>661.000000</ele>
			</trkpt>
			<trkpt lat="39.819762" lon="2.903831">
				<ele>659.000000</ele>
			</trkpt>
			<trkpt lat="39.819527" lon="2.903831">
				<ele>657.000000</ele>
			</trkpt>
			<trkpt lat="39.819437" lon="2.903823">
				<ele>656.000000</ele>
			</trkpt>
			<trkpt lat="39.819382" lon="2.903912">
				<ele>655.000000</ele>
			</trkpt>
			<trkpt lat="39.819258" lon="2.904020">
				<ele>654.000000</ele>
			</trkpt>
			<trkpt lat="39.819113" lon="2.904020">
				<ele>652.000000</ele>
			</trkpt>
			<trkpt lat="39.818927" lon="2.903894">
				<ele>650.000000</ele>
			</trkpt>
			<trkpt lat="39.818527" lon="2.903679">
				<ele>643.000000</ele>
			</trkpt>
			<trkpt lat="39.818326" lon="2.903499">
				<ele>639.000000</ele>
			</trkpt>
			<trkpt lat="39.818464" lon="2.903481">
				<ele>637.000000</ele>
			</trkpt>
			<trkpt lat="39.818837" lon="2.903328">
				<ele>630.000000</ele>
			</trkpt>
			<trkpt lat="39.818989" lon="2.903167">
				<ele>626.000000</ele>
			</trkpt>
			<trkpt lat="39.819058" lon="2.902924">
				<ele>621.000000</ele>
			</trkpt>
			<trkpt lat="39.819085" lon="2.902708">
				<ele>618.000000</ele>
			</trkpt>
			<trkpt lat="39.819134" lon="2.902574">
				<ele>615.000000</ele>
			</trkpt>
			<trkpt lat="39.819161" lon="2.902358">
				<ele>611.000000</ele>
			</trkpt>
			<trkpt lat="39.819154" lon="2.902286">
				<ele>610.000000</ele>
			</trkpt>
			<trkpt lat="39.819134" lon="2.902268">
				<ele>610.000000</ele>
			</trkpt>
			<trkpt lat="39.819003" lon="2.902304">
				<ele>610.000000</ele>
			</trkpt>
			<trkpt lat="39.818858" lon="2.902484">
				<ele>610.000000</ele>
			</trkpt>
			<trkpt lat="39.818761" lon="2.902618">
				<ele>610.000000</ele>
			</trkpt>
			<trkpt lat="39.818582" lon="2.902699">
				<ele>610.000000</ele>
			</trkpt>
			<trkpt lat="39.818430" lon="2.902691">
				<ele>610.000000</ele>
			</trkpt>
			<trkpt lat="39.818237" lon="2.902574">
				<ele>610.000000</ele>
			</trkpt>
			<trkpt lat="39.818009" lon="2.902402">
				<ele>608.000000</ele>
			</trkpt>
			<trkpt lat="39.817843" lon="2.902241">
				<ele>605.000000</ele>
			</trkpt>
			<trkpt lat="39.817692" lon="2.902052">
				<ele>602.000000</ele>
			</trkpt>
			<trkpt lat="39.817623" lon="2.902043">
				<ele>601.000000</ele>
			</trkpt>
			<trkpt lat="39.817595" lon="2.901981">
				<ele>600.000000</ele>
			</trkpt>
			<trkpt lat="39.817547" lon="2.901926">
				<ele>599.000000</ele>
			</trkpt>
			<trkpt lat="39.817430" lon="2.901882">
				<ele>598.000000</ele>
			</trkpt>
			<trkpt lat="39.817084" lon="2.901559">
				<ele>594.000000</ele>
			</trkpt>
			<trkpt lat="39.816878" lon="2.901190">
				<ele>591.000000</ele>
			</trkpt>
			<trkpt lat="39.816740" lon="2.901020">
				<ele>589.000000</ele>
			</trkpt>
			<trkpt lat="39.816677" lon="2.900957">
				<ele>588.000000</ele>
			</trkpt>
			<trkpt lat="39.816698" lon="2.900911">
				<ele>587.000000</ele>
			</trkpt>
			<trkpt lat="39.816760" lon="2.900911">
				<ele>586.000000</ele>
			</trkpt>
			<trkpt lat="39.816795" lon="2.900930">
				<ele>586.000000</ele>
			</trkpt>
			<trkpt lat="39.816809" lon="2.900894">
				<ele>585.000000</ele>
			</trkpt>
			<trkpt lat="39.816795" lon="2.900849">
				<ele>585.000000</ele>
			</trkpt>
			<trkpt lat="39.816740" lon="2.900741">
				<ele>584.000000</ele>
			</trkpt>
			<trkpt lat="39.816629" lon="2.900580">
				<ele>581.000000</ele>
			</trkpt>
			<trkpt lat="39.816595" lon="2.900471">
				<ele>580.000000</ele>
			</trkpt>
			<trkpt lat="39.816608" lon="2.900391">
				<ele>580.000000</ele>
			</trkpt>
			<trkpt lat="39.816650" lon="2.900373">
				<ele>579.000000</ele>
			</trkpt>
			<trkpt lat="39.816753" lon="2.900417">
				<ele>578.000000</ele>
			</trkpt>
			<trkpt lat="39.816767" lon="2.900373">
				<ele>577.000000</ele>
			</trkpt>
			<trkpt lat="39.816726" lon="2.900291">
				<ele>576.000000</ele>
			</trkpt>
			<trkpt lat="39.816643" lon="2.900211">
				<ele>575.000000</ele>
			</trkpt>
			<trkpt lat="39.816402" lon="2.899842">
				<ele>571.000000</ele>
			</trkpt>
			<trkpt lat="39.816374" lon="2.899582">
				<ele>568.000000</ele>
			</trkpt>
			<trkpt lat="39.816305" lon="2.899483">
				<ele>567.000000</ele>
			</trkpt>
			<trkpt lat="39.816208" lon="2.899421">
				<ele>566.000000</ele>
			</trkpt>
			<trkpt lat="39.816132" lon="2.899259">
				<ele>564.000000</ele>
			</trkpt>
			<trkpt lat="39.816091" lon="2.898972">
				<ele>561.000000</ele>
			</trkpt>
			<trkpt lat="39.816077" lon="2.898773">
				<ele>558.000000</ele>
			</trkpt>
			<trkpt lat="39.816125" lon="2.898531">
				<ele>554.000000</ele>
			</trkpt>
			<trkpt lat="39.816125" lon="2.898351">
				<ele>551.000000</ele>
			</trkpt>
			<trkpt lat="39.816119" lon="2.897777">
				<ele>545.000000</ele>
			</trkpt>
			<trkpt lat="39.816091" lon="2.897399">
				<ele>542.000000</ele>
			</trkpt>
			<trkpt lat="39.816098" lon="2.897138">
				<ele>540.000000</ele>
			</trkpt>
			<trkpt lat="39.816325" lon="2.896582">
				<ele>538.000000</ele>
			</trkpt>
			<trkpt lat="39.816353" lon="2.896492">
				<ele>538.000000</ele>
			</trkpt>
			<trkpt lat="39.816394" lon="2.896492">
				<ele>537.000000</ele>
			</trkpt>
			<trkpt lat="39.816402" lon="2.896123">
				<ele>536.000000</ele>
			</trkpt>
			<trkpt lat="39.816436" lon="2.895819">
				<ele>535.000000</ele>
			</trkpt>
			<trkpt lat="39.816567" lon="2.895234">
				<ele>534.000000</ele>
			</trkpt>
			<trkpt lat="39.816505" lon="2.895198">
				<ele>533.000000</ele>
			</trkpt>
			<trkpt lat="39.816436" lon="2.895154">
				<ele>533.000000</ele>
			</trkpt>
			<trkpt lat="39.816526" lon="2.894749">
				<ele>531.000000</ele>
			</trkpt>
			<trkpt lat="39.816629" lon="2.894238">
				<ele>530.000000</ele>
			</trkpt>
			<trkpt lat="39.816774" lon="2.893932">
				<ele>530.000000</ele>
			</trkpt>
			<trkpt lat="39.816732" lon="2.893796">
				<ele>530.000000</ele>
			</trkpt>
			<trkpt lat="39.816712" lon="2.893582">
				<ele>530.000000</ele>
			</trkpt>
			<trkpt lat="39.816712" lon="2.893420">
				<ele>530.000000</ele>
			</trkpt>
			<trkpt lat="39.816691" lon="2.893060">
				<ele>530.000000</ele>
			</trkpt>
			<trkpt lat="39.816726" lon="2.893033">
				<ele>530.000000</ele>
			</trkpt>
			<trkpt lat="39.816850" lon="2.892970">
				<ele>530.000000</ele>
			</trkpt>
			<trkpt lat="39.817029" lon="2.892997">
				<ele>530.000000</ele>
			</trkpt>
			<trkpt lat="39.817147" lon="2.893007">
				<ele>530.000000</ele>
			</trkpt>
			<trkpt lat="39.817277" lon="2.892701">
				<ele>530.000000</ele>
			</trkpt>
			<trkpt lat="39.817333" lon="2.892530">
				<ele>530.000000</ele>
			</trkpt>
			<trkpt lat="39.817478" lon="2.892180">
				<ele>530.000000</ele>
			</trkpt>
			<trkpt lat="39.817588" lon="2.892125">
				<ele>530.000000</ele>
			</trkpt>
			<trkpt lat="39.817650" lon="2.892099">
				<ele>530.000000</ele>
			</trkpt>
			<trkpt lat="39.817726" lon="2.892037">
				<ele>530.000000</ele>
			</trkpt>
			<trkpt lat="39.817816" lon="2.892009">
				<ele>530.000000</ele>
			</trkpt>
			<trkpt lat="39.817885" lon="2.891982">
				<ele>530.000000</ele>
			</trkpt>
			<trkpt lat="39.818030" lon="2.891974">
				<ele>530.000000</ele>
			</trkpt>
			<trkpt lat="39.818202" lon="2.892027">
				<ele>530.000000</ele>
			</trkpt>
			<trkpt lat="39.818340" lon="2.892009">
				<ele>530.000000</ele>
			</trkpt>
			<trkpt lat="39.818548" lon="2.892009">
				<ele>530.000000</ele>
			</trkpt>
			<trkpt lat="39.818582" lon="2.891947">
				<ele>530.000000</ele>
			</trkpt>
			<trkpt lat="39.818568" lon="2.891875">
				<ele>530.000000</ele>
			</trkpt>
			<trkpt lat="39.818568" lon="2.891695">
				<ele>530.000000</ele>
			</trkpt>
			<trkpt lat="39.818561" lon="2.891596">
				<ele>530.000000</ele>
			</trkpt>
			<trkpt lat="39.818685" lon="2.891659">
				<ele>529.000000</ele>
			</trkpt>
			<trkpt lat="39.818775" lon="2.891722">
				<ele>528.000000</ele>
			</trkpt>
			<trkpt lat="39.818892" lon="2.891848">
				<ele>526.000000</ele>
			</trkpt>
			<trkpt lat="39.818920" lon="2.891829">
				<ele>526.000000</ele>
			</trkpt>
			<trkpt lat="39.818920" lon="2.891739">
				<ele>525.000000</ele>
			</trkpt>
			<trkpt lat="39.818816" lon="2.891578">
				<ele>523.000000</ele>
			</trkpt>
			<trkpt lat="39.819030" lon="2.891758">
				<ele>521.000000</ele>
			</trkpt>
			<trkpt lat="39.819079" lon="2.891739">
				<ele>520.000000</ele>
			</trkpt>
			<trkpt lat="39.818989" lon="2.891479">
				<ele>520.000000</ele>
			</trkpt>
			<trkpt lat="39.818810" lon="2.891291">
				<ele>520.000000</ele>
			</trkpt>
			<trkpt lat="39.818871" lon="2.891272">
				<ele>520.000000</ele>
			</trkpt>
			<trkpt lat="39.819030" lon="2.891353">
				<ele>520.000000</ele>
			</trkpt>
			<trkpt lat="39.819251" lon="2.891443">
				<ele>517.000000</ele>
			</trkpt>
			<trkpt lat="39.819320" lon="2.891443">
				<ele>516.000000</ele>
			</trkpt>
			<trkpt lat="39.819396" lon="2.891399">
				<ele>515.000000</ele>
			</trkpt>
			<trkpt lat="39.819479" lon="2.891309">
				<ele>513.000000</ele>
			</trkpt>
			<trkpt lat="39.819541" lon="2.891093">
				<ele>511.000000</ele>
			</trkpt>
			<trkpt lat="39.819610" lon="2.890959">
				<ele>509.000000</ele>
			</trkpt>
			<trkpt lat="39.819569" lon="2.890833">
				<ele>507.000000</ele>
			</trkpt>
			<trkpt lat="39.819431" lon="2.890779">
				<ele>505.000000</ele>
			</trkpt>
			<trkpt lat="39.819410" lon="2.890725">
				<ele>504.000000</ele>
			</trkpt>
			<trkpt lat="39.819451" lon="2.890670">
				<ele>504.000000</ele>
			</trkpt>
			<trkpt lat="39.819527" lon="2.890500">
				<ele>501.000000</ele>
			</trkpt>
			<trkpt lat="39.819844" lon="2.890240">
				<ele>497.000000</ele>
			</trkpt>
			<trkpt lat="39.820169" lon="2.889800">
				<ele>493.000000</ele>
			</trkpt>
			<trkpt lat="39.820562" lon="2.889441">
				<ele>489.000000</ele>
			</trkpt>
			<trkpt lat="39.821128" lon="2.888559">
				<ele>485.000000</ele>
			</trkpt>
			<trkpt lat="39.821259" lon="2.888282">
				<ele>483.000000</ele>
			</trkpt>
			<trkpt lat="39.821790" lon="2.887131">
				<ele>480.000000</ele>
			</trkpt>
			<trkpt lat="39.821818" lon="2.887068">
				<ele>480.000000</ele>
			</trkpt>
			<trkpt lat="39.821362" lon="2.886198">
				<ele>480.000000</ele>
			</trkpt>
			<trkpt lat="39.820996" lon="2.885397">
				<ele>480.000000</ele>
			</trkpt>
			<trkpt lat="39.820948" lon="2.885236">
				<ele>480.000000</ele>
			</trkpt>
			<trkpt lat="39.820872" lon="2.884949">
				<ele>482.000000</ele>
			</trkpt>
			<trkpt lat="39.820831" lon="2.884831">
				<ele>482.000000</ele>
			</trkpt>
			<trkpt lat="39.820782" lon="2.884733">
				<ele>483.000000</ele>
			</trkpt>
			<trkpt lat="39.820742" lon="2.884688">
				<ele>483.000000</ele>
			</trkpt>
			<trkpt lat="39.820603" lon="2.884554">
				<ele>484.000000</ele>
			</trkpt>
			<trkpt lat="39.820658" lon="2.884410">
				<ele>485.000000</ele>
			</trkpt>
			<trkpt lat="39.820742" lon="2.884158">
				<ele>487.000000</ele>
			</trkpt>
			<trkpt lat="39.820182" lon="2.883835">
				<ele>492.000000</ele>
			</trkpt>
			<trkpt lat="39.820121" lon="2.883798">
				<ele>493.000000</ele>
			</trkpt>
			<trkpt lat="39.819534" lon="2.883466">
				<ele>500.000000</ele>
			</trkpt>
			<trkpt lat="39.819465" lon="2.883412">
				<ele>501.000000</ele>
			</trkpt>
			<trkpt lat="39.819272" lon="2.883349">
				<ele>502.000000</ele>
			</trkpt>
			<trkpt lat="39.819154" lon="2.883305">
				<ele>503.000000</ele>
			</trkpt>
			<trkpt lat="39.819044" lon="2.883215">
				<ele>505.000000</ele>
			</trkpt>
			<trkpt lat="39.818927" lon="2.883125">
				<ele>506.000000</ele>
			</trkpt>
			<trkpt lat="39.818913" lon="2.883098">
				<ele>506.000000</ele>
			</trkpt>
			<trkpt lat="39.818940" lon="2.883089">
				<ele>506.000000</ele>
			</trkpt>
			<trkpt lat="39.819299" lon="2.883026">
				<ele>509.000000</ele>
			</trkpt>
			<trkpt lat="39.819334" lon="2.882990">
				<ele>510.000000</ele>
			</trkpt>
			<trkpt lat="39.819341" lon="2.882936">
				<ele>510.000000</ele>
			</trkpt>
			<trkpt lat="39.819265" lon="2.882873">
				<ele>512.000000</ele>
			</trkpt>
			<trkpt lat="39.819223" lon="2.882775">
				<ele>514.000000</ele>
			</trkpt>
			<trkpt lat="39.819355" lon="2.882532">
				<ele>520.000000</ele>
			</trkpt>
			<trkpt lat="39.819382" lon="2.882443">
				<ele>522.000000</ele>
			</trkpt>
			<trkpt lat="39.819347" lon="2.882361">
				<ele>524.000000</ele>
			</trkpt>
			<trkpt lat="39.819299" lon="2.882127">
				<ele>530.000000</ele>
			</trkpt>
			<trkpt lat="39.819313" lon="2.881957">
				<ele>534.000000</ele>
			</trkpt>
			<trkpt lat="39.819286" lon="2.881777">
				<ele>539.000000</ele>
			</trkpt>
			<trkpt lat="39.819313" lon="2.881435">
				<ele>543.000000</ele>
			</trkpt>
			<trkpt lat="39.819355" lon="2.881284">
				<ele>544.000000</ele>
			</trkpt>
			<trkpt lat="39.819582" lon="2.881085">
				<ele>548.000000</ele>
			</trkpt>
			<trkpt lat="39.819651" lon="2.881005">
				<ele>549.000000</ele>
			</trkpt>
			<trkpt lat="39.819672" lon="2.880933">
				<ele>550.000000</ele>
			</trkpt>
			<trkpt lat="39.819734" lon="2.880735">
				<ele>552.000000</ele>
			</trkpt>
			<trkpt lat="39.819796" lon="2.880609">
				<ele>553.000000</ele>
			</trkpt>
			<trkpt lat="39.820003" lon="2.880259">
				<ele>557.000000</ele>
			</trkpt>
			<trkpt lat="39.820127" lon="2.880133">
				<ele>558.000000</ele>
			</trkpt>
			<trkpt lat="39.820210" lon="2.880062">
				<ele>560.000000</ele>
			</trkpt>
			<trkpt lat="39.820251" lon="2.879882">
				<ele>562.000000</ele>
			</trkpt>
			<trkpt lat="39.820293" lon="2.879774">
				<ele>563.000000</ele>
			</trkpt>
			<trkpt lat="39.820327" lon="2.879756">
				<ele>564.000000</ele>
			</trkpt>
			<trkpt lat="39.820375" lon="2.879756">
				<ele>565.000000</ele>
			</trkpt>
			<trkpt lat="39.820375" lon="2.879667">
				<ele>566.000000</ele>
			</trkpt>
			<trkpt lat="39.820417" lon="2.879594">
				<ele>567.000000</ele>
			</trkpt>
			<trkpt lat="39.820528" lon="2.879550">
				<ele>569.000000</ele>
			</trkpt>
			<trkpt lat="39.820528" lon="2.879531">
				<ele>569.000000</ele>
			</trkpt>
			<trkpt lat="39.820417" lon="2.879406">
				<ele>572.000000</ele>
			</trkpt>
			<trkpt lat="39.820417" lon="2.879361">
				<ele>572.000000</ele>
			</trkpt>
			<trkpt lat="39.820452" lon="2.879298">
				<ele>574.000000</ele>
			</trkpt>
			<trkpt lat="39.820562" lon="2.879118">
				<ele>577.000000</ele>
			</trkpt>
			<trkpt lat="39.820811" lon="2.878814">
				<ele>582.000000</ele>
			</trkpt>
			<trkpt lat="39.820935" lon="2.878498">
				<ele>585.000000</ele>
			</trkpt>
			<trkpt lat="39.821107" lon="2.878309">
				<ele>588.000000</ele>
			</trkpt>
			<trkpt lat="39.821162" lon="2.878049">
				<ele>591.000000</ele>
			</trkpt>
			<trkpt lat="39.821210" lon="2.877959">
				<ele>592.000000</ele>
			</trkpt>
			<trkpt lat="39.821224" lon="2.877833">
				<ele>593.000000</ele>
			</trkpt>
			<trkpt lat="39.821190" lon="2.877709">
				<ele>594.000000</ele>
			</trkpt>
			<trkpt lat="39.821204" lon="2.877619">
				<ele>595.000000</ele>
			</trkpt>
			<trkpt lat="39.821321" lon="2.877304">
				<ele>599.000000</ele>
			</trkpt>
			<trkpt lat="39.821362" lon="2.877070">
				<ele>602.000000</ele>
			</trkpt>
			<trkpt lat="39.821362" lon="2.876927">
				<ele>604.000000</ele>
			</trkpt>
			<trkpt lat="39.821342" lon="2.876881">
				<ele>605.000000</ele>
			</trkpt>
			<trkpt lat="39.821300" lon="2.876909">
				<ele>606.000000</ele>
			</trkpt>
			<trkpt lat="39.820935" lon="2.877250">
				<ele>614.000000</ele>
			</trkpt>
			<trkpt lat="39.820859" lon="2.877250">
				<ele>615.000000</ele>
			</trkpt>
			<trkpt lat="39.820742" lon="2.877304">
				<ele>617.000000</ele>
			</trkpt>
			<trkpt lat="39.820859" lon="2.877088">
				<ele>621.000000</ele>
			</trkpt>
			<trkpt lat="39.820880" lon="2.876720">
				<ele>629.000000</ele>
			</trkpt>
			<trkpt lat="39.820811" lon="2.876225">
				<ele>641.000000</ele>
			</trkpt>
			<trkpt lat="39.820817" lon="2.875885">
				<ele>645.000000</ele>
			</trkpt>
			<trkpt lat="39.820955" lon="2.875426">
				<ele>650.000000</ele>
			</trkpt>
			<trkpt lat="39.821362" lon="2.874869">
				<ele>650.000000</ele>
			</trkpt>
			<trkpt lat="39.821383" lon="2.874743">
				<ele>650.000000</ele>
			</trkpt>
			<trkpt lat="39.821348" lon="2.874582">
				<ele>650.000000</ele>
			</trkpt>
			<trkpt lat="39.821287" lon="2.874430">
				<ele>655.000000</ele>
			</trkpt>
			<trkpt lat="39.821204" lon="2.874330">
				<ele>660.000000</ele>
			</trkpt>
			<trkpt lat="39.821121" lon="2.874214">
				<ele>662.000000</ele>
			</trkpt>
			<trkpt lat="39.821094" lon="2.874070">
				<ele>665.000000</ele>
			</trkpt>
			<trkpt lat="39.821094" lon="2.873990">
				<ele>666.000000</ele>
			</trkpt>
			<trkpt lat="39.821052" lon="2.873854">
				<ele>668.000000</ele>
			</trkpt>
			<trkpt lat="39.820817" lon="2.873198">
				<ele>671.000000</ele>
			</trkpt>
			<trkpt lat="39.820714" lon="2.873019">
				<ele>672.000000</ele>
			</trkpt>
			<trkpt lat="39.820686" lon="2.872929">
				<ele>672.000000</ele>
			</trkpt>
			<trkpt lat="39.820658" lon="2.872741">
				<ele>673.000000</ele>
			</trkpt>
			<trkpt lat="39.820652" lon="2.872606">
				<ele>673.000000</ele>
			</trkpt>
			<trkpt lat="39.820693" lon="2.872363">
				<ele>673.000000</ele>
			</trkpt>
			<trkpt lat="39.820638" lon="2.872300">
				<ele>674.000000</ele>
			</trkpt>
			<trkpt lat="39.820493" lon="2.872336">
				<ele>678.000000</ele>
			</trkpt>
			<trkpt lat="39.820327" lon="2.872435">
				<ele>682.000000</ele>
			</trkpt>
			<trkpt lat="39.820121" lon="2.872382">
				<ele>686.000000</ele>
			</trkpt>
			<trkpt lat="39.819907" lon="2.872309">
				<ele>690.000000</ele>
			</trkpt>
			<trkpt lat="39.819762" lon="2.872382">
				<ele>694.000000</ele>
			</trkpt>
			<trkpt lat="39.819534" lon="2.872543">
				<ele>700.000000</ele>
			</trkpt>
			<trkpt lat="39.819410" lon="2.872722">
				<ele>702.000000</ele>
			</trkpt>
			<trkpt lat="39.819334" lon="2.872875">
				<ele>703.000000</ele>
			</trkpt>
			<trkpt lat="39.819334" lon="2.872956">
				<ele>703.000000</ele>
			</trkpt>
			<trkpt lat="39.819375" lon="2.873037">
				<ele>704.000000</ele>
			</trkpt>
			<trkpt lat="39.819472" lon="2.873145">
				<ele>705.000000</ele>
			</trkpt>
			<trkpt lat="39.819513" lon="2.873235">
				<ele>706.000000</ele>
			</trkpt>
			<trkpt lat="39.819492" lon="2.873405">
				<ele>707.000000</ele>
			</trkpt>
			<trkpt lat="39.819417" lon="2.873638">
				<ele>708.000000</ele>
			</trkpt>
			<trkpt lat="39.819182" lon="2.873944">
				<ele>712.000000</ele>
			</trkpt>
			<trkpt lat="39.819085" lon="2.873961">
				<ele>715.000000</ele>
			</trkpt>
			<trkpt lat="39.818823" lon="2.873747">
				<ele>724.000000</ele>
			</trkpt>
			<trkpt lat="39.818561" lon="2.873495">
				<ele>732.000000</ele>
			</trkpt>
			<trkpt lat="39.818403" lon="2.873235">
				<ele>739.000000</ele>
			</trkpt>
			<trkpt lat="39.818340" lon="2.873172">
				<ele>740.000000</ele>
			</trkpt>
			<trkpt lat="39.818306" lon="2.873009">
				<ele>741.000000</ele>
			</trkpt>
			<trkpt lat="39.818347" lon="2.872749">
				<ele>743.000000</ele>
			</trkpt>
			<trkpt lat="39.818382" lon="2.872561">
				<ele>744.000000</ele>
			</trkpt>
			<trkpt lat="39.818533" lon="2.872066">
				<ele>747.000000</ele>
			</trkpt>
			<trkpt lat="39.818533" lon="2.871986">
				<ele>748.000000</ele>
			</trkpt>
			<trkpt lat="39.818506" lon="2.871923">
				<ele>748.000000</ele>
			</trkpt>
			<trkpt lat="39.818458" lon="2.871869">
				<ele>749.000000</ele>
			</trkpt>
			<trkpt lat="39.818340" lon="2.871923">
				<ele>749.000000</ele>
			</trkpt>
			<trkpt lat="39.818285" lon="2.871914">
				<ele>750.000000</ele>
			</trkpt>
			<trkpt lat="39.818244" lon="2.871877">
				<ele>750.000000</ele>
			</trkpt>
			<trkpt lat="39.818189" lon="2.871761">
				<ele>752.000000</ele>
			</trkpt>
			<trkpt lat="39.818140" lon="2.871474">
				<ele>754.000000</ele>
			</trkpt>
			<trkpt lat="39.818161" lon="2.871222">
				<ele>757.000000</ele>
			</trkpt>
			<trkpt lat="39.818126" lon="2.871078">
				<ele>758.000000</ele>
			</trkpt>
			<trkpt lat="39.818099" lon="2.871087">
				<ele>758.000000</ele>
			</trkpt>
			<trkpt lat="39.818023" lon="2.871160">
				<ele>759.000000</ele>
			</trkpt>
			<trkpt lat="39.817850" lon="2.871366">
				<ele>762.000000</ele>
			</trkpt>
			<trkpt lat="39.817761" lon="2.871447">
				<ele>764.000000</ele>
			</trkpt>
			<trkpt lat="39.817595" lon="2.871447">
				<ele>766.000000</ele>
			</trkpt>
			<trkpt lat="39.817499" lon="2.871438">
				<ele>768.000000</ele>
			</trkpt>
			<trkpt lat="39.817430" lon="2.871357">
				<ele>769.000000</ele>
			</trkpt>
			<trkpt lat="39.817374" lon="2.871366">
				<ele>770.000000</ele>
			</trkpt>
			<trkpt lat="39.817216" lon="2.871393">
				<ele>771.000000</ele>
			</trkpt>
			<trkpt lat="39.817043" lon="2.871366">
				<ele>772.000000</ele>
			</trkpt>
			<trkpt lat="39.817015" lon="2.871303">
				<ele>773.000000</ele>
			</trkpt>
			<trkpt lat="39.816988" lon="2.871195">
				<ele>773.000000</ele>
			</trkpt>
			<trkpt lat="39.817126" lon="2.870755">
				<ele>776.000000</ele>
			</trkpt>
			<trkpt lat="39.817202" lon="2.870459">
				<ele>778.000000</ele>
			</trkpt>
			<trkpt lat="39.817271" lon="2.870243">
				<ele>779.000000</ele>
			</trkpt>
			<trkpt lat="39.817409" lon="2.869803">
				<ele>780.000000</ele>
			</trkpt>
			<trkpt lat="39.817547" lon="2.869686">
				<ele>780.000000</ele>
			</trkpt>
			<trkpt lat="39.817609" lon="2.869579">
				<ele>780.000000</ele>
			</trkpt>
			<trkpt lat="39.817719" lon="2.869497">
				<ele>780.000000</ele>
			</trkpt>
			<trkpt lat="39.817802" lon="2.869407">
				<ele>780.000000</ele>
			</trkpt>
			<trkpt lat="39.818016" lon="2.869030">
				<ele>780.000000</ele>
			</trkpt>
			<trkpt lat="39.818099" lon="2.868851">
				<ele>780.000000</ele>
			</trkpt>
			<trkpt lat="39.818210" lon="2.868698">
				<ele>780.000000</ele>
			</trkpt>
			<trkpt lat="39.818258" lon="2.868545">
				<ele>780.000000</ele>
			</trkpt>
			<trkpt lat="39.818271" lon="2.868124">
				<ele>780.000000</ele>
			</trkpt>
			<trkpt lat="39.818361" lon="2.867737">
				<ele>780.000000</ele>
			</trkpt>
			<trkpt lat="39.818444" lon="2.867558">
				<ele>780.000000</ele>
			</trkpt>
			<trkpt lat="39.818437" lon="2.867386">
				<ele>780.000000</ele>
			</trkpt>
			<trkpt lat="39.818382" lon="2.867252">
				<ele>781.000000</ele>
			</trkpt>
			<trkpt lat="39.818354" lon="2.867180">
				<ele>783.000000</ele>
			</trkpt>
			<trkpt lat="39.818306" lon="2.866929">
				<ele>787.000000</ele>
			</trkpt>
			<trkpt lat="39.818271" lon="2.866686">
				<ele>791.000000</ele>
			</trkpt>
			<trkpt lat="39.818403" lon="2.866398">
				<ele>792.000000</ele>
			</trkpt>
			<trkpt lat="39.818485" lon="2.866210">
				<ele>794.000000</ele>
			</trkpt>
			<trkpt lat="39.818513" lon="2.865967">
				<ele>795.000000</ele>
			</trkpt>
			<trkpt lat="39.818506" lon="2.865751">
				<ele>796.000000</ele>
			</trkpt>
			<trkpt lat="39.818548" lon="2.865500">
				<ele>798.000000</ele>
			</trkpt>
			<trkpt lat="39.818596" lon="2.865248">
				<ele>799.000000</ele>
			</trkpt>
			<trkpt lat="39.818623" lon="2.865105">
				<ele>800.000000</ele>
			</trkpt>
			<trkpt lat="39.818596" lon="2.865042">
				<ele>801.000000</ele>
			</trkpt>
			<trkpt lat="39.818548" lon="2.865059">
				<ele>802.000000</ele>
			</trkpt>
			<trkpt lat="39.818478" lon="2.865141">
				<ele>804.000000</ele>
			</trkpt>
			<trkpt lat="39.818389" lon="2.865248">
				<ele>806.000000</ele>
			</trkpt>
			<trkpt lat="39.818230" lon="2.865348">
				<ele>810.000000</ele>
			</trkpt>
			<trkpt lat="39.818071" lon="2.865411">
				<ele>812.000000</ele>
			</trkpt>
			<trkpt lat="39.818051" lon="2.865311">
				<ele>813.000000</ele>
			</trkpt>
			<trkpt lat="39.818092" lon="2.865095">
				<ele>815.000000</ele>
			</trkpt>
			<trkpt lat="39.818106" lon="2.864908">
				<ele>817.000000</ele>
			</trkpt>
			<trkpt lat="39.818092" lon="2.864539">
				<ele>820.000000</ele>
			</trkpt>
			<trkpt lat="39.818023" lon="2.864369">
				<ele>822.000000</ele>
			</trkpt>
			<trkpt lat="39.817933" lon="2.864189">
				<ele>825.000000</ele>
			</trkpt>
			<trkpt lat="39.817858" lon="2.863964">
				<ele>828.000000</ele>
			</trkpt>
			<trkpt lat="39.817719" lon="2.863614">
				<ele>833.000000</ele>
			</trkpt>
			<trkpt lat="39.817671" lon="2.863361">
				<ele>836.000000</ele>
			</trkpt>
			<trkpt lat="39.817616" lon="2.863245">
				<ele>837.000000</ele>
			</trkpt>
			<trkpt lat="39.817422" lon="2.863137">
				<ele>840.000000</ele>
			</trkpt>
			<trkpt lat="39.817361" lon="2.863003">
				<ele>842.000000</ele>
			</trkpt>
			<trkpt lat="39.817277" lon="2.862868">
				<ele>843.000000</ele>
			</trkpt>
			<trkpt lat="39.817105" lon="2.862805">
				<ele>845.000000</ele>
			</trkpt>
			<trkpt lat="39.817133" lon="2.862724">
				<ele>846.000000</ele>
			</trkpt>
			<trkpt lat="39.817188" lon="2.862671">
				<ele>847.000000</ele>
			</trkpt>
			<trkpt lat="39.817174" lon="2.862554">
				<ele>848.000000</ele>
			</trkpt>
			<trkpt lat="39.817112" lon="2.862472">
				<ele>849.000000</ele>
			</trkpt>
			<trkpt lat="39.816974" lon="2.862319">
				<ele>851.000000</ele>
			</trkpt>
			<trkpt lat="39.816878" lon="2.862086">
				<ele>854.000000</ele>
			</trkpt>
			<trkpt lat="39.816870" lon="2.861952">
				<ele>856.000000</ele>
			</trkpt>
			<trkpt lat="39.816843" lon="2.861879">
				<ele>857.000000</ele>
			</trkpt>
			<trkpt lat="39.816815" lon="2.861727">
				<ele>858.000000</ele>
			</trkpt>
			<trkpt lat="39.816781" lon="2.861592">
				<ele>860.000000</ele>
			</trkpt>
			<trkpt lat="39.816795" lon="2.861520">
				<ele>861.000000</ele>
			</trkpt>
			<trkpt lat="39.816774" lon="2.861430">
				<ele>861.000000</ele>
			</trkpt>
			<trkpt lat="39.816753" lon="2.861206">
				<ele>863.000000</ele>
			</trkpt>
			<trkpt lat="39.816740" lon="2.860990">
				<ele>865.000000</ele>
			</trkpt>
			<trkpt lat="39.816815" lon="2.860793">
				<ele>866.000000</ele>
			</trkpt>
			<trkpt lat="39.816850" lon="2.860470">
				<ele>869.000000</ele>
			</trkpt>
			<trkpt lat="39.816746" lon="2.860254">
				<ele>873.000000</ele>
			</trkpt>
			<trkpt lat="39.816740" lon="2.860200">
				<ele>874.000000</ele>
			</trkpt>
			<trkpt lat="39.816726" lon="2.860128">
				<ele>876.000000</ele>
			</trkpt>
			<trkpt lat="39.816684" lon="2.860137">
				<ele>878.000000</ele>
			</trkpt>
			<trkpt lat="39.816602" lon="2.860218">
				<ele>881.000000</ele>
			</trkpt>
			<trkpt lat="39.816608" lon="2.860101">
				<ele>883.000000</ele>
			</trkpt>
			<trkpt lat="39.816622" lon="2.860029">
				<ele>884.000000</ele>
			</trkpt>
			<trkpt lat="39.816622" lon="2.859931">
				<ele>886.000000</ele>
			</trkpt>
			<trkpt lat="39.816574" lon="2.860011">
				<ele>887.000000</ele>
			</trkpt>
			<trkpt lat="39.816533" lon="2.860065">
				<ele>889.000000</ele>
			</trkpt>
			<trkpt lat="39.816491" lon="2.860084">
				<ele>890.000000</ele>
			</trkpt>
			<trkpt lat="39.816470" lon="2.860065">
				<ele>890.000000</ele>
			</trkpt>
			<trkpt lat="39.816519" lon="2.859948">
				<ele>893.000000</ele>
			</trkpt>
			<trkpt lat="39.816539" lon="2.859885">
				<ele>894.000000</ele>
			</trkpt>
			<trkpt lat="39.816539" lon="2.859849">
				<ele>895.000000</ele>
			</trkpt>
			<trkpt lat="39.816526" lon="2.859814">
				<ele>895.000000</ele>
			</trkpt>
			<trkpt lat="39.816533" lon="2.859759">
				<ele>897.000000</ele>
			</trkpt>
			<trkpt lat="39.816498" lon="2.859751">
				<ele>897.000000</ele>
			</trkpt>
			<trkpt lat="39.816478" lon="2.859598">
				<ele>900.000000</ele>
			</trkpt>
			<trkpt lat="39.816505" lon="2.859499">
				<ele>902.000000</ele>
			</trkpt>
			<trkpt lat="39.816533" lon="2.859436">
				<ele>903.000000</ele>
			</trkpt>
			<trkpt lat="39.816574" lon="2.859346">
				<ele>905.000000</ele>
			</trkpt>
			<trkpt lat="39.816587" lon="2.859256">
				<ele>907.000000</ele>
			</trkpt>
			<trkpt lat="39.816581" lon="2.859185">
				<ele>908.000000</ele>
			</trkpt>
			<trkpt lat="39.816567" lon="2.859176">
				<ele>908.000000</ele>
			</trkpt>
			<trkpt lat="39.816512" lon="2.859229">
				<ele>910.000000</ele>
			</trkpt>
			<trkpt lat="39.816526" lon="2.859086">
				<ele>912.000000</ele>
			</trkpt>
			<trkpt lat="39.816519" lon="2.859042">
				<ele>913.000000</ele>
			</trkpt>
			<trkpt lat="39.816408" lon="2.859248">
				<ele>917.000000</ele>
			</trkpt>
			<trkpt lat="39.816374" lon="2.859248">
				<ele>918.000000</ele>
			</trkpt>
			<trkpt lat="39.816325" lon="2.859302">
				<ele>919.000000</ele>
			</trkpt>
			<trkpt lat="39.816305" lon="2.859256">
				<ele>921.000000</ele>
			</trkpt>
			<trkpt lat="39.816298" lon="2.859166">
				<ele>924.000000</ele>
			</trkpt>
			<trkpt lat="39.816305" lon="2.859113">
				<ele>926.000000</ele>
			</trkpt>
			<trkpt lat="39.816256" lon="2.859132">
				<ele>929.000000</ele>
			</trkpt>
			<trkpt lat="39.816236" lon="2.859069">
				<ele>931.000000</ele>
			</trkpt>
			<trkpt lat="39.816174" lon="2.859069">
				<ele>934.000000</ele>
			</trkpt>
			<trkpt lat="39.816195" lon="2.858987">
				<ele>937.000000</ele>
			</trkpt>
			<trkpt lat="39.816201" lon="2.858843">
				<ele>942.000000</ele>
			</trkpt>
			<trkpt lat="39.816167" lon="2.858862">
				<ele>943.000000</ele>
			</trkpt>
			<trkpt lat="39.816125" lon="2.858924">
				<ele>945.000000</ele>
			</trkpt>
			<trkpt lat="39.816056" lon="2.858979">
				<ele>947.000000</ele>
			</trkpt>
			<trkpt lat="39.815877" lon="2.859113">
				<ele>952.000000</ele>
			</trkpt>
			<trkpt lat="39.815794" lon="2.859185">
				<ele>954.000000</ele>
			</trkpt>
			<trkpt lat="39.815732" lon="2.859319">
				<ele>957.000000</ele>
			</trkpt>
			<trkpt lat="39.815698" lon="2.859409">
				<ele>958.000000</ele>
			</trkpt>
			<trkpt lat="39.815677" lon="2.859463">
				<ele>959.000000</ele>
			</trkpt>
			<trkpt lat="39.815649" lon="2.859482">
				<ele>960.000000</ele>
			</trkpt>
			<trkpt lat="39.815635" lon="2.859392">
				<ele>963.000000</ele>
			</trkpt>
			<trkpt lat="39.815635" lon="2.859319">
				<ele>965.000000</ele>
			</trkpt>
			<trkpt lat="39.815629" lon="2.859266">
				<ele>967.000000</ele>
			</trkpt>
			<trkpt lat="39.815622" lon="2.859176">
				<ele>970.000000</ele>
			</trkpt>
			<trkpt lat="39.815663" lon="2.858969">
				<ele>974.000000</ele>
			</trkpt>
			<trkpt lat="39.815615" lon="2.858987">
				<ele>975.000000</ele>
			</trkpt>
			<trkpt lat="39.815539" lon="2.859103">
				<ele>978.000000</ele>
			</trkpt>
			<trkpt lat="39.815450" lon="2.859221">
				<ele>983.000000</ele>
			</trkpt>
			<trkpt lat="39.815297" lon="2.859329">
				<ele>990.000000</ele>
			</trkpt>
			<trkpt lat="39.815242" lon="2.859346">
				<ele>992.000000</ele>
			</trkpt>
			<trkpt lat="39.815194" lon="2.859338">
				<ele>993.000000</ele>
			</trkpt>
			<trkpt lat="39.815236" lon="2.859221">
				<ele>996.000000</ele>
			</trkpt>
			<trkpt lat="39.815297" lon="2.859086">
				<ele>999.000000</ele>
			</trkpt>
			<trkpt lat="39.815249" lon="2.859077">
				<ele>1001.000000</ele>
			</trkpt>
			<trkpt lat="39.815118" lon="2.859140">
				<ele>1010.000000</ele>
			</trkpt>
			<trkpt lat="39.815159" lon="2.859023">
				<ele>1012.000000</ele>
			</trkpt>
			<trkpt lat="39.815207" lon="2.858933">
				<ele>1014.000000</ele>
			</trkpt>
			<trkpt lat="39.815242" lon="2.858799">
				<ele>1017.000000</ele>
			</trkpt>
			<trkpt lat="39.815138" lon="2.858862">
				<ele>1020.000000</ele>
			</trkpt>
			<trkpt lat="39.815014" lon="2.858924">
				<ele>1023.000000</ele>
			</trkpt>
			<trkpt lat="39.814959" lon="2.859023">
				<ele>1026.000000</ele>
			</trkpt>
			<trkpt lat="39.814897" lon="2.859140">
				<ele>1028.000000</ele>
			</trkpt>
			<trkpt lat="39.814870" lon="2.858906">
				<ele>1034.000000</ele>
			</trkpt>
			<trkpt lat="39.814890" lon="2.858772">
				<ele>1037.000000</ele>
			</trkpt>
			<trkpt lat="39.815008" lon="2.858520">
				<ele>1044.000000</ele>
			</trkpt>
			<trkpt lat="39.815049" lon="2.858197">
				<ele>1050.000000</ele>
			</trkpt>
			<trkpt lat="39.815090" lon="2.858124">
				<ele>1050.000000</ele>
			</trkpt>
			<trkpt lat="39.815125" lon="2.858098">
				<ele>1050.000000</ele>
			</trkpt>
			<trkpt lat="39.815173" lon="2.858080">
				<ele>1050.000000</ele>
			</trkpt>
			<trkpt lat="39.815270" lon="2.858071">
				<ele>1046.000000</ele>
			</trkpt>
			<trkpt lat="39.815352" lon="2.858053">
				<ele>1041.000000</ele>
			</trkpt>
			<trkpt lat="39.815450" lon="2.858107">
				<ele>1040.000000</ele>
			</trkpt>
			<trkpt lat="39.815498" lon="2.858080">
				<ele>1040.000000</ele>
			</trkpt>
			<trkpt lat="39.815539" lon="2.857910">
				<ele>1040.000000</ele>
			</trkpt>
			<trkpt lat="39.815574" lon="2.857784">
				<ele>1044.000000</ele>
			</trkpt>
			<trkpt lat="39.815601" lon="2.857604">
				<ele>1051.000000</ele>
			</trkpt>
			<trkpt lat="39.815656" lon="2.857487">
				<ele>1054.000000</ele>
			</trkpt>
			<trkpt lat="39.815746" lon="2.857145">
				<ele>1062.000000</ele>
			</trkpt>
			<trkpt lat="39.815788" lon="2.856984">
				<ele>1064.000000</ele>
			</trkpt>
			<trkpt lat="39.815801" lon="2.856813">
				<ele>1067.000000</ele>
			</trkpt>
			<trkpt lat="39.815822" lon="2.856633">
				<ele>1070.000000</ele>
			</trkpt>
			<trkpt lat="39.815773" lon="2.856392">
				<ele>1073.000000</ele>
			</trkpt>
			<trkpt lat="39.815760" lon="2.856346">
				<ele>1073.000000</ele>
			</trkpt>
			<trkpt lat="39.815760" lon="2.856274">
				<ele>1074.000000</ele>
			</trkpt>
			<trkpt lat="39.815725" lon="2.856212">
				<ele>1075.000000</ele>
			</trkpt>
			<trkpt lat="39.815635" lon="2.856095">
				<ele>1077.000000</ele>
			</trkpt>
			<trkpt lat="39.815546" lon="2.855969">
				<ele>1079.000000</ele>
			</trkpt>
			<trkpt lat="39.815463" lon="2.855906">
				<ele>1080.000000</ele>
			</trkpt>
			<trkpt lat="39.815442" lon="2.855834">
				<ele>1080.000000</ele>
			</trkpt>
			<trkpt lat="39.815435" lon="2.855771">
				<ele>1080.000000</ele>
			</trkpt>
			<trkpt lat="39.815518" lon="2.855484">
				<ele>1080.000000</ele>
			</trkpt>
			<trkpt lat="39.815511" lon="2.855376">
				<ele>1080.000000</ele>
			</trkpt>
			<trkpt lat="39.815490" lon="2.855287">
				<ele>1080.000000</ele>
			</trkpt>
			<trkpt lat="39.815366" lon="2.855134">
				<ele>1082.000000</ele>
			</trkpt>
			<trkpt lat="39.815325" lon="2.855071">
				<ele>1082.000000</ele>
			</trkpt>
			<trkpt lat="39.815304" lon="2.854998">
				<ele>1083.000000</ele>
			</trkpt>
			<trkpt lat="39.815304" lon="2.854908">
				<ele>1083.000000</ele>
			</trkpt>
			<trkpt lat="39.815263" lon="2.854702">
				<ele>1085.000000</ele>
			</trkpt>
			<trkpt lat="39.815277" lon="2.854648">
				<ele>1085.000000</ele>
			</trkpt>
			<trkpt lat="39.815311" lon="2.854505">
				<ele>1086.000000</ele>
			</trkpt>
			<trkpt lat="39.815284" lon="2.854442">
				<ele>1087.000000</ele>
			</trkpt>
			<trkpt lat="39.815180" lon="2.854604">
				<ele>1088.000000</ele>
			</trkpt>
			<trkpt lat="39.815118" lon="2.854721">
				<ele>1089.000000</ele>
			</trkpt>
			<trkpt lat="39.815118" lon="2.854828">
				<ele>1089.000000</ele>
			</trkpt>
			<trkpt lat="39.815111" lon="2.854864">
				<ele>1090.000000</ele>
			</trkpt>
			<trkpt lat="39.815083" lon="2.854891">
				<ele>1090.000000</ele>
			</trkpt>
			<trkpt lat="39.815022" lon="2.854927">
				<ele>1091.000000</ele>
			</trkpt>
			<trkpt lat="39.815001" lon="2.854954">
				<ele>1092.000000</ele>
			</trkpt>
			<trkpt lat="39.814987" lon="2.854981">
				<ele>1092.000000</ele>
			</trkpt>
			<trkpt lat="39.814904" lon="2.854971">
				<ele>1093.000000</ele>
			</trkpt>
			<trkpt lat="39.814842" lon="2.855034">
				<ele>1095.000000</ele>
			</trkpt>
			<trkpt lat="39.814800" lon="2.855098">
				<ele>1096.000000</ele>
			</trkpt>
			<trkpt lat="39.814731" lon="2.855224">
				<ele>1098.000000</ele>
			</trkpt>
			<trkpt lat="39.814676" lon="2.855304">
				<ele>1099.000000</ele>
			</trkpt>
			<trkpt lat="39.814559" lon="2.855529">
				<ele>1103.000000</ele>
			</trkpt>
			<trkpt lat="39.814559" lon="2.855556">
				<ele>1103.000000</ele>
			</trkpt>
			<trkpt lat="39.814525" lon="2.855600">
				<ele>1104.000000</ele>
			</trkpt>
			<trkpt lat="39.814463" lon="2.855681">
				<ele>1105.000000</ele>
			</trkpt>
			<trkpt lat="39.814442" lon="2.855708">
				<ele>1106.000000</ele>
			</trkpt>
			<trkpt lat="39.814400" lon="2.855798">
				<ele>1107.000000</ele>
			</trkpt>
			<trkpt lat="39.814332" lon="2.855853">
				<ele>1108.000000</ele>
			</trkpt>
			<trkpt lat="39.814304" lon="2.855861">
				<ele>1109.000000</ele>
			</trkpt>
			<trkpt lat="39.814276" lon="2.855942">
				<ele>1110.000000</ele>
			</trkpt>
			<trkpt lat="39.814263" lon="2.855996">
				<ele>1111.000000</ele>
			</trkpt>
			<trkpt lat="39.814235" lon="2.856040">
				<ele>1112.000000</ele>
			</trkpt>
			<trkpt lat="39.814186" lon="2.856023">
				<ele>1113.000000</ele>
			</trkpt>
			<trkpt lat="39.814166" lon="2.856032">
				<ele>1113.000000</ele>
			</trkpt>
			<trkpt lat="39.814110" lon="2.856140">
				<ele>1115.000000</ele>
			</trkpt>
			<trkpt lat="39.814083" lon="2.856247">
				<ele>1117.000000</ele>
			</trkpt>
			<trkpt lat="39.814035" lon="2.856319">
				<ele>1119.000000</ele>
			</trkpt>
			<trkpt lat="39.814007" lon="2.856382">
				<ele>1120.000000</ele>
			</trkpt>
			<trkpt lat="39.813986" lon="2.856373">
				<ele>1120.000000</ele>
			</trkpt>
			<trkpt lat="39.813980" lon="2.856382">
				<ele>1120.000000</ele>
			</trkpt>
			<trkpt lat="39.813972" lon="2.856499">
				<ele>1122.000000</ele>
			</trkpt>
			<trkpt lat="39.813952" lon="2.856516">
				<ele>1123.000000</ele>
			</trkpt>
			<trkpt lat="39.813938" lon="2.856508">
				<ele>1123.000000</ele>
			</trkpt>
			<trkpt lat="39.813938" lon="2.856453">
				<ele>1124.000000</ele>
			</trkpt>
			<trkpt lat="39.813897" lon="2.856392">
				<ele>1125.000000</ele>
			</trkpt>
			<trkpt lat="39.813883" lon="2.856436">
				<ele>1126.000000</ele>
			</trkpt>
			<trkpt lat="39.813876" lon="2.856463">
				<ele>1127.000000</ele>
			</trkpt>
			<trkpt lat="39.813848" lon="2.856472">
				<ele>1127.000000</ele>
			</trkpt>
			<trkpt lat="39.813773" lon="2.856642">
				<ele>1130.000000</ele>
			</trkpt>
			<trkpt lat="39.813738" lon="2.856723">
				<ele>1130.000000</ele>
			</trkpt>
			<trkpt lat="39.813724" lon="2.856832">
				<ele>1130.000000</ele>
			</trkpt>
			<trkpt lat="39.813731" lon="2.857092">
				<ele>1130.000000</ele>
			</trkpt>
			<trkpt lat="39.813738" lon="2.857325">
				<ele>1130.000000</ele>
			</trkpt>
			<trkpt lat="39.813787" lon="2.857495">
				<ele>1130.000000</ele>
			</trkpt>
			<trkpt lat="39.813787" lon="2.857514">
				<ele>1130.000000</ele>
			</trkpt>
			<trkpt lat="39.813773" lon="2.857532">
				<ele>1130.000000</ele>
			</trkpt>
			<trkpt lat="39.813758" lon="2.857613">
				<ele>1130.000000</ele>
			</trkpt>
			<trkpt lat="39.813758" lon="2.857648">
				<ele>1130.000000</ele>
			</trkpt>
			<trkpt lat="39.813758" lon="2.857721">
				<ele>1130.000000</ele>
			</trkpt>
			<trkpt lat="39.813766" lon="2.857801">
				<ele>1130.000000</ele>
			</trkpt>
			<trkpt lat="39.813787" lon="2.857828">
				<ele>1130.000000</ele>
			</trkpt>
			<trkpt lat="39.813787" lon="2.857855">
				<ele>1130.000000</ele>
			</trkpt>
			<trkpt lat="39.813779" lon="2.857874">
				<ele>1130.000000</ele>
			</trkpt>
			<trkpt lat="39.813773" lon="2.857910">
				<ele>1130.000000</ele>
			</trkpt>
			<trkpt lat="39.813787" lon="2.857971">
				<ele>1130.000000</ele>
			</trkpt>
			<trkpt lat="39.813779" lon="2.858017">
				<ele>1130.000000</ele>
			</trkpt>
			<trkpt lat="39.813766" lon="2.858053">
				<ele>1130.000000</ele>
			</trkpt>
			<trkpt lat="39.813773" lon="2.858107">
				<ele>1130.000000</ele>
			</trkpt>
			<trkpt lat="39.813793" lon="2.858170">
				<ele>1130.000000</ele>
			</trkpt>
			<trkpt lat="39.813766" lon="2.858287">
				<ele>1130.000000</ele>
			</trkpt>
			<trkpt lat="39.813766" lon="2.858340">
				<ele>1130.000000</ele>
			</trkpt>
			<trkpt lat="39.813752" lon="2.858358">
				<ele>1130.000000</ele>
			</trkpt>
			<trkpt lat="39.813752" lon="2.858394">
				<ele>1130.000000</ele>
			</trkpt>
			<trkpt lat="39.813703" lon="2.858466">
				<ele>1130.000000</ele>
			</trkpt>
			<trkpt lat="39.813703" lon="2.858529">
				<ele>1130.000000</ele>
			</trkpt>
			<trkpt lat="39.813731" lon="2.858583">
				<ele>1130.000000</ele>
			</trkpt>
			<trkpt lat="39.813758" lon="2.858619">
				<ele>1130.000000</ele>
			</trkpt>
			<trkpt lat="39.813773" lon="2.858655">
				<ele>1130.000000</ele>
			</trkpt>
			<trkpt lat="39.813773" lon="2.858690">
				<ele>1130.000000</ele>
			</trkpt>
			<trkpt lat="39.813752" lon="2.858753">
				<ele>1130.000000</ele>
			</trkpt>
			<trkpt lat="39.813731" lon="2.858799">
				<ele>1130.000000</ele>
			</trkpt>
			<trkpt lat="39.813731" lon="2.858906">
				<ele>1130.000000</ele>
			</trkpt>
			<trkpt lat="39.813745" lon="2.858979">
				<ele>1130.000000</ele>
			</trkpt>
			<trkpt lat="39.813731" lon="2.859014">
				<ele>1130.000000</ele>
			</trkpt>
			<trkpt lat="39.813697" lon="2.859042">
				<ele>1130.000000</ele>
			</trkpt>
			<trkpt lat="39.813676" lon="2.859086">
				<ele>1130.000000</ele>
			</trkpt>
			<trkpt lat="39.813676" lon="2.859132">
				<ele>1130.000000</ele>
			</trkpt>
			<trkpt lat="39.813634" lon="2.859229">
				<ele>1130.000000</ele>
			</trkpt>
			<trkpt lat="39.813614" lon="2.859256">
				<ele>1130.000000</ele>
			</trkpt>
			<trkpt lat="39.813607" lon="2.859302">
				<ele>1130.000000</ele>
			</trkpt>
			<trkpt lat="39.813614" lon="2.859400">
				<ele>1130.000000</ele>
			</trkpt>
			<trkpt lat="39.813600" lon="2.859535">
				<ele>1130.000000</ele>
			</trkpt>
			<trkpt lat="39.813565" lon="2.859759">
				<ele>1130.000000</ele>
			</trkpt>
			<trkpt lat="39.813524" lon="2.859904">
				<ele>1130.000000</ele>
			</trkpt>
			<trkpt lat="39.813496" lon="2.860029">
				<ele>1130.000000</ele>
			</trkpt>
			<trkpt lat="39.813517" lon="2.860208">
				<ele>1130.000000</ele>
			</trkpt>
			<trkpt lat="39.813524" lon="2.860380">
				<ele>1130.000000</ele>
			</trkpt>
			<trkpt lat="39.813510" lon="2.860407">
				<ele>1130.000000</ele>
			</trkpt>
			<trkpt lat="39.813496" lon="2.860550">
				<ele>1130.000000</ele>
			</trkpt>
			<trkpt lat="39.813490" lon="2.860613">
				<ele>1130.000000</ele>
			</trkpt>
			<trkpt lat="39.813490" lon="2.860703">
				<ele>1130.000000</ele>
			</trkpt>
			<trkpt lat="39.813420" lon="2.860883">
				<ele>1130.000000</ele>
			</trkpt>
			<trkpt lat="39.813435" lon="2.860963">
				<ele>1130.000000</ele>
			</trkpt>
			<trkpt lat="39.813455" lon="2.861036">
				<ele>1130.000000</ele>
			</trkpt>
			<trkpt lat="39.813455" lon="2.861071">
				<ele>1130.000000</ele>
			</trkpt>
			<trkpt lat="39.813407" lon="2.861071">
				<ele>1130.000000</ele>
			</trkpt>
			<trkpt lat="39.813331" lon="2.861126">
				<ele>1130.000000</ele>
			</trkpt>
			<trkpt lat="39.813290" lon="2.861143">
				<ele>1130.000000</ele>
			</trkpt>
			<trkpt lat="39.813179" lon="2.861063">
				<ele>1130.000000</ele>
			</trkpt>
			<trkpt lat="39.813117" lon="2.860990">
				<ele>1130.000000</ele>
			</trkpt>
			<trkpt lat="39.813076" lon="2.861000">
				<ele>1130.000000</ele>
			</trkpt>
			<trkpt lat="39.813034" lon="2.861000">
				<ele>1130.000000</ele>
			</trkpt>
			<trkpt lat="39.812958" lon="2.860954">
				<ele>1129.000000</ele>
			</trkpt>
			<trkpt lat="39.812924" lon="2.860927">
				<ele>1128.000000</ele>
			</trkpt>
			<trkpt lat="39.812910" lon="2.860847">
				<ele>1128.000000</ele>
			</trkpt>
			<trkpt lat="39.812855" lon="2.860703">
				<ele>1126.000000</ele>
			</trkpt>
			<trkpt lat="39.812827" lon="2.860650">
				<ele>1126.000000</ele>
			</trkpt>
			<trkpt lat="39.812779" lon="2.860650">
				<ele>1125.000000</ele>
			</trkpt>
			<trkpt lat="39.812717" lon="2.860658">
				<ele>1125.000000</ele>
			</trkpt>
			<trkpt lat="39.812682" lon="2.860604">
				<ele>1124.000000</ele>
			</trkpt>
			<trkpt lat="39.812669" lon="2.860550">
				<ele>1124.000000</ele>
			</trkpt>
			<trkpt lat="39.812641" lon="2.860487">
				<ele>1123.000000</ele>
			</trkpt>
			<trkpt lat="39.812627" lon="2.860415">
				<ele>1123.000000</ele>
			</trkpt>
			<trkpt lat="39.812592" lon="2.860317">
				<ele>1122.000000</ele>
			</trkpt>
			<trkpt lat="39.812592" lon="2.860227">
				<ele>1121.000000</ele>
			</trkpt>
			<trkpt lat="39.812572" lon="2.860155">
				<ele>1120.000000</ele>
			</trkpt>
			<trkpt lat="39.812523" lon="2.860065">
				<ele>1119.000000</ele>
			</trkpt>
			<trkpt lat="39.812510" lon="2.860029">
				<ele>1118.000000</ele>
			</trkpt>
			<trkpt lat="39.812489" lon="2.860021">
				<ele>1118.000000</ele>
			</trkpt>
			<trkpt lat="39.812475" lon="2.859984">
				<ele>1117.000000</ele>
			</trkpt>
			<trkpt lat="39.812455" lon="2.859975">
				<ele>1117.000000</ele>
			</trkpt>
			<trkpt lat="39.812399" lon="2.859877">
				<ele>1115.000000</ele>
			</trkpt>
			<trkpt lat="39.812275" lon="2.859706">
				<ele>1111.000000</ele>
			</trkpt>
			<trkpt lat="39.812227" lon="2.859679">
				<ele>1110.000000</ele>
			</trkpt>
			<trkpt lat="39.812185" lon="2.859579">
				<ele>1109.000000</ele>
			</trkpt>
			<trkpt lat="39.812172" lon="2.859356">
				<ele>1106.000000</ele>
			</trkpt>
			<trkpt lat="39.812172" lon="2.859239">
				<ele>1105.000000</ele>
			</trkpt>
			<trkpt lat="39.812144" lon="2.859113">
				<ele>1104.000000</ele>
			</trkpt>
			<trkpt lat="39.812144" lon="2.859014">
				<ele>1103.000000</ele>
			</trkpt>
			<trkpt lat="39.812137" lon="2.858969">
				<ele>1103.000000</ele>
			</trkpt>
			<trkpt lat="39.812130" lon="2.858960">
				<ele>1102.000000</ele>
			</trkpt>
			<trkpt lat="39.812082" lon="2.858979">
				<ele>1102.000000</ele>
			</trkpt>
			<trkpt lat="39.812068" lon="2.859014">
				<ele>1101.000000</ele>
			</trkpt>
			<trkpt lat="39.812055" lon="2.859050">
				<ele>1101.000000</ele>
			</trkpt>
			<trkpt lat="39.812040" lon="2.859113">
				<ele>1100.000000</ele>
			</trkpt>
			<trkpt lat="39.812013" lon="2.859149">
				<ele>1100.000000</ele>
			</trkpt>
			<trkpt lat="39.811999" lon="2.859132">
				<ele>1099.000000</ele>
			</trkpt>
			<trkpt lat="39.811958" lon="2.859059">
				<ele>1096.000000</ele>
			</trkpt>
			<trkpt lat="39.811930" lon="2.859032">
				<ele>1095.000000</ele>
			</trkpt>
			<trkpt lat="39.811916" lon="2.859023">
				<ele>1094.000000</ele>
			</trkpt>
			<trkpt lat="39.811854" lon="2.858897">
				<ele>1090.000000</ele>
			</trkpt>
			<trkpt lat="39.811841" lon="2.858816">
				<ele>1088.000000</ele>
			</trkpt>
			<trkpt lat="39.811820" lon="2.858727">
				<ele>1086.000000</ele>
			</trkpt>
			<trkpt lat="39.811833" lon="2.858663">
				<ele>1085.000000</ele>
			</trkpt>
			<trkpt lat="39.811827" lon="2.858610">
				<ele>1084.000000</ele>
			</trkpt>
			<trkpt lat="39.811778" lon="2.858556">
				<ele>1082.000000</ele>
			</trkpt>
			<trkpt lat="39.811730" lon="2.858511">
				<ele>1080.000000</ele>
			</trkpt>
			<trkpt lat="39.811696" lon="2.858403">
				<ele>1079.000000</ele>
			</trkpt>
			<trkpt lat="39.811648" lon="2.858206">
				<ele>1078.000000</ele>
			</trkpt>
			<trkpt lat="39.811640" lon="2.858080">
				<ele>1077.000000</ele>
			</trkpt>
			<trkpt lat="39.811654" lon="2.857981">
				<ele>1076.000000</ele>
			</trkpt>
			<trkpt lat="39.811640" lon="2.857918">
				<ele>1076.000000</ele>
			</trkpt>
			<trkpt lat="39.811619" lon="2.857855">
				<ele>1075.000000</ele>
			</trkpt>
			<trkpt lat="39.811613" lon="2.857784">
				<ele>1075.000000</ele>
			</trkpt>
			<trkpt lat="39.811558" lon="2.857684">
				<ele>1074.000000</ele>
			</trkpt>
			<trkpt lat="39.811530" lon="2.857604">
				<ele>1073.000000</ele>
			</trkpt>
			<trkpt lat="39.811509" lon="2.857524">
				<ele>1072.000000</ele>
			</trkpt>
			<trkpt lat="39.811502" lon="2.857451">
				<ele>1072.000000</ele>
			</trkpt>
			<trkpt lat="39.811489" lon="2.857379">
				<ele>1071.000000</ele>
			</trkpt>
			<trkpt lat="39.811489" lon="2.857344">
				<ele>1071.000000</ele>
			</trkpt>
			<trkpt lat="39.811475" lon="2.857262">
				<ele>1070.000000</ele>
			</trkpt>
			<trkpt lat="39.811426" lon="2.857164">
				<ele>1069.000000</ele>
			</trkpt>
			<trkpt lat="39.811413" lon="2.857082">
				<ele>1069.000000</ele>
			</trkpt>
			<trkpt lat="39.811399" lon="2.856992">
				<ele>1068.000000</ele>
			</trkpt>
			<trkpt lat="39.811371" lon="2.856876">
				<ele>1066.000000</ele>
			</trkpt>
			<trkpt lat="39.811330" lon="2.856786">
				<ele>1065.000000</ele>
			</trkpt>
			<trkpt lat="39.811240" lon="2.856669">
				<ele>1064.000000</ele>
			</trkpt>
			<trkpt lat="39.811171" lon="2.856535">
				<ele>1062.000000</ele>
			</trkpt>
			<trkpt lat="39.811061" lon="2.856418">
				<ele>1060.000000</ele>
			</trkpt>
			<trkpt lat="39.810998" lon="2.856382">
				<ele>1060.000000</ele>
			</trkpt>
			<trkpt lat="39.810957" lon="2.856364">
				<ele>1060.000000</ele>
			</trkpt>
			<trkpt lat="39.810854" lon="2.856302">
				<ele>1060.000000</ele>
			</trkpt>
			<trkpt lat="39.810812" lon="2.856310">
				<ele>1060.000000</ele>
			</trkpt>
			<trkpt lat="39.810778" lon="2.856364">
				<ele>1060.000000</ele>
			</trkpt>
			<trkpt lat="39.810771" lon="2.856400">
				<ele>1060.000000</ele>
			</trkpt>
			<trkpt lat="39.810730" lon="2.856453">
				<ele>1060.000000</ele>
			</trkpt>
			<trkpt lat="39.810702" lon="2.856535">
				<ele>1060.000000</ele>
			</trkpt>
			<trkpt lat="39.810675" lon="2.856579">
				<ele>1060.000000</ele>
			</trkpt>
			<trkpt lat="39.810619" lon="2.856715">
				<ele>1060.000000</ele>
			</trkpt>
			<trkpt lat="39.810591" lon="2.856759">
				<ele>1060.000000</ele>
			</trkpt>
			<trkpt lat="39.810529" lon="2.856795">
				<ele>1060.000000</ele>
			</trkpt>
			<trkpt lat="39.810536" lon="2.856723">
				<ele>1060.000000</ele>
			</trkpt>
			<trkpt lat="39.810536" lon="2.856616">
				<ele>1060.000000</ele>
			</trkpt>
			<trkpt lat="39.810543" lon="2.856562">
				<ele>1060.000000</ele>
			</trkpt>
			<trkpt lat="39.810529" lon="2.856535">
				<ele>1060.000000</ele>
			</trkpt>
			<trkpt lat="39.810536" lon="2.856382">
				<ele>1060.000000</ele>
			</trkpt>
			<trkpt lat="39.810550" lon="2.856256">
				<ele>1060.000000</ele>
			</trkpt>
			<trkpt lat="39.810536" lon="2.856157">
				<ele>1062.000000</ele>
			</trkpt>
			<trkpt lat="39.810550" lon="2.856067">
				<ele>1064.000000</ele>
			</trkpt>
			<trkpt lat="39.810557" lon="2.855924">
				<ele>1067.000000</ele>
			</trkpt>
			<trkpt lat="39.810564" lon="2.855826">
				<ele>1069.000000</ele>
			</trkpt>
			<trkpt lat="39.810598" lon="2.855717">
				<ele>1071.000000</ele>
			</trkpt>
			<trkpt lat="39.810619" lon="2.855600">
				<ele>1073.000000</ele>
			</trkpt>
			<trkpt lat="39.810605" lon="2.855583">
				<ele>1073.000000</ele>
			</trkpt>
			<trkpt lat="39.810612" lon="2.855529">
				<ele>1074.000000</ele>
			</trkpt>
			<trkpt lat="39.810626" lon="2.855501">
				<ele>1074.000000</ele>
			</trkpt>
			<trkpt lat="39.810654" lon="2.855384">
				<ele>1076.000000</ele>
			</trkpt>
			<trkpt lat="39.810675" lon="2.855340">
				<ele>1077.000000</ele>
			</trkpt>
			<trkpt lat="39.810715" lon="2.855161">
				<ele>1079.000000</ele>
			</trkpt>
			<trkpt lat="39.810715" lon="2.855088">
				<ele>1080.000000</ele>
			</trkpt>
			<trkpt lat="39.810736" lon="2.854998">
				<ele>1081.000000</ele>
			</trkpt>
			<trkpt lat="39.810799" lon="2.854864">
				<ele>1083.000000</ele>
			</trkpt>
			<trkpt lat="39.810826" lon="2.854756">
				<ele>1085.000000</ele>
			</trkpt>
			<trkpt lat="39.810826" lon="2.854639">
				<ele>1086.000000</ele>
			</trkpt>
			<trkpt lat="39.810874" lon="2.854514">
				<ele>1088.000000</ele>
			</trkpt>
			<trkpt lat="39.810943" lon="2.854388">
				<ele>1090.000000</ele>
			</trkpt>
			<trkpt lat="39.810957" lon="2.854325">
				<ele>1091.000000</ele>
			</trkpt>
			<trkpt lat="39.810964" lon="2.854199">
				<ele>1093.000000</ele>
			</trkpt>
			<trkpt lat="39.810992" lon="2.854055">
				<ele>1095.000000</ele>
			</trkpt>
			<trkpt lat="39.811047" lon="2.854029">
				<ele>1096.000000</ele>
			</trkpt>
			<trkpt lat="39.811082" lon="2.854002">
				<ele>1096.000000</ele>
			</trkpt>
			<trkpt lat="39.811088" lon="2.853948">
				<ele>1097.000000</ele>
			</trkpt>
			<trkpt lat="39.811116" lon="2.853912">
				<ele>1098.000000</ele>
			</trkpt>
			<trkpt lat="39.811143" lon="2.853903">
				<ele>1098.000000</ele>
			</trkpt>
			<trkpt lat="39.811199" lon="2.853822">
				<ele>1100.000000</ele>
			</trkpt>
			<trkpt lat="39.811254" lon="2.853750">
				<ele>1102.000000</ele>
			</trkpt>
			<trkpt lat="39.811344" lon="2.853660">
				<ele>1105.000000</ele>
			</trkpt>
			<trkpt lat="39.811378" lon="2.853624">
				<ele>1107.000000</ele>
			</trkpt>
			<trkpt lat="39.811420" lon="2.853616">
				<ele>1108.000000</ele>
			</trkpt>
			<trkpt lat="39.811440" lon="2.853597">
				<ele>1109.000000</ele>
			</trkpt>
			<trkpt lat="39.811482" lon="2.853597">
				<ele>1110.000000</ele>
			</trkpt>
			<trkpt lat="39.811516" lon="2.853579">
				<ele>1111.000000</ele>
			</trkpt>
			<trkpt lat="39.811502" lon="2.853453">
				<ele>1113.000000</ele>
			</trkpt>
			<trkpt lat="39.811495" lon="2.853373">
				<ele>1114.000000</ele>
			</trkpt>
			<trkpt lat="39.811502" lon="2.853237">
				<ele>1116.000000</ele>
			</trkpt>
			<trkpt lat="39.811489" lon="2.853166">
				<ele>1118.000000</ele>
			</trkpt>
			<trkpt lat="39.811454" lon="2.852941">
				<ele>1120.000000</ele>
			</trkpt>
			<trkpt lat="39.811502" lon="2.852807">
				<ele>1121.000000</ele>
			</trkpt>
			<trkpt lat="39.811550" lon="2.852663">
				<ele>1122.000000</ele>
			</trkpt>
			<trkpt lat="39.811550" lon="2.852582">
				<ele>1123.000000</ele>
			</trkpt>
			<trkpt lat="39.811544" lon="2.852520">
				<ele>1123.000000</ele>
			</trkpt>
			<trkpt lat="39.811489" lon="2.852528">
				<ele>1123.000000</ele>
			</trkpt>
			<trkpt lat="39.811440" lon="2.852447">
				<ele>1124.000000</ele>
			</trkpt>
			<trkpt lat="39.811426" lon="2.852430">
				<ele>1124.000000</ele>
			</trkpt>
			<trkpt lat="39.811385" lon="2.852447">
				<ele>1124.000000</ele>
			</trkpt>
			<trkpt lat="39.811336" lon="2.852555">
				<ele>1125.000000</ele>
			</trkpt>
			<trkpt lat="39.811288" lon="2.852555">
				<ele>1126.000000</ele>
			</trkpt>
			<trkpt lat="39.811288" lon="2.852492">
				<ele>1126.000000</ele>
			</trkpt>
			<trkpt lat="39.811268" lon="2.852430">
				<ele>1126.000000</ele>
			</trkpt>
			<trkpt lat="39.811157" lon="2.852358">
				<ele>1127.000000</ele>
			</trkpt>
			<trkpt lat="39.811088" lon="2.852285">
				<ele>1128.000000</ele>
			</trkpt>
			<trkpt lat="39.811074" lon="2.852224">
				<ele>1128.000000</ele>
			</trkpt>
			<trkpt lat="39.811054" lon="2.852169">
				<ele>1129.000000</ele>
			</trkpt>
			<trkpt lat="39.810957" lon="2.852105">
				<ele>1129.000000</ele>
			</trkpt>
			<trkpt lat="39.810888" lon="2.852169">
				<ele>1130.000000</ele>
			</trkpt>
			<trkpt lat="39.810826" lon="2.852241">
				<ele>1132.000000</ele>
			</trkpt>
			<trkpt lat="39.810715" lon="2.852178">
				<ele>1136.000000</ele>
			</trkpt>
			<trkpt lat="39.810598" lon="2.852142">
				<ele>1140.000000</ele>
			</trkpt>
			<trkpt lat="39.810660" lon="2.852025">
				<ele>1140.000000</ele>
			</trkpt>
			<trkpt lat="39.810633" lon="2.851962">
				<ele>1141.000000</ele>
			</trkpt>
			<trkpt lat="39.810633" lon="2.851926">
				<ele>1142.000000</ele>
			</trkpt>
			<trkpt lat="39.810591" lon="2.851809">
				<ele>1145.000000</ele>
			</trkpt>
			<trkpt lat="39.810557" lon="2.851809">
				<ele>1146.000000</ele>
			</trkpt>
			<trkpt lat="39.810509" lon="2.851828">
				<ele>1148.000000</ele>
			</trkpt>
			<trkpt lat="39.810474" lon="2.851855">
				<ele>1149.000000</ele>
			</trkpt>
			<trkpt lat="39.810426" lon="2.851891">
				<ele>1151.000000</ele>
			</trkpt>
			<trkpt lat="39.810371" lon="2.851864">
				<ele>1154.000000</ele>
			</trkpt>
			<trkpt lat="39.810288" lon="2.851891">
				<ele>1159.000000</ele>
			</trkpt>
			<trkpt lat="39.810239" lon="2.851891">
				<ele>1161.000000</ele>
			</trkpt>
			<trkpt lat="39.810164" lon="2.851954">
				<ele>1164.000000</ele>
			</trkpt>
			<trkpt lat="39.810101" lon="2.852034">
				<ele>1167.000000</ele>
			</trkpt>
			<trkpt lat="39.810005" lon="2.852105">
				<ele>1171.000000</ele>
			</trkpt>
			<trkpt lat="39.809950" lon="2.852178">
				<ele>1173.000000</ele>
			</trkpt>
			<trkpt lat="39.809867" lon="2.852268">
				<ele>1175.000000</ele>
			</trkpt>
			<trkpt lat="39.809846" lon="2.852224">
				<ele>1176.000000</ele>
			</trkpt>
			<trkpt lat="39.809853" lon="2.852169">
				<ele>1177.000000</ele>
			</trkpt>
			<trkpt lat="39.809846" lon="2.852016">
				<ele>1180.000000</ele>
			</trkpt>
			<trkpt lat="39.809874" lon="2.851962">
				<ele>1180.000000</ele>
			</trkpt>
			<trkpt lat="39.809895" lon="2.851845">
				<ele>1181.000000</ele>
			</trkpt>
			<trkpt lat="39.809895" lon="2.851774">
				<ele>1181.000000</ele>
			</trkpt>
			<trkpt lat="39.809874" lon="2.851765">
				<ele>1182.000000</ele>
			</trkpt>
			<trkpt lat="39.809832" lon="2.851782">
				<ele>1182.000000</ele>
			</trkpt>
			<trkpt lat="39.809777" lon="2.851845">
				<ele>1183.000000</ele>
			</trkpt>
			<trkpt lat="39.809715" lon="2.851954">
				<ele>1185.000000</ele>
			</trkpt>
			<trkpt lat="39.809702" lon="2.852034">
				<ele>1185.000000</ele>
			</trkpt>
			<trkpt lat="39.809688" lon="2.852105">
				<ele>1186.000000</ele>
			</trkpt>
			<trkpt lat="39.809660" lon="2.852187">
				<ele>1187.000000</ele>
			</trkpt>
			<trkpt lat="39.809646" lon="2.852250">
				<ele>1188.000000</ele>
			</trkpt>
			<trkpt lat="39.809625" lon="2.852285">
				<ele>1188.000000</ele>
			</trkpt>
			<trkpt lat="39.809598" lon="2.852304">
				<ele>1189.000000</ele>
			</trkpt>
			<trkpt lat="39.809536" lon="2.852268">
				<ele>1190.000000</ele>
			</trkpt>
			<trkpt lat="39.809411" lon="2.852304">
				<ele>1192.000000</ele>
			</trkpt>
			<trkpt lat="39.809329" lon="2.852268">
				<ele>1195.000000</ele>
			</trkpt>
			<trkpt lat="39.809260" lon="2.852295">
				<ele>1196.000000</ele>
			</trkpt>
			<trkpt lat="39.809218" lon="2.852258">
				<ele>1198.000000</ele>
			</trkpt>
			<trkpt lat="39.809184" lon="2.852277">
				<ele>1199.000000</ele>
			</trkpt>
			<trkpt lat="39.809094" lon="2.852232">
				<ele>1200.000000</ele>
			</trkpt>
			<trkpt lat="39.809025" lon="2.852205">
				<ele>1200.000000</ele>
			</trkpt>
			<trkpt lat="39.808887" lon="2.852151">
				<ele>1200.000000</ele>
			</trkpt>
			<trkpt lat="39.808832" lon="2.852115">
				<ele>1200.000000</ele>
			</trkpt>
			<trkpt lat="39.808556" lon="2.852079">
				<ele>1200.000000</ele>
			</trkpt>
			<trkpt lat="39.808549" lon="2.852052">
				<ele>1200.000000</ele>
			</trkpt>
			<trkpt lat="39.808514" lon="2.852008">
				<ele>1200.000000</ele>
			</trkpt>
			<trkpt lat="39.808362" lon="2.851926">
				<ele>1200.000000</ele>
			</trkpt>
			<trkpt lat="39.808280" lon="2.851837">
				<ele>1200.000000</ele>
			</trkpt>
			<trkpt lat="39.808238" lon="2.851765">
				<ele>1200.000000</ele>
			</trkpt>
			<trkpt lat="39.808169" lon="2.851675">
				<ele>1200.000000</ele>
			</trkpt>
			<trkpt lat="39.808094" lon="2.851621">
				<ele>1200.000000</ele>
			</trkpt>
			<trkpt lat="39.808018" lon="2.851540">
				<ele>1200.000000</ele>
			</trkpt>
			<trkpt lat="39.807893" lon="2.851459">
				<ele>1200.000000</ele>
			</trkpt>
			<trkpt lat="39.807838" lon="2.851369">
				<ele>1200.000000</ele>
			</trkpt>
			<trkpt lat="39.807742" lon="2.851271">
				<ele>1200.000000</ele>
			</trkpt>
			<trkpt lat="39.807707" lon="2.851208">
				<ele>1200.000000</ele>
			</trkpt>
			<trkpt lat="39.807631" lon="2.851136">
				<ele>1200.000000</ele>
			</trkpt>
			<trkpt lat="39.807589" lon="2.851046">
				<ele>1200.000000</ele>
			</trkpt>
			<trkpt lat="39.807500" lon="2.850929">
				<ele>1200.000000</ele>
			</trkpt>
			<trkpt lat="39.807320" lon="2.850759">
				<ele>1200.000000</ele>
			</trkpt>
			<trkpt lat="39.807176" lon="2.850732">
				<ele>1200.000000</ele>
			</trkpt>
			<trkpt lat="39.807162" lon="2.850705">
				<ele>1200.000000</ele>
			</trkpt>
			<trkpt lat="39.807176" lon="2.850696">
				<ele>1200.000000</ele>
			</trkpt>
			<trkpt lat="39.807245" lon="2.850696">
				<ele>1200.000000</ele>
			</trkpt>
			<trkpt lat="39.807251" lon="2.850669">
				<ele>1200.000000</ele>
			</trkpt>
			<trkpt lat="39.807245" lon="2.850650">
				<ele>1200.000000</ele>
			</trkpt>
			<trkpt lat="39.807113" lon="2.850597">
				<ele>1198.000000</ele>
			</trkpt>
			<trkpt lat="39.807058" lon="2.850516">
				<ele>1196.000000</ele>
			</trkpt>
			<trkpt lat="39.807010" lon="2.850436">
				<ele>1195.000000</ele>
			</trkpt>
			<trkpt lat="39.806989" lon="2.850363">
				<ele>1194.000000</ele>
			</trkpt>
			<trkpt lat="39.806948" lon="2.850310">
				<ele>1194.000000</ele>
			</trkpt>
			<trkpt lat="39.806858" lon="2.850237">
				<ele>1192.000000</ele>
			</trkpt>
			<trkpt lat="39.806830" lon="2.850166">
				<ele>1191.000000</ele>
			</trkpt>
			<trkpt lat="39.806782" lon="2.850084">
				<ele>1190.000000</ele>
			</trkpt>
			<trkpt lat="39.806568" lon="2.849914">
				<ele>1186.000000</ele>
			</trkpt>
			<trkpt lat="39.806665" lon="2.849905">
				<ele>1185.000000</ele>
			</trkpt>
			<trkpt lat="39.806789" lon="2.849870">
				<ele>1183.000000</ele>
			</trkpt>
			<trkpt lat="39.806872" lon="2.849870">
				<ele>1182.000000</ele>
			</trkpt>
			<trkpt lat="39.806941" lon="2.849897">
				<ele>1181.000000</ele>
			</trkpt>
			<trkpt lat="39.806941" lon="2.849842">
				<ele>1180.000000</ele>
			</trkpt>
			<trkpt lat="39.806865" lon="2.849681">
				<ele>1178.000000</ele>
			</trkpt>
			<trkpt lat="39.806810" lon="2.849608">
				<ele>1176.000000</ele>
			</trkpt>
			<trkpt lat="39.806810" lon="2.849600">
				<ele>1176.000000</ele>
			</trkpt>
			<trkpt lat="39.806761" lon="2.849555">
				<ele>1175.000000</ele>
			</trkpt>
			<trkpt lat="39.806734" lon="2.849484">
				<ele>1174.000000</ele>
			</trkpt>
			<trkpt lat="39.806755" lon="2.849447">
				<ele>1173.000000</ele>
			</trkpt>
			<trkpt lat="39.806844" lon="2.849429">
				<ele>1172.000000</ele>
			</trkpt>
			<trkpt lat="39.806913" lon="2.849429">
				<ele>1170.000000</ele>
			</trkpt>
			<trkpt lat="39.806941" lon="2.849402">
				<ele>1170.000000</ele>
			</trkpt>
			<trkpt lat="39.806948" lon="2.849375">
				<ele>1170.000000</ele>
			</trkpt>
			<trkpt lat="39.806920" lon="2.849321">
				<ele>1169.000000</ele>
			</trkpt>
			<trkpt lat="39.806851" lon="2.849276">
				<ele>1168.000000</ele>
			</trkpt>
			<trkpt lat="39.806741" lon="2.849205">
				<ele>1166.000000</ele>
			</trkpt>
			<trkpt lat="39.806541" lon="2.849061">
				<ele>1163.000000</ele>
			</trkpt>
			<trkpt lat="39.806486" lon="2.849061">
				<ele>1163.000000</ele>
			</trkpt>
			<trkpt lat="39.806430" lon="2.849061">
				<ele>1162.000000</ele>
			</trkpt>
			<trkpt lat="39.806368" lon="2.848989">
				<ele>1161.000000</ele>
			</trkpt>
			<trkpt lat="39.806320" lon="2.848863">
				<ele>1159.000000</ele>
			</trkpt>
			<trkpt lat="39.806258" lon="2.848782">
				<ele>1157.000000</ele>
			</trkpt>
			<trkpt lat="39.806237" lon="2.848666">
				<ele>1155.000000</ele>
			</trkpt>
			<trkpt lat="39.806134" lon="2.848576">
				<ele>1153.000000</ele>
			</trkpt>
			<trkpt lat="39.806085" lon="2.848549">
				<ele>1151.000000</ele>
			</trkpt>
			<trkpt lat="39.806044" lon="2.848503">
				<ele>1150.000000</ele>
			</trkpt>
			<trkpt lat="39.806085" lon="2.848450">
				<ele>1149.000000</ele>
			</trkpt>
			<trkpt lat="39.806099" lon="2.848413">
				<ele>1148.000000</ele>
			</trkpt>
			<trkpt lat="39.806037" lon="2.848243">
				<ele>1143.000000</ele>
			</trkpt>
			<trkpt lat="39.805995" lon="2.848172">
				<ele>1141.000000</ele>
			</trkpt>
			<trkpt lat="39.805940" lon="2.848117">
				<ele>1140.000000</ele>
			</trkpt>
			<trkpt lat="39.805892" lon="2.848019">
				<ele>1138.000000</ele>
			</trkpt>
			<trkpt lat="39.805837" lon="2.848010">
				<ele>1137.000000</ele>
			</trkpt>
			<trkpt lat="39.805761" lon="2.848046">
				<ele>1135.000000</ele>
			</trkpt>
			<trkpt lat="39.805719" lon="2.848055">
				<ele>1135.000000</ele>
			</trkpt>
			<trkpt lat="39.805727" lon="2.847937">
				<ele>1133.000000</ele>
			</trkpt>
			<trkpt lat="39.805788" lon="2.847847">
				<ele>1131.000000</ele>
			</trkpt>
			<trkpt lat="39.805823" lon="2.847750">
				<ele>1130.000000</ele>
			</trkpt>
			<trkpt lat="39.805775" lon="2.847723">
				<ele>1129.000000</ele>
			</trkpt>
			<trkpt lat="39.805692" lon="2.847740">
				<ele>1127.000000</ele>
			</trkpt>
			<trkpt lat="39.805664" lon="2.847713">
				<ele>1126.000000</ele>
			</trkpt>
			<trkpt lat="39.805664" lon="2.847677">
				<ele>1126.000000</ele>
			</trkpt>
			<trkpt lat="39.805664" lon="2.847633">
				<ele>1125.000000</ele>
			</trkpt>
			<trkpt lat="39.805747" lon="2.847543">
				<ele>1123.000000</ele>
			</trkpt>
			<trkpt lat="39.805802" lon="2.847453">
				<ele>1121.000000</ele>
			</trkpt>
			<trkpt lat="39.805844" lon="2.847354">
				<ele>1120.000000</ele>
			</trkpt>
			<trkpt lat="39.805878" lon="2.847282">
				<ele>1119.000000</ele>
			</trkpt>
			<trkpt lat="39.805871" lon="2.847237">
				<ele>1119.000000</ele>
			</trkpt>
			<trkpt lat="39.805844" lon="2.847210">
				<ele>1118.000000</ele>
			</trkpt>
			<trkpt lat="39.805782" lon="2.847165">
				<ele>1118.000000</ele>
			</trkpt>
			<trkpt lat="39.805719" lon="2.847165">
				<ele>1117.000000</ele>
			</trkpt>
			<trkpt lat="39.805643" lon="2.847174">
				<ele>1116.000000</ele>
			</trkpt>
			<trkpt lat="39.805505" lon="2.847121">
				<ele>1114.000000</ele>
			</trkpt>
			<trkpt lat="39.805381" lon="2.847084">
				<ele>1113.000000</ele>
			</trkpt>
			<trkpt lat="39.805264" lon="2.847067">
				<ele>1111.000000</ele>
			</trkpt>
			<trkpt lat="39.805230" lon="2.846995">
				<ele>1110.000000</ele>
			</trkpt>
			<trkpt lat="39.805161" lon="2.846932">
				<ele>1109.000000</ele>
			</trkpt>
			<trkpt lat="39.805085" lon="2.846834">
				<ele>1107.000000</ele>
			</trkpt>
			<trkpt lat="39.804940" lon="2.846752">
				<ele>1105.000000</ele>
			</trkpt>
			<trkpt lat="39.804898" lon="2.846698">
				<ele>1104.000000</ele>
			</trkpt>
			<trkpt lat="39.804850" lon="2.846671">
				<ele>1103.000000</ele>
			</trkpt>
			<trkpt lat="39.804815" lon="2.846654">
				<ele>1102.000000</ele>
			</trkpt>
			<trkpt lat="39.804809" lon="2.846635">
				<ele>1102.000000</ele>
			</trkpt>
			<trkpt lat="39.804802" lon="2.846608">
				<ele>1102.000000</ele>
			</trkpt>
			<trkpt lat="39.804829" lon="2.846564">
				<ele>1101.000000</ele>
			</trkpt>
			<trkpt lat="39.804898" lon="2.846518">
				<ele>1100.000000</ele>
			</trkpt>
			<trkpt lat="39.804933" lon="2.846474">
				<ele>1099.000000</ele>
			</trkpt>
			<trkpt lat="39.804878" lon="2.846438">
				<ele>1098.000000</ele>
			</trkpt>
			<trkpt lat="39.804733" lon="2.846402">
				<ele>1096.000000</ele>
			</trkpt>
			<trkpt lat="39.804691" lon="2.846348">
				<ele>1095.000000</ele>
			</trkpt>
			<trkpt lat="39.804526" lon="2.846222">
				<ele>1092.000000</ele>
			</trkpt>
			<trkpt lat="39.804429" lon="2.846105">
				<ele>1090.000000</ele>
			</trkpt>
			<trkpt lat="39.804339" lon="2.846016">
				<ele>1087.000000</ele>
			</trkpt>
			<trkpt lat="39.804263" lon="2.845863">
				<ele>1083.000000</ele>
			</trkpt>
			<trkpt lat="39.804153" lon="2.845683">
				<ele>1079.000000</ele>
			</trkpt>
			<trkpt lat="39.804077" lon="2.845584">
				<ele>1078.000000</ele>
			</trkpt>
			<trkpt lat="39.803960" lon="2.845467">
				<ele>1075.000000</ele>
			</trkpt>
			<trkpt lat="39.803877" lon="2.845387">
				<ele>1074.000000</ele>
			</trkpt>
			<trkpt lat="39.803760" lon="2.845333">
				<ele>1072.000000</ele>
			</trkpt>
			<trkpt lat="39.803704" lon="2.845270">
				<ele>1070.000000</ele>
			</trkpt>
			<trkpt lat="39.803566" lon="2.845027">
				<ele>1067.000000</ele>
			</trkpt>
			<trkpt lat="39.803263" lon="2.844507">
				<ele>1058.000000</ele>
			</trkpt>
			<trkpt lat="39.803090" lon="2.844184">
				<ele>1053.000000</ele>
			</trkpt>
			<trkpt lat="39.803049" lon="2.844039">
				<ele>1051.000000</ele>
			</trkpt>
			<trkpt lat="39.803001" lon="2.843922">
				<ele>1050.000000</ele>
			</trkpt>
			<trkpt lat="39.802828" lon="2.843545">
				<ele>1046.000000</ele>
			</trkpt>
			<trkpt lat="39.802773" lon="2.843446">
				<ele>1045.000000</ele>
			</trkpt>
			<trkpt lat="39.802718" lon="2.843383">
				<ele>1044.000000</ele>
			</trkpt>
			<trkpt lat="39.802690" lon="2.843258">
				<ele>1043.000000</ele>
			</trkpt>
			<trkpt lat="39.802545" lon="2.843006">
				<ele>1040.000000</ele>
			</trkpt>
			<trkpt lat="39.802490" lon="2.842926">
				<ele>1039.000000</ele>
			</trkpt>
			<trkpt lat="39.802400" lon="2.842763">
				<ele>1038.000000</ele>
			</trkpt>
			<trkpt lat="39.802352" lon="2.842719">
				<ele>1037.000000</ele>
			</trkpt>
			<trkpt lat="39.802324" lon="2.842647">
				<ele>1037.000000</ele>
			</trkpt>
			<trkpt lat="39.802255" lon="2.842557">
				<ele>1036.000000</ele>
			</trkpt>
			<trkpt lat="39.802104" lon="2.842404">
				<ele>1034.000000</ele>
			</trkpt>
			<trkpt lat="39.802048" lon="2.842387">
				<ele>1034.000000</ele>
			</trkpt>
			<trkpt lat="39.802020" lon="2.842333">
				<ele>1033.000000</ele>
			</trkpt>
			<trkpt lat="39.801869" lon="2.842153">
				<ele>1031.000000</ele>
			</trkpt>
			<trkpt lat="39.801800" lon="2.842071">
				<ele>1030.000000</ele>
			</trkpt>
			<trkpt lat="39.801703" lon="2.841973">
				<ele>1029.000000</ele>
			</trkpt>
			<trkpt lat="39.801586" lon="2.841901">
				<ele>1027.000000</ele>
			</trkpt>
			<trkpt lat="39.801434" lon="2.841685">
				<ele>1024.000000</ele>
			</trkpt>
			<trkpt lat="39.801399" lon="2.841595">
				<ele>1023.000000</ele>
			</trkpt>
			<trkpt lat="39.801385" lon="2.841497">
				<ele>1022.000000</ele>
			</trkpt>
			<trkpt lat="39.801102" lon="2.841192">
				<ele>1017.000000</ele>
			</trkpt>
			<trkpt lat="39.800937" lon="2.841002">
				<ele>1013.000000</ele>
			</trkpt>
			<trkpt lat="39.800778" lon="2.840463">
				<ele>1008.000000</ele>
			</trkpt>
			<trkpt lat="39.800778" lon="2.840429">
				<ele>1008.000000</ele>
			</trkpt>
			<trkpt lat="39.800930" lon="2.840553">
				<ele>1006.000000</ele>
			</trkpt>
			<trkpt lat="39.801109" lon="2.840788">
				<ele>1004.000000</ele>
			</trkpt>
			<trkpt lat="39.801420" lon="2.840842">
				<ele>1002.000000</ele>
			</trkpt>
			<trkpt lat="39.801420" lon="2.840805">
				<ele>1002.000000</ele>
			</trkpt>
			<trkpt lat="39.801275" lon="2.840652">
				<ele>1000.000000</ele>
			</trkpt>
			<trkpt lat="39.800750" lon="2.839844">
				<ele>988.000000</ele>
			</trkpt>
			<trkpt lat="39.800433" lon="2.839673">
				<ele>984.000000</ele>
			</trkpt>
			<trkpt lat="39.800199" lon="2.839664">
				<ele>981.000000</ele>
			</trkpt>
			<trkpt lat="39.800178" lon="2.839601">
				<ele>981.000000</ele>
			</trkpt>
			<trkpt lat="39.800288" lon="2.839421">
				<ele>979.000000</ele>
			</trkpt>
			<trkpt lat="39.800302" lon="2.839287">
				<ele>978.000000</ele>
			</trkpt>
			<trkpt lat="39.800088" lon="2.839297">
				<ele>976.000000</ele>
			</trkpt>
			<trkpt lat="39.799895" lon="2.839395">
				<ele>974.000000</ele>
			</trkpt>
			<trkpt lat="39.799578" lon="2.839458">
				<ele>971.000000</ele>
			</trkpt>
			<trkpt lat="39.799509" lon="2.839386">
				<ele>970.000000</ele>
			</trkpt>
			<trkpt lat="39.799557" lon="2.839224">
				<ele>966.000000</ele>
			</trkpt>
			<trkpt lat="39.799467" lon="2.839188">
				<ele>964.000000</ele>
			</trkpt>
			<trkpt lat="39.799018" lon="2.839090">
				<ele>954.000000</ele>
			</trkpt>
			<trkpt lat="39.798859" lon="2.839071">
				<ele>951.000000</ele>
			</trkpt>
			<trkpt lat="39.798618" lon="2.839035">
				<ele>948.000000</ele>
			</trkpt>
			<trkpt lat="39.798452" lon="2.839071">
				<ele>946.000000</ele>
			</trkpt>
			<trkpt lat="39.798293" lon="2.839000">
				<ele>944.000000</ele>
			</trkpt>
			<trkpt lat="39.798094" lon="2.839090">
				<ele>941.000000</ele>
			</trkpt>
			<trkpt lat="39.798045" lon="2.839035">
				<ele>940.000000</ele>
			</trkpt>
			<trkpt lat="39.798025" lon="2.838802">
				<ele>935.000000</ele>
			</trkpt>
			<trkpt lat="39.797907" lon="2.838757">
				<ele>931.000000</ele>
			</trkpt>
			<trkpt lat="39.797803" lon="2.838614">
				<ele>925.000000</ele>
			</trkpt>
			<trkpt lat="39.797603" lon="2.838352">
				<ele>914.000000</ele>
			</trkpt>
			<trkpt lat="39.796182" lon="2.837167">
				<ele>875.000000</ele>
			</trkpt>
			<trkpt lat="39.795947" lon="2.837096">
				<ele>871.000000</ele>
			</trkpt>
			<trkpt lat="39.795782" lon="2.836834">
				<ele>866.000000</ele>
			</trkpt>
			<trkpt lat="39.795388" lon="2.836584">
				<ele>859.000000</ele>
			</trkpt>
			<trkpt lat="39.793842" lon="2.835316">
				<ele>840.000000</ele>
			</trkpt>
			<trkpt lat="39.793393" lon="2.835065">
				<ele>835.000000</ele>
			</trkpt>
			<trkpt lat="39.792848" lon="2.834670">
				<ele>828.000000</ele>
			</trkpt>
			<trkpt lat="39.792324" lon="2.834400">
				<ele>823.000000</ele>
			</trkpt>
			<trkpt lat="39.792116" lon="2.834068">
				<ele>818.000000</ele>
			</trkpt>
			<trkpt lat="39.792075" lon="2.833798">
				<ele>814.000000</ele>
			</trkpt>
			<trkpt lat="39.791978" lon="2.833637">
				<ele>810.000000</ele>
			</trkpt>
			<trkpt lat="39.791813" lon="2.833502">
				<ele>808.000000</ele>
			</trkpt>
			<trkpt lat="39.791094" lon="2.833125">
				<ele>802.000000</ele>
			</trkpt>
			<trkpt lat="39.789569" lon="2.831634">
				<ele>780.000000</ele>
			</trkpt>
			<trkpt lat="39.789556" lon="2.831230">
				<ele>776.000000</ele>
			</trkpt>
			<trkpt lat="39.789556" lon="2.831085">
				<ele>775.000000</ele>
			</trkpt>
			<trkpt lat="39.789569" lon="2.830933">
				<ele>774.000000</ele>
			</trkpt>
			<trkpt lat="39.789576" lon="2.830861">
				<ele>773.000000</ele>
			</trkpt>
			<trkpt lat="39.789548" lon="2.830771">
				<ele>772.000000</ele>
			</trkpt>
			<trkpt lat="39.789500" lon="2.830672">
				<ele>771.000000</ele>
			</trkpt>
			<trkpt lat="39.789210" lon="2.830412">
				<ele>770.000000</ele>
			</trkpt>
			<trkpt lat="39.788990" lon="2.830278">
				<ele>770.000000</ele>
			</trkpt>
			<trkpt lat="39.788941" lon="2.830215">
				<ele>770.000000</ele>
			</trkpt>
			<trkpt lat="39.788893" lon="2.830223">
				<ele>770.000000</ele>
			</trkpt>
			<trkpt lat="39.788851" lon="2.830223">
				<ele>770.000000</ele>
			</trkpt>
			<trkpt lat="39.788810" lon="2.830215">
				<ele>770.000000</ele>
			</trkpt>
			<trkpt lat="39.788768" lon="2.830160">
				<ele>770.000000</ele>
			</trkpt>
			<trkpt lat="39.788693" lon="2.829909">
				<ele>770.000000</ele>
			</trkpt>
			<trkpt lat="39.788623" lon="2.829756">
				<ele>770.000000</ele>
			</trkpt>
			<trkpt lat="39.788568" lon="2.829612">
				<ele>770.000000</ele>
			</trkpt>
			<trkpt lat="39.788506" lon="2.829450">
				<ele>770.000000</ele>
			</trkpt>
			<trkpt lat="39.788382" lon="2.829289">
				<ele>770.000000</ele>
			</trkpt>
			<trkpt lat="39.788230" lon="2.829136">
				<ele>770.000000</ele>
			</trkpt>
			<trkpt lat="39.788072" lon="2.828903">
				<ele>772.000000</ele>
			</trkpt>
			<trkpt lat="39.788051" lon="2.828804">
				<ele>772.000000</ele>
			</trkpt>
			<trkpt lat="39.787892" lon="2.828552">
				<ele>774.000000</ele>
			</trkpt>
			<trkpt lat="39.787892" lon="2.828471">
				<ele>775.000000</ele>
			</trkpt>
			<trkpt lat="39.787878" lon="2.828283">
				<ele>776.000000</ele>
			</trkpt>
			<trkpt lat="39.787768" lon="2.828265">
				<ele>776.000000</ele>
			</trkpt>
			<trkpt lat="39.787678" lon="2.828318">
				<ele>777.000000</ele>
			</trkpt>
			<trkpt lat="39.787622" lon="2.828427">
				<ele>778.000000</ele>
			</trkpt>
			<trkpt lat="39.787609" lon="2.828435">
				<ele>778.000000</ele>
			</trkpt>
			<trkpt lat="39.787574" lon="2.828400">
				<ele>778.000000</ele>
			</trkpt>
			<trkpt lat="39.787602" lon="2.828184">
				<ele>780.000000</ele>
			</trkpt>
			<trkpt lat="39.787685" lon="2.828076">
				<ele>781.000000</ele>
			</trkpt>
			<trkpt lat="39.787768" lon="2.827995">
				<ele>782.000000</ele>
			</trkpt>
			<trkpt lat="39.787871" lon="2.827815">
				<ele>785.000000</ele>
			</trkpt>
			<trkpt lat="39.787926" lon="2.827007">
				<ele>791.000000</ele>
			</trkpt>
			<trkpt lat="39.787926" lon="2.826882">
				<ele>792.000000</ele>
			</trkpt>
			<trkpt lat="39.787871" lon="2.826936">
				<ele>792.000000</ele>
			</trkpt>
			<trkpt lat="39.787760" lon="2.827152">
				<ele>794.000000</ele>
			</trkpt>
			<trkpt lat="39.787561" lon="2.827322">
				<ele>795.000000</ele>
			</trkpt>
			<trkpt lat="39.787595" lon="2.827213">
				<ele>796.000000</ele>
			</trkpt>
			<trkpt lat="39.787678" lon="2.827043">
				<ele>797.000000</ele>
			</trkpt>
			<trkpt lat="39.787830" lon="2.826387">
				<ele>800.000000</ele>
			</trkpt>
			<trkpt lat="39.787940" lon="2.825957">
				<ele>804.000000</ele>
			</trkpt>
			<trkpt lat="39.788043" lon="2.825615">
				<ele>807.000000</ele>
			</trkpt>
			<trkpt lat="39.788112" lon="2.825561">
				<ele>808.000000</ele>
			</trkpt>
			<trkpt lat="39.788278" lon="2.825507">
				<ele>810.000000</ele>
			</trkpt>
			<trkpt lat="39.788430" lon="2.825399">
				<ele>810.000000</ele>
			</trkpt>
			<trkpt lat="39.788548" lon="2.825418">
				<ele>810.000000</ele>
			</trkpt>
			<trkpt lat="39.788638" lon="2.825391">
				<ele>810.000000</ele>
			</trkpt>
			<trkpt lat="39.788720" lon="2.825418">
				<ele>810.000000</ele>
			</trkpt>
			<trkpt lat="39.788961" lon="2.825354">
				<ele>810.000000</ele>
			</trkpt>
			<trkpt lat="39.789452" lon="2.824968">
				<ele>810.000000</ele>
			</trkpt>
			<trkpt lat="39.789859" lon="2.825031">
				<ele>810.000000</ele>
			</trkpt>
			<trkpt lat="39.789935" lon="2.825013">
				<ele>810.000000</ele>
			</trkpt>
			<trkpt lat="39.790211" lon="2.824779">
				<ele>806.000000</ele>
			</trkpt>
			<trkpt lat="39.790170" lon="2.824905">
				<ele>805.000000</ele>
			</trkpt>
			<trkpt lat="39.790384" lon="2.824869">
				<ele>803.000000</ele>
			</trkpt>
			<trkpt lat="39.790543" lon="2.824680">
				<ele>801.000000</ele>
			</trkpt>
			<trkpt lat="39.790881" lon="2.824546">
				<ele>793.000000</ele>
			</trkpt>
			<trkpt lat="39.790998" lon="2.824312">
				<ele>786.000000</ele>
			</trkpt>
			<trkpt lat="39.791654" lon="2.824150">
				<ele>768.000000</ele>
			</trkpt>
			<trkpt lat="39.791847" lon="2.823962">
				<ele>765.000000</ele>
			</trkpt>
			<trkpt lat="39.791985" lon="2.823873">
				<ele>762.000000</ele>
			</trkpt>
			<trkpt lat="39.792075" lon="2.823827">
				<ele>761.000000</ele>
			</trkpt>
			<trkpt lat="39.792599" lon="2.822920">
				<ele>752.000000</ele>
			</trkpt>
			<trkpt lat="39.792793" lon="2.822704">
				<ele>750.000000</ele>
			</trkpt>
			<trkpt lat="39.792959" lon="2.822462">
				<ele>750.000000</ele>
			</trkpt>
			<trkpt lat="39.793276" lon="2.821699">
				<ele>750.000000</ele>
			</trkpt>
			<trkpt lat="39.793545" lon="2.820630">
				<ele>750.000000</ele>
			</trkpt>
			<trkpt lat="39.793607" lon="2.820207">
				<ele>750.000000</ele>
			</trkpt>
			<trkpt lat="39.793711" lon="2.819362">
				<ele>750.000000</ele>
			</trkpt>
			<trkpt lat="39.793807" lon="2.819129">
				<ele>750.000000</ele>
			</trkpt>
			<trkpt lat="39.793932" lon="2.818923">
				<ele>750.000000</ele>
			</trkpt>
			<trkpt lat="39.794056" lon="2.818743">
				<ele>750.000000</ele>
			</trkpt>
			<trkpt lat="39.794160" lon="2.818563">
				<ele>750.000000</ele>
			</trkpt>
			<trkpt lat="39.794173" lon="2.818500">
				<ele>750.000000</ele>
			</trkpt>
			<trkpt lat="39.794187" lon="2.818347">
				<ele>750.000000</ele>
			</trkpt>
			<trkpt lat="39.794173" lon="2.818267">
				<ele>750.000000</ele>
			</trkpt>
			<trkpt lat="39.793994" lon="2.818131">
				<ele>750.000000</ele>
			</trkpt>
			<trkpt lat="39.793642" lon="2.817925">
				<ele>752.000000</ele>
			</trkpt>
			<trkpt lat="39.793565" lon="2.817844">
				<ele>753.000000</ele>
			</trkpt>
			<trkpt lat="39.793525" lon="2.817665">
				<ele>755.000000</ele>
			</trkpt>
			<trkpt lat="39.793428" lon="2.817504">
				<ele>757.000000</ele>
			</trkpt>
			<trkpt lat="39.793124" lon="2.817368">
				<ele>760.000000</ele>
			</trkpt>
			<trkpt lat="39.793089" lon="2.817324">
				<ele>760.000000</ele>
			</trkpt>
			<trkpt lat="39.793069" lon="2.817261">
				<ele>760.000000</ele>
			</trkpt>
			<trkpt lat="39.793034" lon="2.817072">
				<ele>760.000000</ele>
			</trkpt>
			<trkpt lat="39.793048" lon="2.816848">
				<ele>760.000000</ele>
			</trkpt>
			<trkpt lat="39.793110" lon="2.816686">
				<ele>757.000000</ele>
			</trkpt>
			<trkpt lat="39.793331" lon="2.816344">
				<ele>750.000000</ele>
			</trkpt>
			<trkpt lat="39.793338" lon="2.816227">
				<ele>750.000000</ele>
			</trkpt>
			<trkpt lat="39.793324" lon="2.816120">
				<ele>750.000000</ele>
			</trkpt>
			<trkpt lat="39.793255" lon="2.815984">
				<ele>750.000000</ele>
			</trkpt>
			<trkpt lat="39.793179" lon="2.815868">
				<ele>750.000000</ele>
			</trkpt>
			<trkpt lat="39.793152" lon="2.815751">
				<ele>750.000000</ele>
			</trkpt>
			<trkpt lat="39.793131" lon="2.815454">
				<ele>750.000000</ele>
			</trkpt>
			<trkpt lat="39.793138" lon="2.814709">
				<ele>750.000000</ele>
			</trkpt>
			<trkpt lat="39.792993" lon="2.814152">
				<ele>750.000000</ele>
			</trkpt>
			<trkpt lat="39.792786" lon="2.813559">
				<ele>750.000000</ele>
			</trkpt>
			<trkpt lat="39.792358" lon="2.812464">
				<ele>750.000000</ele>
			</trkpt>
			<trkpt lat="39.792068" lon="2.812257">
				<ele>751.000000</ele>
			</trkpt>
			<trkpt lat="39.791882" lon="2.812275">
				<ele>756.000000</ele>
			</trkpt>
			<trkpt lat="39.791702" lon="2.812204">
				<ele>760.000000</ele>
			</trkpt>
			<trkpt lat="39.791585" lon="2.812086">
				<ele>760.000000</ele>
			</trkpt>
			<trkpt lat="39.791564" lon="2.811961">
				<ele>760.000000</ele>
			</trkpt>
			<trkpt lat="39.791633" lon="2.811493">
				<ele>756.000000</ele>
			</trkpt>
			<trkpt lat="39.791495" lon="2.810946">
				<ele>752.000000</ele>
			</trkpt>
			<trkpt lat="39.791391" lon="2.810101">
				<ele>750.000000</ele>
			</trkpt>
			<trkpt lat="39.791343" lon="2.809525">
				<ele>750.000000</ele>
			</trkpt>
			<trkpt lat="39.791343" lon="2.809338">
				<ele>750.000000</ele>
			</trkpt>
			<trkpt lat="39.791385" lon="2.809095">
				<ele>750.000000</ele>
			</trkpt>
			<trkpt lat="39.791350" lon="2.808835">
				<ele>750.000000</ele>
			</trkpt>
			<trkpt lat="39.791316" lon="2.808682">
				<ele>750.000000</ele>
			</trkpt>
			<trkpt lat="39.791247" lon="2.808475">
				<ele>750.000000</ele>
			</trkpt>
			<trkpt lat="39.791019" lon="2.807783">
				<ele>750.000000</ele>
			</trkpt>
			<trkpt lat="39.791046" lon="2.807523">
				<ele>750.000000</ele>
			</trkpt>
			<trkpt lat="39.791012" lon="2.807380">
				<ele>750.000000</ele>
			</trkpt>
			<trkpt lat="39.790839" lon="2.806912">
				<ele>750.000000</ele>
			</trkpt>
			<trkpt lat="39.790763" lon="2.806588">
				<ele>750.000000</ele>
			</trkpt>
			<trkpt lat="39.790681" lon="2.806382">
				<ele>750.000000</ele>
			</trkpt>
			<trkpt lat="39.790687" lon="2.806301">
				<ele>750.000000</ele>
			</trkpt>
			<trkpt lat="39.790673" lon="2.806238">
				<ele>750.000000</ele>
			</trkpt>
			<trkpt lat="39.790618" lon="2.805888">
				<ele>750.000000</ele>
			</trkpt>
			<trkpt lat="39.790632" lon="2.805726">
				<ele>750.000000</ele>
			</trkpt>
			<trkpt lat="39.790681" lon="2.805592">
				<ele>750.000000</ele>
			</trkpt>
			<trkpt lat="39.790742" lon="2.805430">
				<ele>750.000000</ele>
			</trkpt>
			<trkpt lat="39.791150" lon="2.805034">
				<ele>741.000000</ele>
			</trkpt>
			<trkpt lat="39.791288" lon="2.804828">
				<ele>740.000000</ele>
			</trkpt>
			<trkpt lat="39.791316" lon="2.804756">
				<ele>740.000000</ele>
			</trkpt>
			<trkpt lat="39.791322" lon="2.804657">
				<ele>740.000000</ele>
			</trkpt>
			<trkpt lat="39.791308" lon="2.804567">
				<ele>740.000000</ele>
			</trkpt>
			<trkpt lat="39.790908" lon="2.803849">
				<ele>748.000000</ele>
			</trkpt>
			<trkpt lat="39.790425" lon="2.803696">
				<ele>751.000000</ele>
			</trkpt>
			<trkpt lat="39.790232" lon="2.803543">
				<ele>751.000000</ele>
			</trkpt>
			<trkpt lat="39.790184" lon="2.803480">
				<ele>751.000000</ele>
			</trkpt>
			<trkpt lat="39.789721" lon="2.802753">
				<ele>752.000000</ele>
			</trkpt>
			<trkpt lat="39.789521" lon="2.802520">
				<ele>753.000000</ele>
			</trkpt>
			<trkpt lat="39.789438" lon="2.802348">
				<ele>753.000000</ele>
			</trkpt>
			<trkpt lat="39.789169" lon="2.801845">
				<ele>754.000000</ele>
			</trkpt>
			<trkpt lat="39.788900" lon="2.801684">
				<ele>755.000000</ele>
			</trkpt>
			<trkpt lat="39.788707" lon="2.801432">
				<ele>755.000000</ele>
			</trkpt>
			<trkpt lat="39.788630" lon="2.801271">
				<ele>756.000000</ele>
			</trkpt>
			<trkpt lat="39.787968" lon="2.800462">
				<ele>757.000000</ele>
			</trkpt>
			<trkpt lat="39.787685" lon="2.800013">
				<ele>758.000000</ele>
			</trkpt>
			<trkpt lat="39.787477" lon="2.799600">
				<ele>759.000000</ele>
			</trkpt>
			<trkpt lat="39.787464" lon="2.799464">
				<ele>759.000000</ele>
			</trkpt>
			<trkpt lat="39.787284" lon="2.799187">
				<ele>759.000000</ele>
			</trkpt>
			<trkpt lat="39.787188" lon="2.798980">
				<ele>760.000000</ele>
			</trkpt>
			<trkpt lat="39.787091" lon="2.799034">
				<ele>760.000000</ele>
			</trkpt>
			<trkpt lat="39.787029" lon="2.799141">
				<ele>760.000000</ele>
			</trkpt>
			<trkpt lat="39.787001" lon="2.799114">
				<ele>760.000000</ele>
			</trkpt>
			<trkpt lat="39.787001" lon="2.798845">
				<ele>760.000000</ele>
			</trkpt>
			<trkpt lat="39.787043" lon="2.798656">
				<ele>760.000000</ele>
			</trkpt>
			<trkpt lat="39.787056" lon="2.798485">
				<ele>760.000000</ele>
			</trkpt>
			<trkpt lat="39.787064" lon="2.798396">
				<ele>760.000000</ele>
			</trkpt>
			<trkpt lat="39.787043" lon="2.798333">
				<ele>760.000000</ele>
			</trkpt>
			<trkpt lat="39.786863" lon="2.797856">
				<ele>768.000000</ele>
			</trkpt>
			<trkpt lat="39.786857" lon="2.797839">
				<ele>769.000000</ele>
			</trkpt>
			<trkpt lat="39.786801" lon="2.797669">
				<ele>768.000000</ele>
			</trkpt>
			<trkpt lat="39.786781" lon="2.797443">
				<ele>767.000000</ele>
			</trkpt>
			<trkpt lat="39.786898" lon="2.797300">
				<ele>767.000000</ele>
			</trkpt>
			<trkpt lat="39.786960" lon="2.797210">
				<ele>766.000000</ele>
			</trkpt>
			<trkpt lat="39.787070" lon="2.797030">
				<ele>766.000000</ele>
			</trkpt>
			<trkpt lat="39.787257" lon="2.796841">
				<ele>765.000000</ele>
			</trkpt>
			<trkpt lat="39.787339" lon="2.796778">
				<ele>764.000000</ele>
			</trkpt>
			<trkpt lat="39.787429" lon="2.796608">
				<ele>762.000000</ele>
			</trkpt>
			<trkpt lat="39.787492" lon="2.796428">
				<ele>761.000000</ele>
			</trkpt>
			<trkpt lat="39.787622" lon="2.796258">
				<ele>760.000000</ele>
			</trkpt>
			<trkpt lat="39.787691" lon="2.796240">
				<ele>760.000000</ele>
			</trkpt>
			<trkpt lat="39.787768" lon="2.796132">
				<ele>759.000000</ele>
			</trkpt>
			<trkpt lat="39.787857" lon="2.795944">
				<ele>759.000000</ele>
			</trkpt>
			<trkpt lat="39.787913" lon="2.795728">
				<ele>758.000000</ele>
			</trkpt>
			<trkpt lat="39.787954" lon="2.795611">
				<ele>758.000000</ele>
			</trkpt>
			<trkpt lat="39.788051" lon="2.795485">
				<ele>757.000000</ele>
			</trkpt>
			<trkpt lat="39.788085" lon="2.795440">
				<ele>757.000000</ele>
			</trkpt>
			<trkpt lat="39.788106" lon="2.795333">
				<ele>757.000000</ele>
			</trkpt>
			<trkpt lat="39.788092" lon="2.795198">
				<ele>757.000000</ele>
			</trkpt>
			<trkpt lat="39.788051" lon="2.794910">
				<ele>756.000000</ele>
			</trkpt>
			<trkpt lat="39.788037" lon="2.794784">
				<ele>756.000000</ele>
			</trkpt>
			<trkpt lat="39.788058" lon="2.794632">
				<ele>755.000000</ele>
			</trkpt>
			<trkpt lat="39.788085" lon="2.794497">
				<ele>755.000000</ele>
			</trkpt>
			<trkpt lat="39.788133" lon="2.794371">
				<ele>754.000000</ele>
			</trkpt>
			<trkpt lat="39.788223" lon="2.794227">
				<ele>754.000000</ele>
			</trkpt>
			<trkpt lat="39.788257" lon="2.794120">
				<ele>754.000000</ele>
			</trkpt>
			<trkpt lat="39.788285" lon="2.794003">
				<ele>753.000000</ele>
			</trkpt>
			<trkpt lat="39.788313" lon="2.793904">
				<ele>753.000000</ele>
			</trkpt>
			<trkpt lat="39.788347" lon="2.793832">
				<ele>753.000000</ele>
			</trkpt>
			<trkpt lat="39.788395" lon="2.793788">
				<ele>753.000000</ele>
			</trkpt>
			<trkpt lat="39.788465" lon="2.793734">
				<ele>753.000000</ele>
			</trkpt>
			<trkpt lat="39.788603" lon="2.793662">
				<ele>752.000000</ele>
			</trkpt>
			<trkpt lat="39.788686" lon="2.793598">
				<ele>752.000000</ele>
			</trkpt>
			<trkpt lat="39.788748" lon="2.793535">
				<ele>752.000000</ele>
			</trkpt>
			<trkpt lat="39.788879" lon="2.793446">
				<ele>751.000000</ele>
			</trkpt>
			<trkpt lat="39.788996" lon="2.793338">
				<ele>751.000000</ele>
			</trkpt>
			<trkpt lat="39.789045" lon="2.793311">
				<ele>750.000000</ele>
			</trkpt>
			<trkpt lat="39.789065" lon="2.793266">
				<ele>750.000000</ele>
			</trkpt>
			<trkpt lat="39.789079" lon="2.792961">
				<ele>750.000000</ele>
			</trkpt>
			<trkpt lat="39.789100" lon="2.792818">
				<ele>750.000000</ele>
			</trkpt>
			<trkpt lat="39.789114" lon="2.792790">
				<ele>750.000000</ele>
			</trkpt>
			<trkpt lat="39.789100" lon="2.792719">
				<ele>750.000000</ele>
			</trkpt>
			<trkpt lat="39.789065" lon="2.792629">
				<ele>750.000000</ele>
			</trkpt>
			<trkpt lat="39.789045" lon="2.792593">
				<ele>750.000000</ele>
			</trkpt>
			<trkpt lat="39.788644" lon="2.791910">
				<ele>750.000000</ele>
			</trkpt>
			<trkpt lat="39.788257" lon="2.791191">
				<ele>750.000000</ele>
			</trkpt>
			<trkpt lat="39.788209" lon="2.791092">
				<ele>750.000000</ele>
			</trkpt>
			<trkpt lat="39.788202" lon="2.790985">
				<ele>750.000000</ele>
			</trkpt>
			<trkpt lat="39.788271" lon="2.790671">
				<ele>750.000000</ele>
			</trkpt>
			<trkpt lat="39.788299" lon="2.790518">
				<ele>750.000000</ele>
			</trkpt>
			<trkpt lat="39.788292" lon="2.790472">
				<ele>750.000000</ele>
			</trkpt>
			<trkpt lat="39.788244" lon="2.790436">
				<ele>750.000000</ele>
			</trkpt>
			<trkpt lat="39.787982" lon="2.790392">
				<ele>750.000000</ele>
			</trkpt>
			<trkpt lat="39.787857" lon="2.790311">
				<ele>750.000000</ele>
			</trkpt>
			<trkpt lat="39.787740" lon="2.790149">
				<ele>750.000000</ele>
			</trkpt>
			<trkpt lat="39.787105" lon="2.789090">
				<ele>750.000000</ele>
			</trkpt>
			<trkpt lat="39.786132" lon="2.787436">
				<ele>750.000000</ele>
			</trkpt>
			<trkpt lat="39.785524" lon="2.786403">
				<ele>750.000000</ele>
			</trkpt>
			<trkpt lat="39.784806" lon="2.785101">
				<ele>750.000000</ele>
			</trkpt>
			<trkpt lat="39.784571" lon="2.784795">
				<ele>750.000000</ele>
			</trkpt>
			<trkpt lat="39.784302" lon="2.784625">
				<ele>750.000000</ele>
			</trkpt>
			<trkpt lat="39.784068" lon="2.784463">
				<ele>750.000000</ele>
			</trkpt>
			<trkpt lat="39.783702" lon="2.784050">
				<ele>750.000000</ele>
			</trkpt>
			<trkpt lat="39.783619" lon="2.784004">
				<ele>750.000000</ele>
			</trkpt>
			<trkpt lat="39.783433" lon="2.783790">
				<ele>750.000000</ele>
			</trkpt>
			<trkpt lat="39.782562" lon="2.783287">
				<ele>750.000000</ele>
			</trkpt>
			<trkpt lat="39.782149" lon="2.782954">
				<ele>750.000000</ele>
			</trkpt>
			<trkpt lat="39.781837" lon="2.782568">
				<ele>750.000000</ele>
			</trkpt>
			<trkpt lat="39.781396" lon="2.781903">
				<ele>750.000000</ele>
			</trkpt>
			<trkpt lat="39.780995" lon="2.781562">
				<ele>750.000000</ele>
			</trkpt>
			<trkpt lat="39.780726" lon="2.781292">
				<ele>750.000000</ele>
			</trkpt>
			<trkpt lat="39.780492" lon="2.781067">
				<ele>750.000000</ele>
			</trkpt>
			<trkpt lat="39.780257" lon="2.780824">
				<ele>750.000000</ele>
			</trkpt>
			<trkpt lat="39.780160" lon="2.780753">
				<ele>750.000000</ele>
			</trkpt>
			<trkpt lat="39.780077" lon="2.780735">
				<ele>750.000000</ele>
			</trkpt>
			<trkpt lat="39.779947" lon="2.780681">
				<ele>750.000000</ele>
			</trkpt>
			<trkpt lat="39.779829" lon="2.780637">
				<ele>750.000000</ele>
			</trkpt>
			<trkpt lat="39.779677" lon="2.780520">
				<ele>750.000000</ele>
			</trkpt>
			<trkpt lat="39.779546" lon="2.780367">
				<ele>750.000000</ele>
			</trkpt>
			<trkpt lat="39.779436" lon="2.780205">
				<ele>751.000000</ele>
			</trkpt>
			<trkpt lat="39.779235" lon="2.779595">
				<ele>753.000000</ele>
			</trkpt>
			<trkpt lat="39.779193" lon="2.779495">
				<ele>753.000000</ele>
			</trkpt>
			<trkpt lat="39.779132" lon="2.779432">
				<ele>753.000000</ele>
			</trkpt>
			<trkpt lat="39.778634" lon="2.778993">
				<ele>756.000000</ele>
			</trkpt>
			<trkpt lat="39.778600" lon="2.778939">
				<ele>756.000000</ele>
			</trkpt>
			<trkpt lat="39.778483" lon="2.778759">
				<ele>756.000000</ele>
			</trkpt>
			<trkpt lat="39.778372" lon="2.778732">
				<ele>757.000000</ele>
			</trkpt>
			<trkpt lat="39.778310" lon="2.778687">
				<ele>757.000000</ele>
			</trkpt>
			<trkpt lat="39.778200" lon="2.778543">
				<ele>758.000000</ele>
			</trkpt>
			<trkpt lat="39.778137" lon="2.778507">
				<ele>758.000000</ele>
			</trkpt>
			<trkpt lat="39.778124" lon="2.778490">
				<ele>758.000000</ele>
			</trkpt>
			<trkpt lat="39.778068" lon="2.778534">
				<ele>758.000000</ele>
			</trkpt>
			<trkpt lat="39.777999" lon="2.778408">
				<ele>759.000000</ele>
			</trkpt>
			<trkpt lat="39.777896" lon="2.778211">
				<ele>759.000000</ele>
			</trkpt>
			<trkpt lat="39.777771" lon="2.777897">
				<ele>760.000000</ele>
			</trkpt>
			<trkpt lat="39.777640" lon="2.777635">
				<ele>761.000000</ele>
			</trkpt>
			<trkpt lat="39.777585" lon="2.777564">
				<ele>761.000000</ele>
			</trkpt>
			<trkpt lat="39.777392" lon="2.777421">
				<ele>762.000000</ele>
			</trkpt>
			<trkpt lat="39.777295" lon="2.777321">
				<ele>762.000000</ele>
			</trkpt>
			<trkpt lat="39.777005" lon="2.777159">
				<ele>763.000000</ele>
			</trkpt>
			<trkpt lat="39.776667" lon="2.776872">
				<ele>764.000000</ele>
			</trkpt>
			<trkpt lat="39.776398" lon="2.776683">
				<ele>765.000000</ele>
			</trkpt>
			<trkpt lat="39.776191" lon="2.776369">
				<ele>767.000000</ele>
			</trkpt>
			<trkpt lat="39.775921" lon="2.776127">
				<ele>768.000000</ele>
			</trkpt>
			<trkpt lat="39.775783" lon="2.775929">
				<ele>768.000000</ele>
			</trkpt>
			<trkpt lat="39.775611" lon="2.775731">
				<ele>769.000000</ele>
			</trkpt>
			<trkpt lat="39.775445" lon="2.775624">
				<ele>770.000000</ele>
			</trkpt>
			<trkpt lat="39.775203" lon="2.775471">
				<ele>772.000000</ele>
			</trkpt>
			<trkpt lat="39.775051" lon="2.775453">
				<ele>773.000000</ele>
			</trkpt>
			<trkpt lat="39.774962" lon="2.775461">
				<ele>774.000000</ele>
			</trkpt>
			<trkpt lat="39.774913" lon="2.775435">
				<ele>775.000000</ele>
			</trkpt>
			<trkpt lat="39.774858" lon="2.775282">
				<ele>776.000000</ele>
			</trkpt>
			<trkpt lat="39.774823" lon="2.775237">
				<ele>776.000000</ele>
			</trkpt>
			<trkpt lat="39.774727" lon="2.775138">
				<ele>777.000000</ele>
			</trkpt>
			<trkpt lat="39.774430" lon="2.774905">
				<ele>780.000000</ele>
			</trkpt>
			<trkpt lat="39.774368" lon="2.774869">
				<ele>780.000000</ele>
			</trkpt>
			<trkpt lat="39.774313" lon="2.774788">
				<ele>780.000000</ele>
			</trkpt>
			<trkpt lat="39.774264" lon="2.774446">
				<ele>781.000000</ele>
			</trkpt>
			<trkpt lat="39.774292" lon="2.774329">
				<ele>781.000000</ele>
			</trkpt>
			<trkpt lat="39.774327" lon="2.774240">
				<ele>782.000000</ele>
			</trkpt>
			<trkpt lat="39.774437" lon="2.774042">
				<ele>782.000000</ele>
			</trkpt>
			<trkpt lat="39.774437" lon="2.773979">
				<ele>782.000000</ele>
			</trkpt>
			<trkpt lat="39.774402" lon="2.773908">
				<ele>782.000000</ele>
			</trkpt>
			<trkpt lat="39.774133" lon="2.773647">
				<ele>783.000000</ele>
			</trkpt>
			<trkpt lat="39.773871" lon="2.773333">
				<ele>784.000000</ele>
			</trkpt>
			<trkpt lat="39.773588" lon="2.772857">
				<ele>785.000000</ele>
			</trkpt>
			<trkpt lat="39.773525" lon="2.772803">
				<ele>785.000000</ele>
			</trkpt>
			<trkpt lat="39.773332" lon="2.772695">
				<ele>786.000000</ele>
			</trkpt>
			<trkpt lat="39.773270" lon="2.772605">
				<ele>786.000000</ele>
			</trkpt>
			<trkpt lat="39.773112" lon="2.772264">
				<ele>787.000000</ele>
			</trkpt>
			<trkpt lat="39.772966" lon="2.771968">
				<ele>788.000000</ele>
			</trkpt>
			<trkpt lat="39.772435" lon="2.771079">
				<ele>790.000000</ele>
			</trkpt>
			<trkpt lat="39.772373" lon="2.770997">
				<ele>790.000000</ele>
			</trkpt>
			<trkpt lat="39.772310" lon="2.770926">
				<ele>790.000000</ele>
			</trkpt>
			<trkpt lat="39.772110" lon="2.770782">
				<ele>791.000000</ele>
			</trkpt>
			<trkpt lat="39.771896" lon="2.770700">
				<ele>792.000000</ele>
			</trkpt>
			<trkpt lat="39.771807" lon="2.770647">
				<ele>793.000000</ele>
			</trkpt>
			<trkpt lat="39.771454" lon="2.770108">
				<ele>796.000000</ele>
			</trkpt>
			<trkpt lat="39.770943" lon="2.769381">
				<ele>799.000000</ele>
			</trkpt>
			<trkpt lat="39.770605" lon="2.769165">
				<ele>801.000000</ele>
			</trkpt>
			<trkpt lat="39.770508" lon="2.769075">
				<ele>802.000000</ele>
			</trkpt>
			<trkpt lat="39.770370" lon="2.768905">
				<ele>803.000000</ele>
			</trkpt>
			<trkpt lat="39.770308" lon="2.768842">
				<ele>803.000000</ele>
			</trkpt>
			<trkpt lat="39.770211" lon="2.768787">
				<ele>804.000000</ele>
			</trkpt>
			<trkpt lat="39.769880" lon="2.768347">
				<ele>806.000000</ele>
			</trkpt>
			<trkpt lat="39.769755" lon="2.768230">
				<ele>807.000000</ele>
			</trkpt>
			<trkpt lat="39.769880" lon="2.768069">
				<ele>808.000000</ele>
			</trkpt>
			<trkpt lat="39.769887" lon="2.768006">
				<ele>808.000000</ele>
			</trkpt>
			<trkpt lat="39.769845" lon="2.767916">
				<ele>809.000000</ele>
			</trkpt>
			<trkpt lat="39.769728" lon="2.767754">
				<ele>810.000000</ele>
			</trkpt>
			<trkpt lat="39.769493" lon="2.767566">
				<ele>813.000000</ele>
			</trkpt>
			<trkpt lat="39.769051" lon="2.767054">
				<ele>821.000000</ele>
			</trkpt>
			<trkpt lat="39.768872" lon="2.766784">
				<ele>824.000000</ele>
			</trkpt>
			<trkpt lat="39.768762" lon="2.766569">
				<ele>826.000000</ele>
			</trkpt>
			<trkpt lat="39.768699" lon="2.766398">
				<ele>828.000000</ele>
			</trkpt>
			<trkpt lat="39.768561" lon="2.766092">
				<ele>831.000000</ele>
			</trkpt>
			<trkpt lat="39.768396" lon="2.765859">
				<ele>834.000000</ele>
			</trkpt>
			<trkpt lat="39.768230" lon="2.765689">
				<ele>836.000000</ele>
			</trkpt>
			<trkpt lat="39.768071" lon="2.765500">
				<ele>839.000000</ele>
			</trkpt>
			<trkpt lat="39.767753" lon="2.765213">
				<ele>845.000000</ele>
			</trkpt>
			<trkpt lat="39.767470" lon="2.765014">
				<ele>850.000000</ele>
			</trkpt>
			<trkpt lat="39.767311" lon="2.764951">
				<ele>853.000000</ele>
			</trkpt>
			<trkpt lat="39.767201" lon="2.764844">
				<ele>855.000000</ele>
			</trkpt>
			<trkpt lat="39.767077" lon="2.764708">
				<ele>857.000000</ele>
			</trkpt>
			<trkpt lat="39.766945" lon="2.764511">
				<ele>860.000000</ele>
			</trkpt>
			<trkpt lat="39.766876" lon="2.764332">
				<ele>863.000000</ele>
			</trkpt>
			<trkpt lat="39.766725" lon="2.764035">
				<ele>867.000000</ele>
			</trkpt>
			<trkpt lat="39.766662" lon="2.763963">
				<ele>868.000000</ele>
			</trkpt>
			<trkpt lat="39.766552" lon="2.763928">
				<ele>870.000000</ele>
			</trkpt>
			<trkpt lat="39.766524" lon="2.763838">
				<ele>870.000000</ele>
			</trkpt>
			<trkpt lat="39.766386" lon="2.763595">
				<ele>870.000000</ele>
			</trkpt>
			<trkpt lat="39.766324" lon="2.763532">
				<ele>870.000000</ele>
			</trkpt>
			<trkpt lat="39.766324" lon="2.763487">
				<ele>870.000000</ele>
			</trkpt>
			<trkpt lat="39.766296" lon="2.763469">
				<ele>870.000000</ele>
			</trkpt>
			<trkpt lat="39.766262" lon="2.763505">
				<ele>870.000000</ele>
			</trkpt>
			<trkpt lat="39.766220" lon="2.763515">
				<ele>870.000000</ele>
			</trkpt>
			<trkpt lat="39.766193" lon="2.763487">
				<ele>870.000000</ele>
			</trkpt>
			<trkpt lat="39.766145" lon="2.763335">
				<ele>870.000000</ele>
			</trkpt>
			<trkpt lat="39.766117" lon="2.763263">
				<ele>870.000000</ele>
			</trkpt>
			<trkpt lat="39.766124" lon="2.763155">
				<ele>870.000000</ele>
			</trkpt>
			<trkpt lat="39.766075" lon="2.763083">
				<ele>870.000000</ele>
			</trkpt>
			<trkpt lat="39.766055" lon="2.763047">
				<ele>870.000000</ele>
			</trkpt>
			<trkpt lat="39.766041" lon="2.763029">
				<ele>870.000000</ele>
			</trkpt>
			<trkpt lat="39.765951" lon="2.762949">
				<ele>870.000000</ele>
			</trkpt>
			<trkpt lat="39.765903" lon="2.762930">
				<ele>870.000000</ele>
			</trkpt>
			<trkpt lat="39.765675" lon="2.762823">
				<ele>870.000000</ele>
			</trkpt>
			<trkpt lat="39.765544" lon="2.762769">
				<ele>870.000000</ele>
			</trkpt>
			<trkpt lat="39.765481" lon="2.762706">
				<ele>870.000000</ele>
			</trkpt>
			<trkpt lat="39.765468" lon="2.762616">
				<ele>870.000000</ele>
			</trkpt>
			<trkpt lat="39.765447" lon="2.762534">
				<ele>870.000000</ele>
			</trkpt>
			<trkpt lat="39.765412" lon="2.762473">
				<ele>870.000000</ele>
			</trkpt>
			<trkpt lat="39.765337" lon="2.762391">
				<ele>870.000000</ele>
			</trkpt>
			<trkpt lat="39.765323" lon="2.762383">
				<ele>870.000000</ele>
			</trkpt>
			<trkpt lat="39.765302" lon="2.762391">
				<ele>870.000000</ele>
			</trkpt>
			<trkpt lat="39.765267" lon="2.762427">
				<ele>870.000000</ele>
			</trkpt>
			<trkpt lat="39.765233" lon="2.762454">
				<ele>870.000000</ele>
			</trkpt>
			<trkpt lat="39.765068" lon="2.762580">
				<ele>870.000000</ele>
			</trkpt>
			<trkpt lat="39.765005" lon="2.762500">
				<ele>870.000000</ele>
			</trkpt>
			<trkpt lat="39.764840" lon="2.762454">
				<ele>870.000000</ele>
			</trkpt>
			<trkpt lat="39.764819" lon="2.762427">
				<ele>870.000000</ele>
			</trkpt>
			<trkpt lat="39.764860" lon="2.762328">
				<ele>869.000000</ele>
			</trkpt>
			<trkpt lat="39.764915" lon="2.762247">
				<ele>868.000000</ele>
			</trkpt>
			<trkpt lat="39.764929" lon="2.762211">
				<ele>868.000000</ele>
			</trkpt>
			<trkpt lat="39.764922" lon="2.762140">
				<ele>867.000000</ele>
			</trkpt>
			<trkpt lat="39.764909" lon="2.762121">
				<ele>867.000000</ele>
			</trkpt>
			<trkpt lat="39.764881" lon="2.762121">
				<ele>867.000000</ele>
			</trkpt>
			<trkpt lat="39.764909" lon="2.762068">
				<ele>866.000000</ele>
			</trkpt>
			<trkpt lat="39.764874" lon="2.761997">
				<ele>866.000000</ele>
			</trkpt>
			<trkpt lat="39.764653" lon="2.762113">
				<ele>863.000000</ele>
			</trkpt>
			<trkpt lat="39.764625" lon="2.762050">
				<ele>863.000000</ele>
			</trkpt>
			<trkpt lat="39.764536" lon="2.761879">
				<ele>861.000000</ele>
			</trkpt>
			<trkpt lat="39.764425" lon="2.761871">
				<ele>860.000000</ele>
			</trkpt>
			<trkpt lat="39.764170" lon="2.761745">
				<ele>855.000000</ele>
			</trkpt>
			<trkpt lat="39.764045" lon="2.761771">
				<ele>852.000000</ele>
			</trkpt>
			<trkpt lat="39.763720" lon="2.761762">
				<ele>845.000000</ele>
			</trkpt>
			<trkpt lat="39.763611" lon="2.761727">
				<ele>843.000000</ele>
			</trkpt>
			<trkpt lat="39.763624" lon="2.761618">
				<ele>842.000000</ele>
			</trkpt>
			<trkpt lat="39.763299" lon="2.761395">
				<ele>836.000000</ele>
			</trkpt>
			<trkpt lat="39.763120" lon="2.761421">
				<ele>834.000000</ele>
			</trkpt>
			<trkpt lat="39.763002" lon="2.761349">
				<ele>832.000000</ele>
			</trkpt>
			<trkpt lat="39.762975" lon="2.761313">
				<ele>832.000000</ele>
			</trkpt>
			<trkpt lat="39.763016" lon="2.761286">
				<ele>831.000000</ele>
			</trkpt>
			<trkpt lat="39.763065" lon="2.761295">
				<ele>831.000000</ele>
			</trkpt>
			<trkpt lat="39.763071" lon="2.761242">
				<ele>830.000000</ele>
			</trkpt>
			<trkpt lat="39.763010" lon="2.761196">
				<ele>828.000000</ele>
			</trkpt>
			<trkpt lat="39.762947" lon="2.761142">
				<ele>827.000000</ele>
			</trkpt>
			<trkpt lat="39.762906" lon="2.761098">
				<ele>825.000000</ele>
			</trkpt>
			<trkpt lat="39.762941" lon="2.761035">
				<ele>824.000000</ele>
			</trkpt>
			<trkpt lat="39.762844" lon="2.760936">
				<ele>821.000000</ele>
			</trkpt>
			<trkpt lat="39.762692" lon="2.760846">
				<ele>817.000000</ele>
			</trkpt>
			<trkpt lat="39.762395" lon="2.760685">
				<ele>809.000000</ele>
			</trkpt>
			<trkpt lat="39.762409" lon="2.760532">
				<ele>807.000000</ele>
			</trkpt>
			<trkpt lat="39.762374" lon="2.760479">
				<ele>805.000000</ele>
			</trkpt>
			<trkpt lat="39.762402" lon="2.760370">
				<ele>803.000000</ele>
			</trkpt>
			<trkpt lat="39.762188" lon="2.760110">
				<ele>796.000000</ele>
			</trkpt>
			<trkpt lat="39.761939" lon="2.759858">
				<ele>790.000000</ele>
			</trkpt>
			<trkpt lat="39.761725" lon="2.759831">
				<ele>786.000000</ele>
			</trkpt>
			<trkpt lat="39.761442" lon="2.759984">
				<ele>782.000000</ele>
			</trkpt>
			<trkpt lat="39.761421" lon="2.759894">
				<ele>780.000000</ele>
			</trkpt>
			<trkpt lat="39.761145" lon="2.759947">
				<ele>774.000000</ele>
			</trkpt>
			<trkpt lat="39.760924" lon="2.759903">
				<ele>768.000000</ele>
			</trkpt>
			<trkpt lat="39.760814" lon="2.759858">
				<ele>766.000000</ele>
			</trkpt>
			<trkpt lat="39.760800" lon="2.759768">
				<ele>764.000000</ele>
			</trkpt>
			<trkpt lat="39.760883" lon="2.759678">
				<ele>762.000000</ele>
			</trkpt>
			<trkpt lat="39.760910" lon="2.759634">
				<ele>761.000000</ele>
			</trkpt>
			<trkpt lat="39.760834" lon="2.759624">
				<ele>760.000000</ele>
			</trkpt>
			<trkpt lat="39.760738" lon="2.759597">
				<ele>759.000000</ele>
			</trkpt>
			<trkpt lat="39.760724" lon="2.759553">
				<ele>758.000000</ele>
			</trkpt>
			<trkpt lat="39.760745" lon="2.759508">
				<ele>758.000000</ele>
			</trkpt>
			<trkpt lat="39.760786" lon="2.759481">
				<ele>757.000000</ele>
			</trkpt>
			<trkpt lat="39.760876" lon="2.759454">
				<ele>756.000000</ele>
			</trkpt>
			<trkpt lat="39.760945" lon="2.759400">
				<ele>756.000000</ele>
			</trkpt>
			<trkpt lat="39.761000" lon="2.759337">
				<ele>755.000000</ele>
			</trkpt>
			<trkpt lat="39.761014" lon="2.759274">
				<ele>754.000000</ele>
			</trkpt>
			<trkpt lat="39.761014" lon="2.759175">
				<ele>753.000000</ele>
			</trkpt>
			<trkpt lat="39.760897" lon="2.759014">
				<ele>751.000000</ele>
			</trkpt>
			<trkpt lat="39.760828" lon="2.758871">
				<ele>750.000000</ele>
			</trkpt>
			<trkpt lat="39.760772" lon="2.758781">
				<ele>748.000000</ele>
			</trkpt>
			<trkpt lat="39.760661" lon="2.758672">
				<ele>744.000000</ele>
			</trkpt>
			<trkpt lat="39.760489" lon="2.758376">
				<ele>737.000000</ele>
			</trkpt>
			<trkpt lat="39.760316" lon="2.757792">
				<ele>728.000000</ele>
			</trkpt>
			<trkpt lat="39.760240" lon="2.757523">
				<ele>723.000000</ele>
			</trkpt>
			<trkpt lat="39.760206" lon="2.757154">
				<ele>715.000000</ele>
			</trkpt>
			<trkpt lat="39.760185" lon="2.757055">
				<ele>713.000000</ele>
			</trkpt>
			<trkpt lat="39.760130" lon="2.756858">
				<ele>709.000000</ele>
			</trkpt>
			<trkpt lat="39.760123" lon="2.756768">
				<ele>708.000000</ele>
			</trkpt>
			<trkpt lat="39.760081" lon="2.756668">
				<ele>706.000000</ele>
			</trkpt>
			<trkpt lat="39.760061" lon="2.756651">
				<ele>705.000000</ele>
			</trkpt>
			<trkpt lat="39.760020" lon="2.756660">
				<ele>704.000000</ele>
			</trkpt>
			<trkpt lat="39.759985" lon="2.756660">
				<ele>704.000000</ele>
			</trkpt>
			<trkpt lat="39.759888" lon="2.756697">
				<ele>701.000000</ele>
			</trkpt>
			<trkpt lat="39.759771" lon="2.756705">
				<ele>699.000000</ele>
			</trkpt>
			<trkpt lat="39.759578" lon="2.756597">
				<ele>694.000000</ele>
			</trkpt>
			<trkpt lat="39.759509" lon="2.756534">
				<ele>692.000000</ele>
			</trkpt>
			<trkpt lat="39.759377" lon="2.756355">
				<ele>690.000000</ele>
			</trkpt>
			<trkpt lat="39.759267" lon="2.756255">
				<ele>689.000000</ele>
			</trkpt>
			<trkpt lat="39.759135" lon="2.756166">
				<ele>688.000000</ele>
			</trkpt>
			<trkpt lat="39.759094" lon="2.756158">
				<ele>688.000000</ele>
			</trkpt>
			<trkpt lat="39.759046" lon="2.756202">
				<ele>687.000000</ele>
			</trkpt>
			<trkpt lat="39.759011" lon="2.756175">
				<ele>687.000000</ele>
			</trkpt>
			<trkpt lat="39.758997" lon="2.756121">
				<ele>687.000000</ele>
			</trkpt>
			<trkpt lat="39.759011" lon="2.756068">
				<ele>687.000000</ele>
			</trkpt>
			<trkpt lat="39.759053" lon="2.756041">
				<ele>686.000000</ele>
			</trkpt>
			<trkpt lat="39.759149" lon="2.756022">
				<ele>686.000000</ele>
			</trkpt>
			<trkpt lat="39.759281" lon="2.756041">
				<ele>685.000000</ele>
			</trkpt>
			<trkpt lat="39.759363" lon="2.756005">
				<ele>684.000000</ele>
			</trkpt>
			<trkpt lat="39.759419" lon="2.755968">
				<ele>684.000000</ele>
			</trkpt>
			<trkpt lat="39.759495" lon="2.755978">
				<ele>684.000000</ele>
			</trkpt>
			<trkpt lat="39.759591" lon="2.756005">
				<ele>683.000000</ele>
			</trkpt>
			<trkpt lat="39.759633" lon="2.756013">
				<ele>683.000000</ele>
			</trkpt>
			<trkpt lat="39.759723" lon="2.755995">
				<ele>682.000000</ele>
			</trkpt>
			<trkpt lat="39.759853" lon="2.755923">
				<ele>681.000000</ele>
			</trkpt>
			<trkpt lat="39.760006" lon="2.755932">
				<ele>680.000000</ele>
			</trkpt>
			<trkpt lat="39.760165" lon="2.755932">
				<ele>680.000000</ele>
			</trkpt>
			<trkpt lat="39.760220" lon="2.755942">
				<ele>680.000000</ele>
			</trkpt>
			<trkpt lat="39.760344" lon="2.756005">
				<ele>680.000000</ele>
			</trkpt>
			<trkpt lat="39.760454" lon="2.756068">
				<ele>680.000000</ele>
			</trkpt>
			<trkpt lat="39.760531" lon="2.756121">
				<ele>680.000000</ele>
			</trkpt>
			<trkpt lat="39.760558" lon="2.756139">
				<ele>680.000000</ele>
			</trkpt>
			<trkpt lat="39.760641" lon="2.756166">
				<ele>680.000000</ele>
			</trkpt>
			<trkpt lat="39.760738" lon="2.756175">
				<ele>680.000000</ele>
			</trkpt>
			<trkpt lat="39.760848" lon="2.756148">
				<ele>680.000000</ele>
			</trkpt>
			<trkpt lat="39.760952" lon="2.756112">
				<ele>676.000000</ele>
			</trkpt>
			<trkpt lat="39.761069" lon="2.756049">
				<ele>670.000000</ele>
			</trkpt>
			<trkpt lat="39.761193" lon="2.755923">
				<ele>670.000000</ele>
			</trkpt>
			<trkpt lat="39.761380" lon="2.756005">
				<ele>670.000000</ele>
			</trkpt>
			<trkpt lat="39.761490" lon="2.756121">
				<ele>671.000000</ele>
			</trkpt>
			<trkpt lat="39.761601" lon="2.756166">
				<ele>675.000000</ele>
			</trkpt>
			<trkpt lat="39.761732" lon="2.756247">
				<ele>680.000000</ele>
			</trkpt>
			<trkpt lat="39.761787" lon="2.756328">
				<ele>686.000000</ele>
			</trkpt>
			<trkpt lat="39.761988" lon="2.756660">
				<ele>718.000000</ele>
			</trkpt>
			<trkpt lat="39.762036" lon="2.756758">
				<ele>728.000000</ele>
			</trkpt>
			<trkpt lat="39.762064" lon="2.756840">
				<ele>732.000000</ele>
			</trkpt>
			<trkpt lat="39.762126" lon="2.756903">
				<ele>735.000000</ele>
			</trkpt>
			<trkpt lat="39.762147" lon="2.756911">
				<ele>736.000000</ele>
			</trkpt>
			<trkpt lat="39.762326" lon="2.756894">
				<ele>737.000000</ele>
			</trkpt>
			<trkpt lat="39.762395" lon="2.756867">
				<ele>735.000000</ele>
			</trkpt>
			<trkpt lat="39.762485" lon="2.756813">
				<ele>731.000000</ele>
			</trkpt>
			<trkpt lat="39.762533" lon="2.756750">
				<ele>727.000000</ele>
			</trkpt>
			<trkpt lat="39.762471" lon="2.756544">
				<ele>706.000000</ele>
			</trkpt>
			<trkpt lat="39.762436" lon="2.756462">
				<ele>697.000000</ele>
			</trkpt>
			<trkpt lat="39.762416" lon="2.756400">
				<ele>690.000000</ele>
			</trkpt>
			<trkpt lat="39.762409" lon="2.756310">
				<ele>681.000000</ele>
			</trkpt>
			<trkpt lat="39.762416" lon="2.756247">
				<ele>674.000000</ele>
			</trkpt>
			<trkpt lat="39.762430" lon="2.756221">
				<ele>670.000000</ele>
			</trkpt>
			<trkpt lat="39.762464" lon="2.756175">
				<ele>669.000000</ele>
			</trkpt>
			<trkpt lat="39.762505" lon="2.756158">
				<ele>667.000000</ele>
			</trkpt>
			<trkpt lat="39.762540" lon="2.756175">
				<ele>666.000000</ele>
			</trkpt>
			<trkpt lat="39.762616" lon="2.756202">
				<ele>664.000000</ele>
			</trkpt>
			<trkpt lat="39.762685" lon="2.756166">
				<ele>662.000000</ele>
			</trkpt>
			<trkpt lat="39.762719" lon="2.756148">
				<ele>661.000000</ele>
			</trkpt>
			<trkpt lat="39.762740" lon="2.756131">
				<ele>660.000000</ele>
			</trkpt>
			<trkpt lat="39.762719" lon="2.756112">
				<ele>660.000000</ele>
			</trkpt>
			<trkpt lat="39.762699" lon="2.756112">
				<ele>659.000000</ele>
			</trkpt>
			<trkpt lat="39.762595" lon="2.756085">
				<ele>655.000000</ele>
			</trkpt>
			<trkpt lat="39.762540" lon="2.756068">
				<ele>653.000000</ele>
			</trkpt>
			<trkpt lat="39.762499" lon="2.756005">
				<ele>651.000000</ele>
			</trkpt>
			<trkpt lat="39.762485" lon="2.755986">
				<ele>651.000000</ele>
			</trkpt>
			<trkpt lat="39.762464" lon="2.755959">
				<ele>650.000000</ele>
			</trkpt>
			<trkpt lat="39.762464" lon="2.755915">
				<ele>649.000000</ele>
			</trkpt>
			<trkpt lat="39.762464" lon="2.755879">
				<ele>648.000000</ele>
			</trkpt>
			<trkpt lat="39.762478" lon="2.755861">
				<ele>647.000000</ele>
			</trkpt>
			<trkpt lat="39.762526" lon="2.755923">
				<ele>645.000000</ele>
			</trkpt>
			<trkpt lat="39.762589" lon="2.755932">
				<ele>643.000000</ele>
			</trkpt>
			<trkpt lat="39.762719" lon="2.755861">
				<ele>636.000000</ele>
			</trkpt>
			<trkpt lat="39.762788" lon="2.755762">
				<ele>629.000000</ele>
			</trkpt>
			<trkpt lat="39.762899" lon="2.755689">
				<ele>621.000000</ele>
			</trkpt>
			<trkpt lat="39.762906" lon="2.755663">
				<ele>620.000000</ele>
			</trkpt>
			<trkpt lat="39.762823" lon="2.755626">
				<ele>616.000000</ele>
			</trkpt>
			<trkpt lat="39.762796" lon="2.755618">
				<ele>615.000000</ele>
			</trkpt>
			<trkpt lat="39.762809" lon="2.755592">
				<ele>614.000000</ele>
			</trkpt>
			<trkpt lat="39.762892" lon="2.755483">
				<ele>609.000000</ele>
			</trkpt>
			<trkpt lat="39.762844" lon="2.755429">
				<ele>607.000000</ele>
			</trkpt>
			<trkpt lat="39.762830" lon="2.755393">
				<ele>606.000000</ele>
			</trkpt>
			<trkpt lat="39.762851" lon="2.755349">
				<ele>605.000000</ele>
			</trkpt>
			<trkpt lat="39.762892" lon="2.755349">
				<ele>604.000000</ele>
			</trkpt>
			<trkpt lat="39.762927" lon="2.755376">
				<ele>602.000000</ele>
			</trkpt>
			<trkpt lat="39.762961" lon="2.755393">
				<ele>601.000000</ele>
			</trkpt>
			<trkpt lat="39.762996" lon="2.755366">
				<ele>600.000000</ele>
			</trkpt>
			<trkpt lat="39.763100" lon="2.755483">
				<ele>602.000000</ele>
			</trkpt>
			<trkpt lat="39.763169" lon="2.755555">
				<ele>603.000000</ele>
			</trkpt>
			<trkpt lat="39.763265" lon="2.755600">
				<ele>605.000000</ele>
			</trkpt>
			<trkpt lat="39.763286" lon="2.755592">
				<ele>605.000000</ele>
			</trkpt>
			<trkpt lat="39.763293" lon="2.755573">
				<ele>606.000000</ele>
			</trkpt>
			<trkpt lat="39.763258" lon="2.755537">
				<ele>606.000000</ele>
			</trkpt>
			<trkpt lat="39.763258" lon="2.755529">
				<ele>606.000000</ele>
			</trkpt>
			<trkpt lat="39.763272" lon="2.755519">
				<ele>607.000000</ele>
			</trkpt>
			<trkpt lat="39.763341" lon="2.755555">
				<ele>608.000000</ele>
			</trkpt>
			<trkpt lat="39.763410" lon="2.755672">
				<ele>610.000000</ele>
			</trkpt>
			<trkpt lat="39.763445" lon="2.755762">
				<ele>610.000000</ele>
			</trkpt>
			<trkpt lat="39.763452" lon="2.755771">
				<ele>610.000000</ele>
			</trkpt>
			<trkpt lat="39.763458" lon="2.755744">
				<ele>610.000000</ele>
			</trkpt>
			<trkpt lat="39.763472" lon="2.755699">
				<ele>610.000000</ele>
			</trkpt>
			<trkpt lat="39.763479" lon="2.755681">
				<ele>610.000000</ele>
			</trkpt>
			<trkpt lat="39.763493" lon="2.755699">
				<ele>610.000000</ele>
			</trkpt>
			<trkpt lat="39.763507" lon="2.755779">
				<ele>611.000000</ele>
			</trkpt>
			<trkpt lat="39.763534" lon="2.755816">
				<ele>612.000000</ele>
			</trkpt>
			<trkpt lat="39.763582" lon="2.755861">
				<ele>613.000000</ele>
			</trkpt>
			<trkpt lat="39.763603" lon="2.755869">
				<ele>614.000000</ele>
			</trkpt>
			<trkpt lat="39.763611" lon="2.755842">
				<ele>614.000000</ele>
			</trkpt>
			<trkpt lat="39.763590" lon="2.755771">
				<ele>616.000000</ele>
			</trkpt>
			<trkpt lat="39.763611" lon="2.755771">
				<ele>616.000000</ele>
			</trkpt>
			<trkpt lat="39.763672" lon="2.755879">
				<ele>619.000000</ele>
			</trkpt>
			<trkpt lat="39.763783" lon="2.755951">
				<ele>620.000000</ele>
			</trkpt>
			<trkpt lat="39.763887" lon="2.755959">
				<ele>619.000000</ele>
			</trkpt>
			<trkpt lat="39.763914" lon="2.755951">
				<ele>617.000000</ele>
			</trkpt>
			<trkpt lat="39.763907" lon="2.755905">
				<ele>615.000000</ele>
			</trkpt>
			<trkpt lat="39.763866" lon="2.755888">
				<ele>611.000000</ele>
			</trkpt>
			<trkpt lat="39.763866" lon="2.755852">
				<ele>609.000000</ele>
			</trkpt>
			<trkpt lat="39.763914" lon="2.755834">
				<ele>605.000000</ele>
			</trkpt>
			<trkpt lat="39.764025" lon="2.755762">
				<ele>594.000000</ele>
			</trkpt>
			<trkpt lat="39.764059" lon="2.755716">
				<ele>589.000000</ele>
			</trkpt>
			<trkpt lat="39.764149" lon="2.755573">
				<ele>571.000000</ele>
			</trkpt>
			<trkpt lat="39.764176" lon="2.755529">
				<ele>570.000000</ele>
			</trkpt>
			<trkpt lat="39.764225" lon="2.755510">
				<ele>570.000000</ele>
			</trkpt>
			<trkpt lat="39.764266" lon="2.755529">
				<ele>570.000000</ele>
			</trkpt>
			<trkpt lat="39.764287" lon="2.755565">
				<ele>570.000000</ele>
			</trkpt>
			<trkpt lat="39.764335" lon="2.755636">
				<ele>570.000000</ele>
			</trkpt>
			<trkpt lat="39.764377" lon="2.755681">
				<ele>570.000000</ele>
			</trkpt>
			<trkpt lat="39.764439" lon="2.755744">
				<ele>570.000000</ele>
			</trkpt>
			<trkpt lat="39.764536" lon="2.755771">
				<ele>570.000000</ele>
			</trkpt>
			<trkpt lat="39.764598" lon="2.755798">
				<ele>570.000000</ele>
			</trkpt>
			<trkpt lat="39.764708" lon="2.755825">
				<ele>570.000000</ele>
			</trkpt>
			<trkpt lat="39.764743" lon="2.755834">
				<ele>570.000000</ele>
			</trkpt>
			<trkpt lat="39.764819" lon="2.755816">
				<ele>567.000000</ele>
			</trkpt>
			<trkpt lat="39.764929" lon="2.755716">
				<ele>560.000000</ele>
			</trkpt>
			<trkpt lat="39.765005" lon="2.755762">
				<ele>560.000000</ele>
			</trkpt>
			<trkpt lat="39.765116" lon="2.755852">
				<ele>561.000000</ele>
			</trkpt>
			<trkpt lat="39.765157" lon="2.755896">
				<ele>565.000000</ele>
			</trkpt>
			<trkpt lat="39.765178" lon="2.756041">
				<ele>577.000000</ele>
			</trkpt>
			<trkpt lat="39.765302" lon="2.756247">
				<ele>590.000000</ele>
			</trkpt>
			<trkpt lat="39.765295" lon="2.756085">
				<ele>580.000000</ele>
			</trkpt>
			<trkpt lat="39.765433" lon="2.756247">
				<ele>590.000000</ele>
			</trkpt>
			<trkpt lat="39.765447" lon="2.756328">
				<ele>599.000000</ele>
			</trkpt>
			<trkpt lat="39.765454" lon="2.756381">
				<ele>605.000000</ele>
			</trkpt>
			<trkpt lat="39.765475" lon="2.756427">
				<ele>610.000000</ele>
			</trkpt>
			<trkpt lat="39.765516" lon="2.756445">
				<ele>610.000000</ele>
			</trkpt>
			<trkpt lat="39.765565" lon="2.756381">
				<ele>599.000000</ele>
			</trkpt>
			<trkpt lat="39.765558" lon="2.756282">
				<ele>587.000000</ele>
			</trkpt>
			<trkpt lat="39.765592" lon="2.756211">
				<ele>577.000000</ele>
			</trkpt>
			<trkpt lat="39.765758" lon="2.756139">
				<ele>559.000000</ele>
			</trkpt>
			<trkpt lat="39.765634" lon="2.756049">
				<ele>554.000000</ele>
			</trkpt>
			<trkpt lat="39.765813" lon="2.756031">
				<ele>545.000000</ele>
			</trkpt>
			<trkpt lat="39.765931" lon="2.755995">
				<ele>536.000000</ele>
			</trkpt>
			<trkpt lat="39.766034" lon="2.755932">
				<ele>527.000000</ele>
			</trkpt>
			<trkpt lat="39.766096" lon="2.755852">
				<ele>520.000000</ele>
			</trkpt>
			<trkpt lat="39.766061" lon="2.755852">
				<ele>520.000000</ele>
			</trkpt>
			<trkpt lat="39.765979" lon="2.755861">
				<ele>521.000000</ele>
			</trkpt>
			<trkpt lat="39.765882" lon="2.755798">
				<ele>523.000000</ele>
			</trkpt>
			<trkpt lat="39.765772" lon="2.755744">
				<ele>525.000000</ele>
			</trkpt>
			<trkpt lat="39.765668" lon="2.755699">
				<ele>526.000000</ele>
			</trkpt>
			<trkpt lat="39.765537" lon="2.755663">
				<ele>528.000000</ele>
			</trkpt>
			<trkpt lat="39.765420" lon="2.755626">
				<ele>530.000000</ele>
			</trkpt>
			<trkpt lat="39.765357" lon="2.755546">
				<ele>527.000000</ele>
			</trkpt>
			<trkpt lat="39.765247" lon="2.755475">
				<ele>522.000000</ele>
			</trkpt>
			<trkpt lat="39.765233" lon="2.755412">
				<ele>520.000000</ele>
			</trkpt>
			<trkpt lat="39.765254" lon="2.755376">
				<ele>518.000000</ele>
			</trkpt>
			<trkpt lat="39.765240" lon="2.755295">
				<ele>514.000000</ele>
			</trkpt>
			<trkpt lat="39.765351" lon="2.755276">
				<ele>508.000000</ele>
			</trkpt>
			<trkpt lat="39.765219" lon="2.755142">
				<ele>502.000000</ele>
			</trkpt>
			<trkpt lat="39.765412" lon="2.755124">
				<ele>495.000000</ele>
			</trkpt>
			<trkpt lat="39.765489" lon="2.755106">
				<ele>492.000000</ele>
			</trkpt>
			<trkpt lat="39.765426" lon="2.755007">
				<ele>488.000000</ele>
			</trkpt>
			<trkpt lat="39.765261" lon="2.754827">
				<ele>478.000000</ele>
			</trkpt>
			<trkpt lat="39.765157" lon="2.754613">
				<ele>469.000000</ele>
			</trkpt>
			<trkpt lat="39.765178" lon="2.754594">
				<ele>468.000000</ele>
			</trkpt>
			<trkpt lat="39.765282" lon="2.754666">
				<ele>465.000000</ele>
			</trkpt>
			<trkpt lat="39.765343" lon="2.754666">
				<ele>463.000000</ele>
			</trkpt>
			<trkpt lat="39.765426" lon="2.754630">
				<ele>461.000000</ele>
			</trkpt>
			<trkpt lat="39.765282" lon="2.754460">
				<ele>454.000000</ele>
			</trkpt>
			<trkpt lat="39.765378" lon="2.754423">
				<ele>450.000000</ele>
			</trkpt>
			<trkpt lat="39.765309" lon="2.754351">
				<ele>447.000000</ele>
			</trkpt>
			<trkpt lat="39.765399" lon="2.754351">
				<ele>444.000000</ele>
			</trkpt>
			<trkpt lat="39.765406" lon="2.754334">
				<ele>443.000000</ele>
			</trkpt>
			<trkpt lat="39.765212" lon="2.754127">
				<ele>434.000000</ele>
			</trkpt>
			<trkpt lat="39.765047" lon="2.753938">
				<ele>429.000000</ele>
			</trkpt>
			<trkpt lat="39.764846" lon="2.753812">
				<ele>426.000000</ele>
			</trkpt>
			<trkpt lat="39.764805" lon="2.753785">
				<ele>426.000000</ele>
			</trkpt>
			<trkpt lat="39.764715" lon="2.753768">
				<ele>425.000000</ele>
			</trkpt>
			<trkpt lat="39.764646" lon="2.753812">
				<ele>424.000000</ele>
			</trkpt>
			<trkpt lat="39.764598" lon="2.753821">
				<ele>423.000000</ele>
			</trkpt>
			<trkpt lat="39.764494" lon="2.753768">
				<ele>422.000000</ele>
			</trkpt>
			<trkpt lat="39.764411" lon="2.753678">
				<ele>421.000000</ele>
			</trkpt>
			<trkpt lat="39.764329" lon="2.753525">
				<ele>418.000000</ele>
			</trkpt>
			<trkpt lat="39.764246" lon="2.753426">
				<ele>416.000000</ele>
			</trkpt>
			<trkpt lat="39.764114" lon="2.753336">
				<ele>413.000000</ele>
			</trkpt>
			<trkpt lat="39.764101" lon="2.753301">
				<ele>412.000000</ele>
			</trkpt>
			<trkpt lat="39.764301" lon="2.753309">
				<ele>408.000000</ele>
			</trkpt>
			<trkpt lat="39.764467" lon="2.753345">
				<ele>404.000000</ele>
			</trkpt>
			<trkpt lat="39.764743" lon="2.753318">
				<ele>398.000000</ele>
			</trkpt>
			<trkpt lat="39.764922" lon="2.753202">
				<ele>392.000000</ele>
			</trkpt>
			<trkpt lat="39.764978" lon="2.753175">
				<ele>390.000000</ele>
			</trkpt>
			<trkpt lat="39.765033" lon="2.753102">
				<ele>389.000000</ele>
			</trkpt>
			<trkpt lat="39.765164" lon="2.753085">
				<ele>388.000000</ele>
			</trkpt>
			<trkpt lat="39.765240" lon="2.753066">
				<ele>387.000000</ele>
			</trkpt>
			<trkpt lat="39.765385" lon="2.752896">
				<ele>384.000000</ele>
			</trkpt>
			<trkpt lat="39.765682" lon="2.752915">
				<ele>381.000000</ele>
			</trkpt>
			<trkpt lat="39.765730" lon="2.752896">
				<ele>380.000000</ele>
			</trkpt>
			<trkpt lat="39.765765" lon="2.752879">
				<ele>380.000000</ele>
			</trkpt>
			<trkpt lat="39.765792" lon="2.752825">
				<ele>379.000000</ele>
			</trkpt>
			<trkpt lat="39.765813" lon="2.752779">
				<ele>379.000000</ele>
			</trkpt>
			<trkpt lat="39.765937" lon="2.752626">
				<ele>377.000000</ele>
			</trkpt>
			<trkpt lat="39.765986" lon="2.752546">
				<ele>376.000000</ele>
			</trkpt>
			<trkpt lat="39.766006" lon="2.752474">
				<ele>375.000000</ele>
			</trkpt>
			<trkpt lat="39.766034" lon="2.752429">
				<ele>374.000000</ele>
			</trkpt>
			<trkpt lat="39.766117" lon="2.752402">
				<ele>373.000000</ele>
			</trkpt>
			<trkpt lat="39.766214" lon="2.752330">
				<ele>372.000000</ele>
			</trkpt>
			<trkpt lat="39.766276" lon="2.752213">
				<ele>370.000000</ele>
			</trkpt>
			<trkpt lat="39.766324" lon="2.752043">
				<ele>368.000000</ele>
			</trkpt>
			<trkpt lat="39.766331" lon="2.751963">
				<ele>366.000000</ele>
			</trkpt>
			<trkpt lat="39.766338" lon="2.751944">
				<ele>366.000000</ele>
			</trkpt>
			<trkpt lat="39.766324" lon="2.751926">
				<ele>365.000000</ele>
			</trkpt>
			<trkpt lat="39.766289" lon="2.751917">
				<ele>365.000000</ele>
			</trkpt>
			<trkpt lat="39.766276" lon="2.751890">
				<ele>364.000000</ele>
			</trkpt>
			<trkpt lat="39.766324" lon="2.751800">
				<ele>362.000000</ele>
			</trkpt>
			<trkpt lat="39.766214" lon="2.751701">
				<ele>359.000000</ele>
			</trkpt>
			<trkpt lat="39.766241" lon="2.751611">
				<ele>358.000000</ele>
			</trkpt>
			<trkpt lat="39.766276" lon="2.751513">
				<ele>357.000000</ele>
			</trkpt>
			<trkpt lat="39.766289" lon="2.751397">
				<ele>356.000000</ele>
			</trkpt>
			<trkpt lat="39.766276" lon="2.751288">
				<ele>355.000000</ele>
			</trkpt>
			<trkpt lat="39.766358" lon="2.751198">
				<ele>354.000000</ele>
			</trkpt>
			<trkpt lat="39.766421" lon="2.751108">
				<ele>352.000000</ele>
			</trkpt>
			<trkpt lat="39.766455" lon="2.751045">
				<ele>352.000000</ele>
			</trkpt>
			<trkpt lat="39.766434" lon="2.750974">
				<ele>351.000000</ele>
			</trkpt>
			<trkpt lat="39.766393" lon="2.750955">
				<ele>350.000000</ele>
			</trkpt>
			<trkpt lat="39.766345" lon="2.750974">
				<ele>349.000000</ele>
			</trkpt>
			<trkpt lat="39.766338" lon="2.750921">
				<ele>348.000000</ele>
			</trkpt>
			<trkpt lat="39.766352" lon="2.750857">
				<ele>347.000000</ele>
			</trkpt>
			<trkpt lat="39.766276" lon="2.750831">
				<ele>346.000000</ele>
			</trkpt>
			<trkpt lat="39.766165" lon="2.750731">
				<ele>343.000000</ele>
			</trkpt>
			<trkpt lat="39.766151" lon="2.750695">
				<ele>343.000000</ele>
			</trkpt>
			<trkpt lat="39.766179" lon="2.750623">
				<ele>341.000000</ele>
			</trkpt>
			<trkpt lat="39.766138" lon="2.750605">
				<ele>340.000000</ele>
			</trkpt>
			<trkpt lat="39.766096" lon="2.750552">
				<ele>340.000000</ele>
			</trkpt>
			<trkpt lat="39.766103" lon="2.750506">
				<ele>339.000000</ele>
			</trkpt>
			<trkpt lat="39.766138" lon="2.750372">
				<ele>338.000000</ele>
			</trkpt>
			<trkpt lat="39.766234" lon="2.750300">
				<ele>337.000000</ele>
			</trkpt>
			<trkpt lat="39.766248" lon="2.750237">
				<ele>336.000000</ele>
			</trkpt>
			<trkpt lat="39.766234" lon="2.750183">
				<ele>336.000000</ele>
			</trkpt>
			<trkpt lat="39.766220" lon="2.750129">
				<ele>335.000000</ele>
			</trkpt>
			<trkpt lat="39.766303" lon="2.749995">
				<ele>334.000000</ele>
			</trkpt>
			<trkpt lat="39.766358" lon="2.749976">
				<ele>333.000000</ele>
			</trkpt>
			<trkpt lat="39.766503" lon="2.749789">
				<ele>331.000000</ele>
			</trkpt>
			<trkpt lat="39.766531" lon="2.749734">
				<ele>330.000000</ele>
			</trkpt>
			<trkpt lat="39.766538" lon="2.749636">
				<ele>330.000000</ele>
			</trkpt>
			<trkpt lat="39.766490" lon="2.749429">
				<ele>330.000000</ele>
			</trkpt>
			<trkpt lat="39.766434" lon="2.749313">
				<ele>330.000000</ele>
			</trkpt>
			<trkpt lat="39.766442" lon="2.749223">
				<ele>330.000000</ele>
			</trkpt>
			<trkpt lat="39.766469" lon="2.749204">
				<ele>330.000000</ele>
			</trkpt>
			<trkpt lat="39.766517" lon="2.749141">
				<ele>330.000000</ele>
			</trkpt>
			<trkpt lat="39.766524" lon="2.749078">
				<ele>330.000000</ele>
			</trkpt>
			<trkpt lat="39.766552" lon="2.748917">
				<ele>330.000000</ele>
			</trkpt>
			<trkpt lat="39.766586" lon="2.748844">
				<ele>330.000000</ele>
			</trkpt>
			<trkpt lat="39.766662" lon="2.748800">
				<ele>330.000000</ele>
			</trkpt>
			<trkpt lat="39.766856" lon="2.748791">
				<ele>330.000000</ele>
			</trkpt>
			<trkpt lat="39.767035" lon="2.748908">
				<ele>330.000000</ele>
			</trkpt>
			<trkpt lat="39.767091" lon="2.748908">
				<ele>330.000000</ele>
			</trkpt>
			<trkpt lat="39.767139" lon="2.748908">
				<ele>331.000000</ele>
			</trkpt>
			<trkpt lat="39.767181" lon="2.748890">
				<ele>334.000000</ele>
			</trkpt>
			<trkpt lat="39.767215" lon="2.748863">
				<ele>336.000000</ele>
			</trkpt>
			<trkpt lat="39.767284" lon="2.748800">
				<ele>340.000000</ele>
			</trkpt>
			<trkpt lat="39.767311" lon="2.748737">
				<ele>340.000000</ele>
			</trkpt>
			<trkpt lat="39.767325" lon="2.748674">
				<ele>339.000000</ele>
			</trkpt>
			<trkpt lat="39.767339" lon="2.748521">
				<ele>333.000000</ele>
			</trkpt>
			<trkpt lat="39.767339" lon="2.748468">
				<ele>331.000000</ele>
			</trkpt>
			<trkpt lat="39.767298" lon="2.748332">
				<ele>324.000000</ele>
			</trkpt>
			<trkpt lat="39.767284" lon="2.748162">
				<ele>316.000000</ele>
			</trkpt>
			<trkpt lat="39.767256" lon="2.747982">
				<ele>309.000000</ele>
			</trkpt>
			<trkpt lat="39.767208" lon="2.747794">
				<ele>305.000000</ele>
			</trkpt>
			<trkpt lat="39.767208" lon="2.747605">
				<ele>301.000000</ele>
			</trkpt>
			<trkpt lat="39.767125" lon="2.747596">
				<ele>298.000000</ele>
			</trkpt>
			<trkpt lat="39.767118" lon="2.747542">
				<ele>297.000000</ele>
			</trkpt>
			<trkpt lat="39.767201" lon="2.747416">
				<ele>294.000000</ele>
			</trkpt>
			<trkpt lat="39.767187" lon="2.747345">
				<ele>292.000000</ele>
			</trkpt>
			<trkpt lat="39.767022" lon="2.747200">
				<ele>288.000000</ele>
			</trkpt>
			<trkpt lat="39.767001" lon="2.747147">
				<ele>287.000000</ele>
			</trkpt>
			<trkpt lat="39.766800" lon="2.746940">
				<ele>282.000000</ele>
			</trkpt>
			<trkpt lat="39.766787" lon="2.746886">
				<ele>281.000000</ele>
			</trkpt>
			<trkpt lat="39.766787" lon="2.746806">
				<ele>279.000000</ele>
			</trkpt>
			<trkpt lat="39.766766" lon="2.746743">
				<ele>277.000000</ele>
			</trkpt>
			<trkpt lat="39.766766" lon="2.746634">
				<ele>273.000000</ele>
			</trkpt>
			<trkpt lat="39.766731" lon="2.746303">
				<ele>265.000000</ele>
			</trkpt>
			<trkpt lat="39.766641" lon="2.746114">
				<ele>261.000000</ele>
			</trkpt>
			<trkpt lat="39.766621" lon="2.746060">
				<ele>260.000000</ele>
			</trkpt>
			<trkpt lat="39.766607" lon="2.745988">
				<ele>259.000000</ele>
			</trkpt>
			<trkpt lat="39.766593" lon="2.745934">
				<ele>259.000000</ele>
			</trkpt>
			<trkpt lat="39.766601" lon="2.745889">
				<ele>259.000000</ele>
			</trkpt>
			<trkpt lat="39.766621" lon="2.745710">
				<ele>258.000000</ele>
			</trkpt>
			<trkpt lat="39.766697" lon="2.745629">
				<ele>257.000000</ele>
			</trkpt>
			<trkpt lat="39.766759" lon="2.745565">
				<ele>257.000000</ele>
			</trkpt>
			<trkpt lat="39.766842" lon="2.745521">
				<ele>256.000000</ele>
			</trkpt>
			<trkpt lat="39.766925" lon="2.745449">
				<ele>255.000000</ele>
			</trkpt>
			<trkpt lat="39.767001" lon="2.745359">
				<ele>254.000000</ele>
			</trkpt>
			<trkpt lat="39.767070" lon="2.745288">
				<ele>254.000000</ele>
			</trkpt>
			<trkpt lat="39.767083" lon="2.745252">
				<ele>254.000000</ele>
			</trkpt>
			<trkpt lat="39.767028" lon="2.745296">
				<ele>253.000000</ele>
			</trkpt>
			<trkpt lat="39.766987" lon="2.745315">
				<ele>253.000000</ele>
			</trkpt>
			<trkpt lat="39.766883" lon="2.745351">
				<ele>252.000000</ele>
			</trkpt>
			<trkpt lat="39.766869" lon="2.745351">
				<ele>252.000000</ele>
			</trkpt>
			<trkpt lat="39.766863" lon="2.745342">
				<ele>252.000000</ele>
			</trkpt>
			<trkpt lat="39.766966" lon="2.745233">
				<ele>251.000000</ele>
			</trkpt>
			<trkpt lat="39.767014" lon="2.745171">
				<ele>250.000000</ele>
			</trkpt>
			<trkpt lat="39.767042" lon="2.745126">
				<ele>250.000000</ele>
			</trkpt>
			<trkpt lat="39.767035" lon="2.745099">
				<ele>250.000000</ele>
			</trkpt>
			<trkpt lat="39.766953" lon="2.745171">
				<ele>248.000000</ele>
			</trkpt>
			<trkpt lat="39.766876" lon="2.745171">
				<ele>246.000000</ele>
			</trkpt>
			<trkpt lat="39.766835" lon="2.745189">
				<ele>246.000000</ele>
			</trkpt>
			<trkpt lat="39.766828" lon="2.745171">
				<ele>245.000000</ele>
			</trkpt>
			<trkpt lat="39.766953" lon="2.745063">
				<ele>243.000000</ele>
			</trkpt>
			<trkpt lat="39.767028" lon="2.744829">
				<ele>239.000000</ele>
			</trkpt>
			<trkpt lat="39.767028" lon="2.744802">
				<ele>238.000000</ele>
			</trkpt>
			<trkpt lat="39.767008" lon="2.744812">
				<ele>238.000000</ele>
			</trkpt>
			<trkpt lat="39.766945" lon="2.744902">
				<ele>236.000000</ele>
			</trkpt>
			<trkpt lat="39.766918" lon="2.744892">
				<ele>235.000000</ele>
			</trkpt>
			<trkpt lat="39.766918" lon="2.744856">
				<ele>235.000000</ele>
			</trkpt>
			<trkpt lat="39.767035" lon="2.744578">
				<ele>229.000000</ele>
			</trkpt>
			<trkpt lat="39.767035" lon="2.744434">
				<ele>224.000000</ele>
			</trkpt>
			<trkpt lat="39.766987" lon="2.744416">
				<ele>222.000000</ele>
			</trkpt>
			<trkpt lat="39.766973" lon="2.744371">
				<ele>221.000000</ele>
			</trkpt>
			<trkpt lat="39.766973" lon="2.744273">
				<ele>219.000000</ele>
			</trkpt>
			<trkpt lat="39.766973" lon="2.744183">
				<ele>217.000000</ele>
			</trkpt>
			<trkpt lat="39.766987" lon="2.743976">
				<ele>213.000000</ele>
			</trkpt>
			<trkpt lat="39.767001" lon="2.743894">
				<ele>211.000000</ele>
			</trkpt>
			<trkpt lat="39.767022" lon="2.743805">
				<ele>210.000000</ele>
			</trkpt>
			<trkpt lat="39.767022" lon="2.743751">
				<ele>209.000000</ele>
			</trkpt>
			<trkpt lat="39.767111" lon="2.743598">
				<ele>206.000000</ele>
			</trkpt>
			<trkpt lat="39.767118" lon="2.743590">
				<ele>206.000000</ele>
			</trkpt>
			<trkpt lat="39.767104" lon="2.743581">
				<ele>206.000000</ele>
			</trkpt>
			<trkpt lat="39.767070" lon="2.743598">
				<ele>205.000000</ele>
			</trkpt>
			<trkpt lat="39.767028" lon="2.743617">
				<ele>205.000000</ele>
			</trkpt>
			<trkpt lat="39.767014" lon="2.743607">
				<ele>204.000000</ele>
			</trkpt>
			<trkpt lat="39.767028" lon="2.743581">
				<ele>204.000000</ele>
			</trkpt>
			<trkpt lat="39.767160" lon="2.743392">
				<ele>201.000000</ele>
			</trkpt>
			<trkpt lat="39.767125" lon="2.743401">
				<ele>200.000000</ele>
			</trkpt>
			<trkpt lat="39.767091" lon="2.743392">
				<ele>199.000000</ele>
			</trkpt>
			<trkpt lat="39.767042" lon="2.743275">
				<ele>197.000000</ele>
			</trkpt>
			<trkpt lat="39.767056" lon="2.743185">
				<ele>196.000000</ele>
			</trkpt>
			<trkpt lat="39.767111" lon="2.742997">
				<ele>193.000000</ele>
			</trkpt>
			<trkpt lat="39.767250" lon="2.742709">
				<ele>188.000000</ele>
			</trkpt>
			<trkpt lat="39.767291" lon="2.742575">
				<ele>186.000000</ele>
			</trkpt>
			<trkpt lat="39.767332" lon="2.742368">
				<ele>183.000000</ele>
			</trkpt>
			<trkpt lat="39.767401" lon="2.742242">
				<ele>181.000000</ele>
			</trkpt>
			<trkpt lat="39.767436" lon="2.742107">
				<ele>179.000000</ele>
			</trkpt>
			<trkpt lat="39.767456" lon="2.741928">
				<ele>176.000000</ele>
			</trkpt>
			<trkpt lat="39.767470" lon="2.741667">
				<ele>172.000000</ele>
			</trkpt>
			<trkpt lat="39.767456" lon="2.741533">
				<ele>170.000000</ele>
			</trkpt>
			<trkpt lat="39.767408" lon="2.741281">
				<ele>167.000000</ele>
			</trkpt>
			<trkpt lat="39.767360" lon="2.741164">
				<ele>165.000000</ele>
			</trkpt>
			<trkpt lat="39.767332" lon="2.741038">
				<ele>164.000000</ele>
			</trkpt>
			<trkpt lat="39.767318" lon="2.740967">
				<ele>163.000000</ele>
			</trkpt>
			<trkpt lat="39.767305" lon="2.740814">
				<ele>161.000000</ele>
			</trkpt>
			<trkpt lat="39.767325" lon="2.740751">
				<ele>160.000000</ele>
			</trkpt>
			<trkpt lat="39.767387" lon="2.740670">
				<ele>159.000000</ele>
			</trkpt>
			<trkpt lat="39.767533" lon="2.740472">
				<ele>158.000000</ele>
			</trkpt>
			<trkpt lat="39.767594" lon="2.740355">
				<ele>157.000000</ele>
			</trkpt>
			<trkpt lat="39.767602" lon="2.740320">
				<ele>156.000000</ele>
			</trkpt>
			<trkpt lat="39.767539" lon="2.740221">
				<ele>156.000000</ele>
			</trkpt>
			<trkpt lat="39.767464" lon="2.740051">
				<ele>154.000000</ele>
			</trkpt>
			<trkpt lat="39.767408" lon="2.739915">
				<ele>153.000000</ele>
			</trkpt>
			<trkpt lat="39.767387" lon="2.739691">
				<ele>152.000000</ele>
			</trkpt>
			<trkpt lat="39.767374" lon="2.739565">
				<ele>151.000000</ele>
			</trkpt>
			<trkpt lat="39.767394" lon="2.739449">
				<ele>150.000000</ele>
			</trkpt>
			<trkpt lat="39.767677" lon="2.739323">
				<ele>144.000000</ele>
			</trkpt>
			<trkpt lat="39.767746" lon="2.739134">
				<ele>140.000000</ele>
			</trkpt>
			<trkpt lat="39.767850" lon="2.738927">
				<ele>135.000000</ele>
			</trkpt>
			<trkpt lat="39.767857" lon="2.738919">
				<ele>135.000000</ele>
			</trkpt>
			<trkpt lat="39.767981" lon="2.738757">
				<ele>131.000000</ele>
			</trkpt>
			<trkpt lat="39.768036" lon="2.738684">
				<ele>130.000000</ele>
			</trkpt>
			<trkpt lat="39.768126" lon="2.738586">
				<ele>128.000000</ele>
			</trkpt>
			<trkpt lat="39.768147" lon="2.738657">
				<ele>128.000000</ele>
			</trkpt>
			<trkpt lat="39.768161" lon="2.738657">
				<ele>128.000000</ele>
			</trkpt>
			<trkpt lat="39.768168" lon="2.738640">
				<ele>128.000000</ele>
			</trkpt>
			<trkpt lat="39.768174" lon="2.738604">
				<ele>127.000000</ele>
			</trkpt>
			<trkpt lat="39.768195" lon="2.738568">
				<ele>127.000000</ele>
			</trkpt>
			<trkpt lat="39.768230" lon="2.738568">
				<ele>127.000000</ele>
			</trkpt>
			<trkpt lat="39.768237" lon="2.738594">
				<ele>126.000000</ele>
			</trkpt>
			<trkpt lat="39.768223" lon="2.738623">
				<ele>126.000000</ele>
			</trkpt>
			<trkpt lat="39.768230" lon="2.738657">
				<ele>126.000000</ele>
			</trkpt>
			<trkpt lat="39.768237" lon="2.738667">
				<ele>126.000000</ele>
			</trkpt>
			<trkpt lat="39.768251" lon="2.738657">
				<ele>126.000000</ele>
			</trkpt>
			<trkpt lat="39.768451" lon="2.738227">
				<ele>122.000000</ele>
			</trkpt>
			<trkpt lat="39.768506" lon="2.738091">
				<ele>121.000000</ele>
			</trkpt>
			<trkpt lat="39.768540" lon="2.737984">
				<ele>120.000000</ele>
			</trkpt>
			<trkpt lat="39.768609" lon="2.737849">
				<ele>119.000000</ele>
			</trkpt>
			<trkpt lat="39.768630" lon="2.737841">
				<ele>119.000000</ele>
			</trkpt>
			<trkpt lat="39.768706" lon="2.737885">
				<ele>119.000000</ele>
			</trkpt>
			<trkpt lat="39.768734" lon="2.737868">
				<ele>119.000000</ele>
			</trkpt>
			<trkpt lat="39.768796" lon="2.737868">
				<ele>118.000000</ele>
			</trkpt>
			<trkpt lat="39.769086" lon="2.737858">
				<ele>117.000000</ele>
			</trkpt>
			<trkpt lat="39.769466" lon="2.737831">
				<ele>115.000000</ele>
			</trkpt>
			<trkpt lat="39.769493" lon="2.737759">
				<ele>115.000000</ele>
			</trkpt>
			<trkpt lat="39.769528" lon="2.737705">
				<ele>115.000000</ele>
			</trkpt>
			<trkpt lat="39.769604" lon="2.737661">
				<ele>114.000000</ele>
			</trkpt>
			<trkpt lat="39.769645" lon="2.737607">
				<ele>114.000000</ele>
			</trkpt>
			<trkpt lat="39.769694" lon="2.737562">
				<ele>114.000000</ele>
			</trkpt>
			<trkpt lat="39.770032" lon="2.737382">
				<ele>112.000000</ele>
			</trkpt>
			<trkpt lat="39.770226" lon="2.737292">
				<ele>111.000000</ele>
			</trkpt>
			<trkpt lat="39.770301" lon="2.737212">
				<ele>111.000000</ele>
			</trkpt>
			<trkpt lat="39.770350" lon="2.737049">
				<ele>110.000000</ele>
			</trkpt>
			<trkpt lat="39.770494" lon="2.736906">
				<ele>109.000000</ele>
			</trkpt>
			<trkpt lat="39.770660" lon="2.736799">
				<ele>109.000000</ele>
			</trkpt>
			<trkpt lat="39.770750" lon="2.736745">
				<ele>108.000000</ele>
			</trkpt>
			<trkpt lat="39.770854" lon="2.736690">
				<ele>108.000000</ele>
			</trkpt>
			<trkpt lat="39.770895" lon="2.736682">
				<ele>107.000000</ele>
			</trkpt>
			<trkpt lat="39.770930" lon="2.736646">
				<ele>107.000000</ele>
			</trkpt>
			<trkpt lat="39.770978" lon="2.736556">
				<ele>107.000000</ele>
			</trkpt>
			<trkpt lat="39.771005" lon="2.736502">
				<ele>107.000000</ele>
			</trkpt>
			<trkpt lat="39.771116" lon="2.736340">
				<ele>106.000000</ele>
			</trkpt>
			<trkpt lat="39.771233" lon="2.736187">
				<ele>105.000000</ele>
			</trkpt>
			<trkpt lat="39.771316" lon="2.736151">
				<ele>105.000000</ele>
			</trkpt>
			<trkpt lat="39.771482" lon="2.736080">
				<ele>104.000000</ele>
			</trkpt>
			<trkpt lat="39.771502" lon="2.736062">
				<ele>104.000000</ele>
			</trkpt>
			<trkpt lat="39.771482" lon="2.735999">
				<ele>103.000000</ele>
			</trkpt>
			<trkpt lat="39.771392" lon="2.735585">
				<ele>102.000000</ele>
			</trkpt>
			<trkpt lat="39.771288" lon="2.735218">
				<ele>100.000000</ele>
			</trkpt>
			<trkpt lat="39.771192" lon="2.734965">
				<ele>100.000000</ele>
			</trkpt>
			<trkpt lat="39.771116" lon="2.734778">
				<ele>98.000000</ele>
			</trkpt>
			<trkpt lat="39.771337" lon="2.734526">
				<ele>95.000000</ele>
			</trkpt>
			<trkpt lat="39.771441" lon="2.734589">
				<ele>94.000000</ele>
			</trkpt>
			<trkpt lat="39.771544" lon="2.734615">
				<ele>93.000000</ele>
			</trkpt>
			<trkpt lat="39.771579" lon="2.734615">
				<ele>93.000000</ele>
			</trkpt>
			<trkpt lat="39.771620" lon="2.734598">
				<ele>92.000000</ele>
			</trkpt>
			<trkpt lat="39.771703" lon="2.734454">
				<ele>91.000000</ele>
			</trkpt>
			<trkpt lat="39.771758" lon="2.734355">
				<ele>90.000000</ele>
			</trkpt>
			<trkpt lat="39.771889" lon="2.734265">
				<ele>87.000000</ele>
			</trkpt>
			<trkpt lat="39.772006" lon="2.734229">
				<ele>84.000000</ele>
			</trkpt>
			<trkpt lat="39.772069" lon="2.734220">
				<ele>83.000000</ele>
			</trkpt>
			<trkpt lat="39.772124" lon="2.734202">
				<ele>82.000000</ele>
			</trkpt>
			<trkpt lat="39.772234" lon="2.734220">
				<ele>79.000000</ele>
			</trkpt>
			<trkpt lat="39.772276" lon="2.734103">
				<ele>78.000000</ele>
			</trkpt>
			<trkpt lat="39.772345" lon="2.734059">
				<ele>76.000000</ele>
			</trkpt>
			<trkpt lat="39.772338" lon="2.734023">
				<ele>76.000000</ele>
			</trkpt>
			<trkpt lat="39.772317" lon="2.733897">
				<ele>74.000000</ele>
			</trkpt>
			<trkpt lat="39.772283" lon="2.733699">
				<ele>72.000000</ele>
			</trkpt>
			<trkpt lat="39.772262" lon="2.733466">
				<ele>70.000000</ele>
			</trkpt>
			<trkpt lat="39.772331" lon="2.733053">
				<ele>69.000000</ele>
			</trkpt>
			<trkpt lat="39.772373" lon="2.732810">
				<ele>68.000000</ele>
			</trkpt>
			<trkpt lat="39.772593" lon="2.732478">
				<ele>67.000000</ele>
			</trkpt>
			<trkpt lat="39.772918" lon="2.731956">
				<ele>65.000000</ele>
			</trkpt>
			<trkpt lat="39.773152" lon="2.731660">
				<ele>64.000000</ele>
			</trkpt>
			<trkpt lat="39.773277" lon="2.731516">
				<ele>63.000000</ele>
			</trkpt>
			<trkpt lat="39.773318" lon="2.731426">
				<ele>63.000000</ele>
			</trkpt>
			<trkpt lat="39.773374" lon="2.731220">
				<ele>63.000000</ele>
			</trkpt>
			<trkpt lat="39.773636" lon="2.730833">
				<ele>61.000000</ele>
			</trkpt>
			<trkpt lat="39.773712" lon="2.730770">
				<ele>61.000000</ele>
			</trkpt>
			<trkpt lat="39.773719" lon="2.730600">
				<ele>60.000000</ele>
			</trkpt>
			<trkpt lat="39.773712" lon="2.730420">
				<ele>60.000000</ele>
			</trkpt>
			<trkpt lat="39.773691" lon="2.730115">
				<ele>59.000000</ele>
			</trkpt>
			<trkpt lat="39.774036" lon="2.730052">
				<ele>60.000000</ele>
			</trkpt>
			<trkpt lat="39.774161" lon="2.730025">
				<ele>60.000000</ele>
			</trkpt>
			<trkpt lat="39.774243" lon="2.730007">
				<ele>60.000000</ele>
			</trkpt>
			<trkpt lat="39.774430" lon="2.729971">
				<ele>61.000000</ele>
			</trkpt>
			<trkpt lat="39.774727" lon="2.729935">
				<ele>63.000000</ele>
			</trkpt>
			<trkpt lat="39.774775" lon="2.729954">
				<ele>63.000000</ele>
			</trkpt>
			<trkpt lat="39.774913" lon="2.729989">
				<ele>64.000000</ele>
			</trkpt>
			<trkpt lat="39.775293" lon="2.730124">
				<ele>67.000000</ele>
			</trkpt>
			<trkpt lat="39.775597" lon="2.730267">
				<ele>70.000000</ele>
			</trkpt>
			<trkpt lat="39.775680" lon="2.730304">
				<ele>71.000000</ele>
			</trkpt>
			<trkpt lat="39.775873" lon="2.730411">
				<ele>74.000000</ele>
			</trkpt>
			<trkpt lat="39.776163" lon="2.730528">
				<ele>78.000000</ele>
			</trkpt>
			<trkpt lat="39.776239" lon="2.730537">
				<ele>79.000000</ele>
			</trkpt>
			<trkpt lat="39.776391" lon="2.730528">
				<ele>81.000000</ele>
			</trkpt>
			<trkpt lat="39.776487" lon="2.730528">
				<ele>83.000000</ele>
			</trkpt>
			<trkpt lat="39.776522" lon="2.730520">
				<ele>83.000000</ele>
			</trkpt>
			<trkpt lat="39.776556" lon="2.730501">
				<ele>84.000000</ele>
			</trkpt>
			<trkpt lat="39.776646" lon="2.730357">
				<ele>86.000000</ele>
			</trkpt>
			<trkpt lat="39.776750" lon="2.730160">
				<ele>88.000000</ele>
			</trkpt>
			<trkpt lat="39.776819" lon="2.729998">
				<ele>90.000000</ele>
			</trkpt>
			<trkpt lat="39.776888" lon="2.729837">
				<ele>91.000000</ele>
			</trkpt>
			<trkpt lat="39.776950" lon="2.729719">
				<ele>92.000000</ele>
			</trkpt>
			<trkpt lat="39.777040" lon="2.729558">
				<ele>93.000000</ele>
			</trkpt>
			<trkpt lat="39.777081" lon="2.729388">
				<ele>95.000000</ele>
			</trkpt>
			<trkpt lat="39.777144" lon="2.728938">
				<ele>97.000000</ele>
			</trkpt>
			<trkpt lat="39.777164" lon="2.728516">
				<ele>100.000000</ele>
			</trkpt>
			<trkpt lat="39.777164" lon="2.728354">
				<ele>100.000000</ele>
			</trkpt>
			<trkpt lat="39.777199" lon="2.728237">
				<ele>100.000000</ele>
			</trkpt>
			<trkpt lat="39.777358" lon="2.728111">
				<ele>100.000000</ele>
			</trkpt>
			<trkpt lat="39.777323" lon="2.728013">
				<ele>100.000000</ele>
			</trkpt>
			<trkpt lat="39.777268" lon="2.727904">
				<ele>100.000000</ele>
			</trkpt>
			<trkpt lat="39.777254" lon="2.727833">
				<ele>100.000000</ele>
			</trkpt>
			<trkpt lat="39.777268" lon="2.727761">
				<ele>100.000000</ele>
			</trkpt>
			<trkpt lat="39.777288" lon="2.727698">
				<ele>100.000000</ele>
			</trkpt>
			<trkpt lat="39.777406" lon="2.727554">
				<ele>100.000000</ele>
			</trkpt>
			<trkpt lat="39.777392" lon="2.727375">
				<ele>99.000000</ele>
			</trkpt>
			<trkpt lat="39.777358" lon="2.727204">
				<ele>98.000000</ele>
			</trkpt>
			<trkpt lat="39.777385" lon="2.727042">
				<ele>96.000000</ele>
			</trkpt>
			<trkpt lat="39.777364" lon="2.726925">
				<ele>95.000000</ele>
			</trkpt>
			<trkpt lat="39.777371" lon="2.726801">
				<ele>94.000000</ele>
			</trkpt>
			<trkpt lat="39.777406" lon="2.726621">
				<ele>92.000000</ele>
			</trkpt>
			<trkpt lat="39.777392" lon="2.726503">
				<ele>91.000000</ele>
			</trkpt>
			<trkpt lat="39.777358" lon="2.726325">
				<ele>89.000000</ele>
			</trkpt>
			<trkpt lat="39.777364" lon="2.726136">
				<ele>87.000000</ele>
			</trkpt>
			<trkpt lat="39.777350" lon="2.725946">
				<ele>84.000000</ele>
			</trkpt>
			<trkpt lat="39.777323" lon="2.725866">
				<ele>83.000000</ele>
			</trkpt>
			<trkpt lat="39.777268" lon="2.725803">
				<ele>82.000000</ele>
			</trkpt>
			<trkpt lat="39.777054" lon="2.725946">
				<ele>75.000000</ele>
			</trkpt>
			<trkpt lat="39.777005" lon="2.726019">
				<ele>72.000000</ele>
			</trkpt>
			<trkpt lat="39.776964" lon="2.726073">
				<ele>70.000000</ele>
			</trkpt>
			<trkpt lat="39.776771" lon="2.725910">
				<ele>70.000000</ele>
			</trkpt>
			<trkpt lat="39.776453" lon="2.725686">
				<ele>68.000000</ele>
			</trkpt>
			<trkpt lat="39.776315" lon="2.725659">
				<ele>67.000000</ele>
			</trkpt>
			<trkpt lat="39.776128" lon="2.725606">
				<ele>66.000000</ele>
			</trkpt>
			<trkpt lat="39.776025" lon="2.725524">
				<ele>65.000000</ele>
			</trkpt>
			<trkpt lat="39.775866" lon="2.725390">
				<ele>64.000000</ele>
			</trkpt>
			<trkpt lat="39.775818" lon="2.725327">
				<ele>64.000000</ele>
			</trkpt>
			<trkpt lat="39.775797" lon="2.725264">
				<ele>63.000000</ele>
			</trkpt>
			<trkpt lat="39.775693" lon="2.724815">
				<ele>61.000000</ele>
			</trkpt>
			<trkpt lat="39.775672" lon="2.724725">
				<ele>60.000000</ele>
			</trkpt>
			<trkpt lat="39.775659" lon="2.724662">
				<ele>60.000000</ele>
			</trkpt>
			<trkpt lat="39.775617" lon="2.724599">
				<ele>60.000000</ele>
			</trkpt>
			<trkpt lat="39.775569" lon="2.724528">
				<ele>60.000000</ele>
			</trkpt>
			<trkpt lat="39.775514" lon="2.724501">
				<ele>59.000000</ele>
			</trkpt>
			<trkpt lat="39.775458" lon="2.724465">
				<ele>59.000000</ele>
			</trkpt>
			<trkpt lat="39.775362" lon="2.724447">
				<ele>59.000000</ele>
			</trkpt>
			<trkpt lat="39.775176" lon="2.724419">
				<ele>58.000000</ele>
			</trkpt>
			<trkpt lat="39.775093" lon="2.724402">
				<ele>58.000000</ele>
			</trkpt>
			<trkpt lat="39.775072" lon="2.724365">
				<ele>58.000000</ele>
			</trkpt>
			<trkpt lat="39.775037" lon="2.724267">
				<ele>58.000000</ele>
			</trkpt>
			<trkpt lat="39.775017" lon="2.724141">
				<ele>58.000000</ele>
			</trkpt>
			<trkpt lat="39.775010" lon="2.724033">
				<ele>57.000000</ele>
			</trkpt>
			<trkpt lat="39.775031" lon="2.723943">
				<ele>57.000000</ele>
			</trkpt>
			<trkpt lat="39.775037" lon="2.723853">
				<ele>57.000000</ele>
			</trkpt>
			<trkpt lat="39.775017" lon="2.723782">
				<ele>57.000000</ele>
			</trkpt>
			<trkpt lat="39.774962" lon="2.723683">
				<ele>57.000000</ele>
			</trkpt>
			<trkpt lat="39.774907" lon="2.723593">
				<ele>56.000000</ele>
			</trkpt>
			<trkpt lat="39.774409" lon="2.722740">
				<ele>54.000000</ele>
			</trkpt>
			<trkpt lat="39.774195" lon="2.722344">
				<ele>53.000000</ele>
			</trkpt>
			<trkpt lat="39.774174" lon="2.722308">
				<ele>53.000000</ele>
			</trkpt>
			<trkpt lat="39.774085" lon="2.722128">
				<ele>53.000000</ele>
			</trkpt>
			<trkpt lat="39.773988" lon="2.721949">
				<ele>52.000000</ele>
			</trkpt>
			<trkpt lat="39.773940" lon="2.721841">
				<ele>52.000000</ele>
			</trkpt>
			<trkpt lat="39.773912" lon="2.721778">
				<ele>52.000000</ele>
			</trkpt>
			<trkpt lat="39.773885" lon="2.721698">
				<ele>52.000000</ele>
			</trkpt>
			<trkpt lat="39.773850" lon="2.721572">
				<ele>51.000000</ele>
			</trkpt>
			<trkpt lat="39.773774" lon="2.720970">
				<ele>50.000000</ele>
			</trkpt>
			<trkpt lat="39.773657" lon="2.720583">
				<ele>48.000000</ele>
			</trkpt>
			<trkpt lat="39.773581" lon="2.720243">
				<ele>46.000000</ele>
			</trkpt>
			<trkpt lat="39.773477" lon="2.719533">
				<ele>42.000000</ele>
			</trkpt>
			<trkpt lat="39.773408" lon="2.719524">
				<ele>41.000000</ele>
			</trkpt>
			<trkpt lat="39.773291" lon="2.719533">
				<ele>40.000000</ele>
			</trkpt>
			<trkpt lat="39.773118" lon="2.719541">
				<ele>39.000000</ele>
			</trkpt>
			<trkpt lat="39.772759" lon="2.719595">
				<ele>36.000000</ele>
			</trkpt>
			<trkpt lat="39.772614" lon="2.719650">
				<ele>34.000000</ele>
			</trkpt>
			<trkpt lat="39.772421" lon="2.719677">
				<ele>32.000000</ele>
			</trkpt>
			<trkpt lat="39.772359" lon="2.719587">
				<ele>32.000000</ele>
			</trkpt>
			<trkpt lat="39.772379" lon="2.719470">
				<ele>31.000000</ele>
			</trkpt>
			<trkpt lat="39.772366" lon="2.719371">
				<ele>31.000000</ele>
			</trkpt>
			<trkpt lat="39.772359" lon="2.719272">
				<ele>31.000000</ele>
			</trkpt>
			<trkpt lat="39.772345" lon="2.719201">
				<ele>31.000000</ele>
			</trkpt>
			<trkpt lat="39.771903" lon="2.718050">
				<ele>29.000000</ele>
			</trkpt>
			<trkpt lat="39.771544" lon="2.717125">
				<ele>28.000000</ele>
			</trkpt>
			<trkpt lat="39.771502" lon="2.716973">
				<ele>28.000000</ele>
			</trkpt>
			<trkpt lat="39.771606" lon="2.716964">
				<ele>28.000000</ele>
			</trkpt>
			<trkpt lat="39.771807" lon="2.716954">
				<ele>27.000000</ele>
			</trkpt>
			<trkpt lat="39.771924" lon="2.716918">
				<ele>27.000000</ele>
			</trkpt>
			<trkpt lat="39.772165" lon="2.716801">
				<ele>27.000000</ele>
			</trkpt>
			<trkpt lat="39.772317" lon="2.716649">
				<ele>26.000000</ele>
			</trkpt>
			<trkpt lat="39.772524" lon="2.716325">
				<ele>26.000000</ele>
			</trkpt>
			<trkpt lat="39.772572" lon="2.716262">
				<ele>26.000000</ele>
			</trkpt>
			<trkpt lat="39.772607" lon="2.716227">
				<ele>26.000000</ele>
			</trkpt>
			<trkpt lat="39.772711" lon="2.716128">
				<ele>25.000000</ele>
			</trkpt>
			<trkpt lat="39.772815" lon="2.716056">
				<ele>25.000000</ele>
			</trkpt>
			<trkpt lat="39.772939" lon="2.716012">
				<ele>25.000000</ele>
			</trkpt>
			<trkpt lat="39.773263" lon="2.715122">
				<ele>24.000000</ele>
			</trkpt>
			<trkpt lat="39.773443" lon="2.714377">
				<ele>23.000000</ele>
			</trkpt>
			<trkpt lat="39.773822" lon="2.713918">
				<ele>22.000000</ele>
			</trkpt>
			<trkpt lat="39.774319" lon="2.713226">
				<ele>21.000000</ele>
			</trkpt>
			<trkpt lat="39.774589" lon="2.712517">
				<ele>20.000000</ele>
			</trkpt>
			<trkpt lat="39.774907" lon="2.711115">
				<ele>20.000000</ele>
			</trkpt>
			<trkpt lat="39.775072" lon="2.711008">
				<ele>20.000000</ele>
			</trkpt>
			<trkpt lat="39.775341" lon="2.710712">
				<ele>20.000000</ele>
			</trkpt>
			<trkpt lat="39.775521" lon="2.710568">
				<ele>20.000000</ele>
			</trkpt>
			<trkpt lat="39.775632" lon="2.710478">
				<ele>20.000000</ele>
			</trkpt>
			<trkpt lat="39.775749" lon="2.710335">
				<ele>20.000000</ele>
			</trkpt>
			<trkpt lat="39.775873" lon="2.710190">
				<ele>20.000000</ele>
			</trkpt>
			<trkpt lat="39.775935" lon="2.710046">
				<ele>20.000000</ele>
			</trkpt>
			<trkpt lat="39.776004" lon="2.709714">
				<ele>20.000000</ele>
			</trkpt>
			<trkpt lat="39.776101" lon="2.709444">
				<ele>20.000000</ele>
			</trkpt>
			<trkpt lat="39.776287" lon="2.709220">
				<ele>20.000000</ele>
			</trkpt>
			<trkpt lat="39.776425" lon="2.709023">
				<ele>20.000000</ele>
			</trkpt>
			<trkpt lat="39.776612" lon="2.708609">
				<ele>20.000000</ele>
			</trkpt>
			<trkpt lat="39.776908" lon="2.708241">
				<ele>20.000000</ele>
			</trkpt>
			<trkpt lat="39.777095" lon="2.708115">
				<ele>20.000000</ele>
			</trkpt>
			<trkpt lat="39.777392" lon="2.707998">
				<ele>20.000000</ele>
			</trkpt>
			<trkpt lat="39.777806" lon="2.707836">
				<ele>20.000000</ele>
			</trkpt>
			<trkpt lat="39.777909" lon="2.707792">
				<ele>20.000000</ele>
			</trkpt>
			<trkpt lat="39.778068" lon="2.707720">
				<ele>20.000000</ele>
			</trkpt>
			<trkpt lat="39.778186" lon="2.707630">
				<ele>20.000000</ele>
			</trkpt>
			<trkpt lat="39.778261" lon="2.707595">
				<ele>20.000000</ele>
			</trkpt>
			<trkpt lat="39.778372" lon="2.707567">
				<ele>20.000000</ele>
			</trkpt>
			<trkpt lat="39.778476" lon="2.707496">
				<ele>20.000000</ele>
			</trkpt>
			<trkpt lat="39.778558" lon="2.707387">
				<ele>20.000000</ele>
			</trkpt>
			<trkpt lat="39.778648" lon="2.707253">
				<ele>20.000000</ele>
			</trkpt>
			<trkpt lat="39.778724" lon="2.707109">
				<ele>20.000000</ele>
			</trkpt>
			<trkpt lat="39.778828" lon="2.707046">
				<ele>20.000000</ele>
			</trkpt>
			<trkpt lat="39.778945" lon="2.707001">
				<ele>20.000000</ele>
			</trkpt>
			<trkpt lat="39.779076" lon="2.706911">
				<ele>20.000000</ele>
			</trkpt>
			<trkpt lat="39.779201" lon="2.706876">
				<ele>20.000000</ele>
			</trkpt>
			<trkpt lat="39.779311" lon="2.706849">
				<ele>20.000000</ele>
			</trkpt>
			<trkpt lat="39.779408" lon="2.706867">
				<ele>20.000000</ele>
			</trkpt>
			<trkpt lat="39.779635" lon="2.706830">
				<ele>20.000000</ele>
			</trkpt>
			<trkpt lat="39.779760" lon="2.706840">
				<ele>20.000000</ele>
			</trkpt>
			<trkpt lat="39.779863" lon="2.706849">
				<ele>20.000000</ele>
			</trkpt>
			<trkpt lat="39.780029" lon="2.706857">
				<ele>20.000000</ele>
			</trkpt>
			<trkpt lat="39.780133" lon="2.706821">
				<ele>20.000000</ele>
			</trkpt>
			<trkpt lat="39.780264" lon="2.706794">
				<ele>20.000000</ele>
			</trkpt>
			<trkpt lat="39.780374" lon="2.706794">
				<ele>20.000000</ele>
			</trkpt>
			<trkpt lat="39.780526" lon="2.706821">
				<ele>20.000000</ele>
			</trkpt>
			<trkpt lat="39.780664" lon="2.706840">
				<ele>20.000000</ele>
			</trkpt>
			<trkpt lat="39.780795" lon="2.706884">
				<ele>20.000000</ele>
			</trkpt>
			<trkpt lat="39.780850" lon="2.706911">
				<ele>20.000000</ele>
			</trkpt>
			<trkpt lat="39.780899" lon="2.706930">
				<ele>20.000000</ele>
			</trkpt>
			<trkpt lat="39.780989" lon="2.706939">
				<ele>20.000000</ele>
			</trkpt>
			<trkpt lat="39.781106" lon="2.706911">
				<ele>19.000000</ele>
			</trkpt>
			<trkpt lat="39.781217" lon="2.707046">
				<ele>19.000000</ele>
			</trkpt>
			<trkpt lat="39.781279" lon="2.706993">
				<ele>19.000000</ele>
			</trkpt>
			<trkpt lat="39.781686" lon="2.706641">
				<ele>20.000000</ele>
			</trkpt>
			<trkpt lat="39.781955" lon="2.706498">
				<ele>20.000000</ele>
			</trkpt>
			<trkpt lat="39.782155" lon="2.706400">
				<ele>20.000000</ele>
			</trkpt>
			<trkpt lat="39.782224" lon="2.706373">
				<ele>20.000000</ele>
			</trkpt>
			<trkpt lat="39.782660" lon="2.706291">
				<ele>20.000000</ele>
			</trkpt>
			<trkpt lat="39.782756" lon="2.706310">
				<ele>21.000000</ele>
			</trkpt>
			<trkpt lat="39.782949" lon="2.706058">
				<ele>22.000000</ele>
			</trkpt>
			<trkpt lat="39.782977" lon="2.706040">
				<ele>22.000000</ele>
			</trkpt>
			<trkpt lat="39.783039" lon="2.705987">
				<ele>23.000000</ele>
			</trkpt>
			<trkpt lat="39.783184" lon="2.705779">
				<ele>24.000000</ele>
			</trkpt>
			<trkpt lat="39.783253" lon="2.705735">
				<ele>25.000000</ele>
			</trkpt>
			<trkpt lat="39.783329" lon="2.705672">
				<ele>25.000000</ele>
			</trkpt>
			<trkpt lat="39.783543" lon="2.705861">
				<ele>26.000000</ele>
			</trkpt>
			<trkpt lat="39.783777" lon="2.705977">
				<ele>28.000000</ele>
			</trkpt>
			<trkpt lat="39.783819" lon="2.705977">
				<ele>28.000000</ele>
			</trkpt>
			<trkpt lat="39.783861" lon="2.705878">
				<ele>29.000000</ele>
			</trkpt>
			<trkpt lat="39.783909" lon="2.705807">
				<ele>29.000000</ele>
			</trkpt>
			<trkpt lat="39.783964" lon="2.705735">
				<ele>29.000000</ele>
			</trkpt>
			<trkpt lat="39.784012" lon="2.705662">
				<ele>30.000000</ele>
			</trkpt>
			<trkpt lat="39.784089" lon="2.705618">
				<ele>30.000000</ele>
			</trkpt>
			<trkpt lat="39.784185" lon="2.705645">
				<ele>31.000000</ele>
			</trkpt>
			<trkpt lat="39.784233" lon="2.705672">
				<ele>31.000000</ele>
			</trkpt>
			<trkpt lat="39.784323" lon="2.705735">
				<ele>32.000000</ele>
			</trkpt>
			<trkpt lat="39.784412" lon="2.705771">
				<ele>33.000000</ele>
			</trkpt>
			<trkpt lat="39.784481" lon="2.705788">
				<ele>34.000000</ele>
			</trkpt>
			<trkpt lat="39.784716" lon="2.705861">
				<ele>36.000000</ele>
			</trkpt>
			<trkpt lat="39.784827" lon="2.705897">
				<ele>36.000000</ele>
			</trkpt>
			<trkpt lat="39.784937" lon="2.705977">
				<ele>37.000000</ele>
			</trkpt>
			<trkpt lat="39.785076" lon="2.706067">
				<ele>39.000000</ele>
			</trkpt>
			<trkpt lat="39.785117" lon="2.706112">
				<ele>39.000000</ele>
			</trkpt>
			<trkpt lat="39.785193" lon="2.706201">
				<ele>40.000000</ele>
			</trkpt>
			<trkpt lat="39.785283" lon="2.706220">
				<ele>41.000000</ele>
			</trkpt>
			<trkpt lat="39.785359" lon="2.706291">
				<ele>41.000000</ele>
			</trkpt>
			<trkpt lat="39.785428" lon="2.706427">
				<ele>42.000000</ele>
			</trkpt>
			<trkpt lat="39.785545" lon="2.706553">
				<ele>43.000000</ele>
			</trkpt>
			<trkpt lat="39.785869" lon="2.706939">
				<ele>46.000000</ele>
			</trkpt>
			<trkpt lat="39.786049" lon="2.707127">
				<ele>47.000000</ele>
			</trkpt>
			<trkpt lat="39.786201" lon="2.707136">
				<ele>48.000000</ele>
			</trkpt>
			<trkpt lat="39.786235" lon="2.707100">
				<ele>49.000000</ele>
			</trkpt>
			<trkpt lat="39.786408" lon="2.707064">
				<ele>50.000000</ele>
			</trkpt>
			<trkpt lat="39.786456" lon="2.707019">
				<ele>50.000000</ele>
			</trkpt>
			<trkpt lat="39.786511" lon="2.707019">
				<ele>51.000000</ele>
			</trkpt>
			<trkpt lat="39.786643" lon="2.707010">
				<ele>52.000000</ele>
			</trkpt>
			<trkpt lat="39.786725" lon="2.707001">
				<ele>52.000000</ele>
			</trkpt>
			<trkpt lat="39.786829" lon="2.706983">
				<ele>53.000000</ele>
			</trkpt>
			<trkpt lat="39.786926" lon="2.706983">
				<ele>53.000000</ele>
			</trkpt>
			<trkpt lat="39.787070" lon="2.707046">
				<ele>54.000000</ele>
			</trkpt>
			<trkpt lat="39.787125" lon="2.707056">
				<ele>55.000000</ele>
			</trkpt>
			<trkpt lat="39.787195" lon="2.707056">
				<ele>55.000000</ele>
			</trkpt>
			<trkpt lat="39.787443" lon="2.706983">
				<ele>57.000000</ele>
			</trkpt>
			<trkpt lat="39.787505" lon="2.706956">
				<ele>59.000000</ele>
			</trkpt>
			<trkpt lat="39.787636" lon="2.706939">
				<ele>62.000000</ele>
			</trkpt>
			<trkpt lat="39.787733" lon="2.706876">
				<ele>64.000000</ele>
			</trkpt>
			<trkpt lat="39.787871" lon="2.706903">
				<ele>68.000000</ele>
			</trkpt>
			<trkpt lat="39.787954" lon="2.706876">
				<ele>69.000000</ele>
			</trkpt>
			<trkpt lat="39.788016" lon="2.706857">
				<ele>70.000000</ele>
			</trkpt>
			<trkpt lat="39.788285" lon="2.706974">
				<ele>73.000000</ele>
			</trkpt>
			<trkpt lat="39.788389" lon="2.706993">
				<ele>74.000000</ele>
			</trkpt>
			<trkpt lat="39.788534" lon="2.706956">
				<ele>76.000000</ele>
			</trkpt>
			<trkpt lat="39.788630" lon="2.706849">
				<ele>77.000000</ele>
			</trkpt>
			<trkpt lat="39.788810" lon="2.706731">
				<ele>79.000000</ele>
			</trkpt>
			<trkpt lat="39.788996" lon="2.706641">
				<ele>80.000000</ele>
			</trkpt>
			<trkpt lat="39.789252" lon="2.706507">
				<ele>80.000000</ele>
			</trkpt>
			<trkpt lat="39.789390" lon="2.706480">
				<ele>80.000000</ele>
			</trkpt>
			<trkpt lat="39.789625" lon="2.706490">
				<ele>80.000000</ele>
			</trkpt>
			<trkpt lat="39.789700" lon="2.706417">
				<ele>80.000000</ele>
			</trkpt>
			<trkpt lat="39.789714" lon="2.706408">
				<ele>80.000000</ele>
			</trkpt>
			<trkpt lat="39.789997" lon="2.706238">
				<ele>80.000000</ele>
			</trkpt>
			<trkpt lat="39.790163" lon="2.706148">
				<ele>80.000000</ele>
			</trkpt>
			<trkpt lat="39.790321" lon="2.706058">
				<ele>80.000000</ele>
			</trkpt>
			<trkpt lat="39.790459" lon="2.706022">
				<ele>80.000000</ele>
			</trkpt>
			<trkpt lat="39.790528" lon="2.706031">
				<ele>80.000000</ele>
			</trkpt>
			<trkpt lat="39.790570" lon="2.705968">
				<ele>80.000000</ele>
			</trkpt>
			<trkpt lat="39.790729" lon="2.705779">
				<ele>80.000000</ele>
			</trkpt>
			<trkpt lat="39.790805" lon="2.705654">
				<ele>80.000000</ele>
			</trkpt>
			<trkpt lat="39.790901" lon="2.705538">
				<ele>80.000000</ele>
			</trkpt>
			<trkpt lat="39.790922" lon="2.705483">
				<ele>80.000000</ele>
			</trkpt>
			<trkpt lat="39.791012" lon="2.705448">
				<ele>80.000000</ele>
			</trkpt>
			<trkpt lat="39.791102" lon="2.705348">
				<ele>80.000000</ele>
			</trkpt>
			<trkpt lat="39.791164" lon="2.705322">
				<ele>80.000000</ele>
			</trkpt>
			<trkpt lat="39.791226" lon="2.705295">
				<ele>80.000000</ele>
			</trkpt>
			<trkpt lat="39.791316" lon="2.705312">
				<ele>80.000000</ele>
			</trkpt>
			<trkpt lat="39.791440" lon="2.705241">
				<ele>78.000000</ele>
			</trkpt>
			<trkpt lat="39.791516" lon="2.705196">
				<ele>78.000000</ele>
			</trkpt>
			<trkpt lat="39.791681" lon="2.705151">
				<ele>77.000000</ele>
			</trkpt>
			<trkpt lat="39.791916" lon="2.705025">
				<ele>75.000000</ele>
			</trkpt>
			<trkpt lat="39.792027" lon="2.704980">
				<ele>74.000000</ele>
			</trkpt>
			<trkpt lat="39.792096" lon="2.704935">
				<ele>73.000000</ele>
			</trkpt>
			<trkpt lat="39.792268" lon="2.704890">
				<ele>72.000000</ele>
			</trkpt>
			<trkpt lat="39.792406" lon="2.704863">
				<ele>71.000000</ele>
			</trkpt>
			<trkpt lat="39.792482" lon="2.704819">
				<ele>70.000000</ele>
			</trkpt>
			<trkpt lat="39.792565" lon="2.704782">
				<ele>70.000000</ele>
			</trkpt>
			<trkpt lat="39.792662" lon="2.704719">
				<ele>70.000000</ele>
			</trkpt>
			<trkpt lat="39.792800" lon="2.704612">
				<ele>70.000000</ele>
			</trkpt>
			<trkpt lat="39.792848" lon="2.704576">
				<ele>70.000000</ele>
			</trkpt>
			<trkpt lat="39.792930" lon="2.704522">
				<ele>70.000000</ele>
			</trkpt>
			<trkpt lat="39.792993" lon="2.704467">
				<ele>70.000000</ele>
			</trkpt>
			<trkpt lat="39.793041" lon="2.704432">
				<ele>70.000000</ele>
			</trkpt>
			<trkpt lat="39.793172" lon="2.704387">
				<ele>70.000000</ele>
			</trkpt>
			<trkpt lat="39.793255" lon="2.704360">
				<ele>70.000000</ele>
			</trkpt>
			<trkpt lat="39.793311" lon="2.704333">
				<ele>70.000000</ele>
			</trkpt>
			<trkpt lat="39.793379" lon="2.704289">
				<ele>70.000000</ele>
			</trkpt>
			<trkpt lat="39.793428" lon="2.704234">
				<ele>70.000000</ele>
			</trkpt>
			<trkpt lat="39.793510" lon="2.704154">
				<ele>70.000000</ele>
			</trkpt>
			<trkpt lat="39.793704" lon="2.704027">
				<ele>70.000000</ele>
			</trkpt>
			<trkpt lat="39.793738" lon="2.704001">
				<ele>70.000000</ele>
			</trkpt>
			<trkpt lat="39.793793" lon="2.704001">
				<ele>70.000000</ele>
			</trkpt>
			<trkpt lat="39.793842" lon="2.704019">
				<ele>70.000000</ele>
			</trkpt>
			<trkpt lat="39.793877" lon="2.704046">
				<ele>70.000000</ele>
			</trkpt>
			<trkpt lat="39.793932" lon="2.704046">
				<ele>70.000000</ele>
			</trkpt>
			<trkpt lat="39.793980" lon="2.704046">
				<ele>70.000000</ele>
			</trkpt>
			<trkpt lat="39.794021" lon="2.704027">
				<ele>70.000000</ele>
			</trkpt>
			<trkpt lat="39.794083" lon="2.703964">
				<ele>70.000000</ele>
			</trkpt>
			<trkpt lat="39.794125" lon="2.703911">
				<ele>70.000000</ele>
			</trkpt>
			<trkpt lat="39.794173" lon="2.703813">
				<ele>70.000000</ele>
			</trkpt>
			<trkpt lat="39.794229" lon="2.703714">
				<ele>70.000000</ele>
			</trkpt>
			<trkpt lat="39.794284" lon="2.703651">
				<ele>70.000000</ele>
			</trkpt>
			<trkpt lat="39.794456" lon="2.703498">
				<ele>70.000000</ele>
			</trkpt>
			<trkpt lat="39.794518" lon="2.703435">
				<ele>70.000000</ele>
			</trkpt>
			<trkpt lat="39.794594" lon="2.703425">
				<ele>70.000000</ele>
			</trkpt>
			<trkpt lat="39.794649" lon="2.703453">
				<ele>70.000000</ele>
			</trkpt>
			<trkpt lat="39.794739" lon="2.703480">
				<ele>70.000000</ele>
			</trkpt>
			<trkpt lat="39.794760" lon="2.703461">
				<ele>70.000000</ele>
			</trkpt>
			<trkpt lat="39.794787" lon="2.703453">
				<ele>70.000000</ele>
			</trkpt>
			<trkpt lat="39.794912" lon="2.703471">
				<ele>70.000000</ele>
			</trkpt>
			<trkpt lat="39.794946" lon="2.703515">
				<ele>70.000000</ele>
			</trkpt>
			<trkpt lat="39.795112" lon="2.703543">
				<ele>70.000000</ele>
			</trkpt>
			<trkpt lat="39.795153" lon="2.703507">
				<ele>70.000000</ele>
			</trkpt>
			<trkpt lat="39.795236" lon="2.703390">
				<ele>70.000000</ele>
			</trkpt>
			<trkpt lat="39.795298" lon="2.703372">
				<ele>70.000000</ele>
			</trkpt>
			<trkpt lat="39.795395" lon="2.703372">
				<ele>70.000000</ele>
			</trkpt>
			<trkpt lat="39.795485" lon="2.703417">
				<ele>70.000000</ele>
			</trkpt>
			<trkpt lat="39.795602" lon="2.703435">
				<ele>70.000000</ele>
			</trkpt>
			<trkpt lat="39.795595" lon="2.703318">
				<ele>70.000000</ele>
			</trkpt>
			<trkpt lat="39.795540" lon="2.703192">
				<ele>70.000000</ele>
			</trkpt>
			<trkpt lat="39.795533" lon="2.703129">
				<ele>70.000000</ele>
			</trkpt>
			<trkpt lat="39.795554" lon="2.703058">
				<ele>70.000000</ele>
			</trkpt>
			<trkpt lat="39.795609" lon="2.703175">
				<ele>68.000000</ele>
			</trkpt>
			<trkpt lat="39.795657" lon="2.703094">
				<ele>67.000000</ele>
			</trkpt>
			<trkpt lat="39.795692" lon="2.703094">
				<ele>67.000000</ele>
			</trkpt>
			<trkpt lat="39.795713" lon="2.703048">
				<ele>66.000000</ele>
			</trkpt>
			<trkpt lat="39.795747" lon="2.703075">
				<ele>65.000000</ele>
			</trkpt>
			<trkpt lat="39.795871" lon="2.703175">
				<ele>63.000000</ele>
			</trkpt>
			<trkpt lat="39.795940" lon="2.703282">
				<ele>62.000000</ele>
			</trkpt>
			<trkpt lat="39.796030" lon="2.703255">
				<ele>61.000000</ele>
			</trkpt>
			<trkpt lat="39.796105" lon="2.703282">
				<ele>59.000000</ele>
			</trkpt>
			<trkpt lat="39.796319" lon="2.703318">
				<ele>54.000000</ele>
			</trkpt>
			<trkpt lat="39.796409" lon="2.703337">
				<ele>52.000000</ele>
			</trkpt>
			<trkpt lat="39.796485" lon="2.703337">
				<ele>50.000000</ele>
			</trkpt>
			<trkpt lat="39.796610" lon="2.703364">
				<ele>48.000000</ele>
			</trkpt>
			<trkpt lat="39.796637" lon="2.703345">
				<ele>48.000000</ele>
			</trkpt>
			<trkpt lat="39.796631" lon="2.703291">
				<ele>47.000000</ele>
			</trkpt>
			<trkpt lat="39.796616" lon="2.703228">
				<ele>46.000000</ele>
			</trkpt>
			<trkpt lat="39.796582" lon="2.703219">
				<ele>46.000000</ele>
			</trkpt>
			<trkpt lat="39.796533" lon="2.703211">
				<ele>45.000000</ele>
			</trkpt>
			<trkpt lat="39.796527" lon="2.703184">
				<ele>45.000000</ele>
			</trkpt>
			<trkpt lat="39.796644" lon="2.703165">
				<ele>43.000000</ele>
			</trkpt>
			<trkpt lat="39.796700" lon="2.703148">
				<ele>42.000000</ele>
			</trkpt>
			<trkpt lat="39.796768" lon="2.703138">
				<ele>41.000000</ele>
			</trkpt>
			<trkpt lat="39.796830" lon="2.703148">
				<ele>40.000000</ele>
			</trkpt>
			<trkpt lat="39.796893" lon="2.703184">
				<ele>39.000000</ele>
			</trkpt>
			<trkpt lat="39.796934" lon="2.703102">
				<ele>38.000000</ele>
			</trkpt>
			<trkpt lat="39.796920" lon="2.703031">
				<ele>37.000000</ele>
			</trkpt>
			<trkpt lat="39.796954" lon="2.702922">
				<ele>35.000000</ele>
			</trkpt>
			<trkpt lat="39.796975" lon="2.702842">
				<ele>34.000000</ele>
			</trkpt>
			<trkpt lat="39.796989" lon="2.702771">
				<ele>33.000000</ele>
			</trkpt>
			<trkpt lat="39.797051" lon="2.702591">
				<ele>30.000000</ele>
			</trkpt>
			<trkpt lat="39.797038" lon="2.702509">
				<ele>30.000000</ele>
			</trkpt>
			<trkpt lat="39.797051" lon="2.702438">
				<ele>29.000000</ele>
			</trkpt>
			<trkpt lat="39.797051" lon="2.702366">
				<ele>28.000000</ele>
			</trkpt>
			<trkpt lat="39.797079" lon="2.702276">
				<ele>28.000000</ele>
			</trkpt>
			<trkpt lat="39.797079" lon="2.702222">
				<ele>27.000000</ele>
			</trkpt>
			<trkpt lat="39.797099" lon="2.702052">
				<ele>26.000000</ele>
			</trkpt>
			<trkpt lat="39.797093" lon="2.701953">
				<ele>25.000000</ele>
			</trkpt>
			<trkpt lat="39.797086" lon="2.701854">
				<ele>24.000000</ele>
			</trkpt>
			<trkpt lat="39.797093" lon="2.701756">
				<ele>23.000000</ele>
			</trkpt>
			<trkpt lat="39.797120" lon="2.701647">
				<ele>22.000000</ele>
			</trkpt>
			<trkpt lat="39.797155" lon="2.701647">
				<ele>22.000000</ele>
			</trkpt>
			<trkpt lat="39.797176" lon="2.701656">
				<ele>22.000000</ele>
			</trkpt>
			<trkpt lat="39.797224" lon="2.701710">
				<ele>21.000000</ele>
			</trkpt>
			<trkpt lat="39.797251" lon="2.701729">
				<ele>21.000000</ele>
			</trkpt>
			<trkpt lat="39.797272" lon="2.701719">
				<ele>20.000000</ele>
			</trkpt>
			<trkpt lat="39.797300" lon="2.701693">
				<ele>20.000000</ele>
			</trkpt>
			<trkpt lat="39.797348" lon="2.701683">
				<ele>20.000000</ele>
			</trkpt>
			<trkpt lat="39.797382" lon="2.701710">
				<ele>20.000000</ele>
			</trkpt>
			<trkpt lat="39.797438" lon="2.701647">
				<ele>19.000000</ele>
			</trkpt>
			<trkpt lat="39.797465" lon="2.701611">
				<ele>19.000000</ele>
			</trkpt>
			<trkpt lat="39.797514" lon="2.701593">
				<ele>19.000000</ele>
			</trkpt>
			<trkpt lat="39.797589" lon="2.701584">
				<ele>19.000000</ele>
			</trkpt>
			<trkpt lat="39.797666" lon="2.701567">
				<ele>18.000000</ele>
			</trkpt>
			<trkpt lat="39.797817" lon="2.701513">
				<ele>18.000000</ele>
			</trkpt>
			<trkpt lat="39.797852" lon="2.701503">
				<ele>18.000000</ele>
			</trkpt>
			<trkpt lat="39.797914" lon="2.701477">
				<ele>18.000000</ele>
			</trkpt>
			<trkpt lat="39.798031" lon="2.701423">
				<ele>17.000000</ele>
			</trkpt>
			<trkpt lat="39.798218" lon="2.701333">
				<ele>16.000000</ele>
			</trkpt>
			<trkpt lat="39.798259" lon="2.701314">
				<ele>16.000000</ele>
			</trkpt>
			<trkpt lat="39.798348" lon="2.701297">
				<ele>16.000000</ele>
			</trkpt>
			<trkpt lat="39.798377" lon="2.701297">
				<ele>16.000000</ele>
			</trkpt>
			<trkpt lat="39.798501" lon="2.701297">
				<ele>15.000000</ele>
			</trkpt>
			<trkpt lat="39.798549" lon="2.701280">
				<ele>15.000000</ele>
			</trkpt>
			<trkpt lat="39.798604" lon="2.701251">
				<ele>15.000000</ele>
			</trkpt>
			<trkpt lat="39.798639" lon="2.701135">
				<ele>14.000000</ele>
			</trkpt>
			<trkpt lat="39.798604" lon="2.701127">
				<ele>14.000000</ele>
			</trkpt>
			<trkpt lat="39.798542" lon="2.701108">
				<ele>14.000000</ele>
			</trkpt>
			<trkpt lat="39.798487" lon="2.701073">
				<ele>14.000000</ele>
			</trkpt>
			<trkpt lat="39.798446" lon="2.701010">
				<ele>14.000000</ele>
			</trkpt>
			<trkpt lat="39.798418" lon="2.700928">
				<ele>13.000000</ele>
			</trkpt>
			<trkpt lat="39.798411" lon="2.700838">
				<ele>13.000000</ele>
			</trkpt>
			<trkpt lat="39.798383" lon="2.700748">
				<ele>13.000000</ele>
			</trkpt>
			<trkpt lat="39.798363" lon="2.700695">
				<ele>13.000000</ele>
			</trkpt>
			<trkpt lat="39.798328" lon="2.700632">
				<ele>12.000000</ele>
			</trkpt>
			<trkpt lat="39.798300" lon="2.700597">
				<ele>12.000000</ele>
			</trkpt>
			<trkpt lat="39.798218" lon="2.700507">
				<ele>12.000000</ele>
			</trkpt>
			<trkpt lat="39.798169" lon="2.700435">
				<ele>12.000000</ele>
			</trkpt>
			<trkpt lat="39.798128" lon="2.700389">
				<ele>11.000000</ele>
			</trkpt>
			<trkpt lat="39.798059" lon="2.700299">
				<ele>11.000000</ele>
			</trkpt>
			<trkpt lat="39.798011" lon="2.700228">
				<ele>11.000000</ele>
			</trkpt>
			<trkpt lat="39.797983" lon="2.700165">
				<ele>11.000000</ele>
			</trkpt>
			<trkpt lat="39.797928" lon="2.700022">
				<ele>10.000000</ele>
			</trkpt>
			<trkpt lat="39.797762" lon="2.699582">
				<ele>10.000000</ele>
			</trkpt>
			<trkpt lat="39.797700" lon="2.699356">
				<ele>10.000000</ele>
			</trkpt>
			<trkpt lat="39.797686" lon="2.699312">
				<ele>10.000000</ele>
			</trkpt>
			<trkpt lat="39.797686" lon="2.699276">
				<ele>10.000000</ele>
			</trkpt>
			<trkpt lat="39.797686" lon="2.699230">
				<ele>10.000000</ele>
			</trkpt>
			<trkpt lat="39.797693" lon="2.699195">
				<ele>10.000000</ele>
			</trkpt>
			<trkpt lat="39.797707" lon="2.699123">
				<ele>10.000000</ele>
			</trkpt>
			<trkpt lat="39.797700" lon="2.699051">
				<ele>10.000000</ele>
			</trkpt>
			<trkpt lat="39.797679" lon="2.698989">
				<ele>10.000000</ele>
			</trkpt>
			<trkpt lat="39.797652" lon="2.698943">
				<ele>10.000000</ele>
			</trkpt>
			<trkpt lat="39.797624" lon="2.698907">
				<ele>10.000000</ele>
			</trkpt>
			<trkpt lat="39.797589" lon="2.698844">
				<ele>10.000000</ele>
			</trkpt>
			<trkpt lat="39.797562" lon="2.698790">
				<ele>10.000000</ele>
			</trkpt>
			<trkpt lat="39.797500" lon="2.698710">
				<ele>10.000000</ele>
			</trkpt>
			<trkpt lat="39.797245" lon="2.698360">
				<ele>10.000000</ele>
			</trkpt>
			<trkpt lat="39.797224" lon="2.698324">
				<ele>10.000000</ele>
			</trkpt>
			<trkpt lat="39.797176" lon="2.698251">
				<ele>10.000000</ele>
			</trkpt>
			<trkpt lat="39.797148" lon="2.698215">
				<ele>10.000000</ele>
			</trkpt>
			<trkpt lat="39.797141" lon="2.698188">
				<ele>10.000000</ele>
			</trkpt>
			<trkpt lat="39.796796" lon="2.697443">
				<ele>10.000000</ele>
			</trkpt>
			<trkpt lat="39.797176" lon="2.697182">
				<ele>10.000000</ele>
			</trkpt>
			<trkpt lat="39.797217" lon="2.697156">
				<ele>10.000000</ele>
			</trkpt>
			<trkpt lat="39.797196" lon="2.697093">
				<ele>10.000000</ele>
			</trkpt>
			<trkpt lat="39.796913" lon="2.696330">
				<ele>10.000000</ele>
			</trkpt>
			<trkpt lat="39.796893" lon="2.696266">
				<ele>10.000000</ele>
			</trkpt>
			<trkpt lat="39.796968" lon="2.696213">
				<ele>10.000000</ele>
			</trkpt>
			<trkpt lat="39.796996" lon="2.696194">
				<ele>10.000000</ele>
			</trkpt>
			<trkpt lat="39.796989" lon="2.696177">
				<ele>10.000000</ele>
			</trkpt>
			<trkpt lat="39.796975" lon="2.696150">
				<ele>10.000000</ele>
			</trkpt>
			<trkpt lat="39.796962" lon="2.696131">
				<ele>10.000000</ele>
			</trkpt>
			<trkpt lat="39.796927" lon="2.696159">
				<ele>10.000000</ele>
			</trkpt>
			<trkpt lat="39.796913" lon="2.696131">
				<ele>10.000000</ele>
			</trkpt>
			<trkpt lat="39.796775" lon="2.696221">
				<ele>10.000000</ele>
			</trkpt>
			<trkpt lat="39.796451" lon="2.696427">
				<ele>10.000000</ele>
			</trkpt>
			<trkpt lat="39.796416" lon="2.696320">
				<ele>10.000000</ele>
			</trkpt>
			<trkpt lat="39.796382" lon="2.696339">
				<ele>10.000000</ele>
			</trkpt>
			<trkpt lat="39.796382" lon="2.696339">
				<ele>10.000000</ele>
			</trkpt>
			<trkpt lat="39.796306" lon="2.696383">
				<ele>10.000000</ele>
			</trkpt>
			<trkpt lat="39.796306" lon="2.696456">
				<ele>10.000000</ele>
			</trkpt>
			<trkpt lat="39.796306" lon="2.696517">
				<ele>10.000000</ele>
			</trkpt>
			<trkpt lat="39.796195" lon="2.696572">
				<ele>10.000000</ele>
			</trkpt>
			<trkpt lat="39.796120" lon="2.696617">
				<ele>10.000000</ele>
			</trkpt>
			<trkpt lat="39.796057" lon="2.696635">
				<ele>10.000000</ele>
			</trkpt>
			<trkpt lat="39.795705" lon="2.696725">
				<ele>10.000000</ele>
			</trkpt>
			<trkpt lat="39.795491" lon="2.696760">
				<ele>10.000000</ele>
			</trkpt>
			<trkpt lat="39.795160" lon="2.696769">
				<ele>10.000000</ele>
			</trkpt>
			<trkpt lat="39.794891" lon="2.696769">
				<ele>10.000000</ele>
			</trkpt>
			<trkpt lat="39.794891" lon="2.696806">
				<ele>10.000000</ele>
			</trkpt>
			<trkpt lat="39.794422" lon="2.696796">
				<ele>10.000000</ele>
			</trkpt>
			<trkpt lat="39.794298" lon="2.696787">
				<ele>10.000000</ele>
			</trkpt>
			<trkpt lat="39.794173" lon="2.696769">
				<ele>10.000000</ele>
			</trkpt>
			<trkpt lat="39.794166" lon="2.696815">
				<ele>10.000000</ele>
			</trkpt>
			<trkpt lat="39.794166" lon="2.696832">
				<ele>10.000000</ele>
			</trkpt>
			<trkpt lat="39.794166" lon="2.696859">
				<ele>10.000000</ele>
			</trkpt>
			<trkpt lat="39.794139" lon="2.696850">
				<ele>10.000000</ele>
			</trkpt>
			<trkpt lat="39.794056" lon="2.696842">
				<ele>10.000000</ele>
			</trkpt>
			<trkpt lat="39.793952" lon="2.696815">
				<ele>10.000000</ele>
			</trkpt>
			<trkpt lat="39.793897" lon="2.696806">
				<ele>10.000000</ele>
			</trkpt>
			<trkpt lat="39.793800" lon="2.696779">
				<ele>10.000000</ele>
			</trkpt>
			<trkpt lat="39.793669" lon="2.696733">
				<ele>10.000000</ele>
			</trkpt>
			<trkpt lat="39.793573" lon="2.696697">
				<ele>10.000000</ele>
			</trkpt>
			<trkpt lat="39.793428" lon="2.696635">
				<ele>10.000000</ele>
			</trkpt>
			<trkpt lat="39.793255" lon="2.696545">
				<ele>10.000000</ele>
			</trkpt>
			<trkpt lat="39.793152" lon="2.696482">
				<ele>10.000000</ele>
			</trkpt>
			<trkpt lat="39.792993" lon="2.696374">
				<ele>10.000000</ele>
			</trkpt>
			<trkpt lat="39.792959" lon="2.696347">
				<ele>10.000000</ele>
			</trkpt>
			<trkpt lat="39.792765" lon="2.696221">
				<ele>10.000000</ele>
			</trkpt>
			<trkpt lat="39.792627" lon="2.696114">
				<ele>10.000000</ele>
			</trkpt>
			<trkpt lat="39.792489" lon="2.696006">
				<ele>10.000000</ele>
			</trkpt>
			<trkpt lat="39.792247" lon="2.695800">
				<ele>10.000000</ele>
			</trkpt>
			<trkpt lat="39.792109" lon="2.695683">
				<ele>10.000000</ele>
			</trkpt>
			<trkpt lat="39.791992" lon="2.695574">
				<ele>10.000000</ele>
			</trkpt>
			<trkpt lat="39.791847" lon="2.695440">
				<ele>10.000000</ele>
			</trkpt>
			<trkpt lat="39.791729" lon="2.695324">
				<ele>10.000000</ele>
			</trkpt>
			<trkpt lat="39.791668" lon="2.695261">
				<ele>10.000000</ele>
			</trkpt>
			<trkpt lat="39.791350" lon="2.694991">
				<ele>10.000000</ele>
			</trkpt>
			<trkpt lat="39.791129" lon="2.694802">
				<ele>10.000000</ele>
			</trkpt>
			<trkpt lat="39.791060" lon="2.694748">
				<ele>10.000000</ele>
			</trkpt>
			<trkpt lat="39.790984" lon="2.694712">
				<ele>10.000000</ele>
			</trkpt>
			<trkpt lat="39.790984" lon="2.694676">
				<ele>10.000000</ele>
			</trkpt>
			<trkpt lat="39.790984" lon="2.694649">
				<ele>10.000000</ele>
			</trkpt>
			<trkpt lat="39.790943" lon="2.694496">
				<ele>10.000000</ele>
			</trkpt>
			<trkpt lat="39.790936" lon="2.694461">
				<ele>10.000000</ele>
			</trkpt>
			<trkpt lat="39.790811" lon="2.694030">
				<ele>10.000000</ele>
			</trkpt>
			<trkpt lat="39.790811" lon="2.693913">
				<ele>10.000000</ele>
			</trkpt>
			<trkpt lat="39.790798" lon="2.693840">
				<ele>10.000000</ele>
			</trkpt>
			<trkpt lat="39.790750" lon="2.693661">
				<ele>10.000000</ele>
			</trkpt>
			<trkpt lat="39.790742" lon="2.693643">
				<ele>10.000000</ele>
			</trkpt>
			<trkpt lat="39.790798" lon="2.693590">
				<ele>10.000000</ele>
			</trkpt>
			<trkpt lat="39.790791" lon="2.693553">
				<ele>10.000000</ele>
			</trkpt>
			<trkpt lat="39.790763" lon="2.693553">
				<ele>10.000000</ele>
			</trkpt>
			<trkpt lat="39.790722" lon="2.693553">
				<ele>10.000000</ele>
			</trkpt>
			<trkpt lat="39.790701" lon="2.693553">
				<ele>10.000000</ele>
			</trkpt>
			<trkpt lat="39.790632" lon="2.693311">
				<ele>10.000000</ele>
			</trkpt>
			<trkpt lat="39.790356" lon="2.692259">
				<ele>10.000000</ele>
			</trkpt>
			<trkpt lat="39.790266" lon="2.691730">
				<ele>10.000000</ele>
			</trkpt>
			<trkpt lat="39.790260" lon="2.691622">
				<ele>10.000000</ele>
			</trkpt>
			<trkpt lat="39.790260" lon="2.691542">
				<ele>10.000000</ele>
			</trkpt>
			<trkpt lat="39.790404" lon="2.690831">
				<ele>10.000000</ele>
			</trkpt>
			<trkpt lat="39.790411" lon="2.690804">
				<ele>10.000000</ele>
			</trkpt>
			<trkpt lat="39.790453" lon="2.690670">
				<ele>10.000000</ele>
			</trkpt>
			<trkpt lat="39.790480" lon="2.690590">
				<ele>10.000000</ele>
			</trkpt>
			<trkpt lat="39.790522" lon="2.690517">
				<ele>10.000000</ele>
			</trkpt>
			<trkpt lat="39.790563" lon="2.690464">
				<ele>10.000000</ele>
			</trkpt>
			<trkpt lat="39.790687" lon="2.690347">
				<ele>10.000000</ele>
			</trkpt>
			<trkpt lat="39.790708" lon="2.690328">
				<ele>10.000000</ele>
			</trkpt>
			<trkpt lat="39.790791" lon="2.690257">
				<ele>10.000000</ele>
			</trkpt>
			<trkpt lat="39.790839" lon="2.690221">
				<ele>10.000000</ele>
			</trkpt>
			<trkpt lat="39.790881" lon="2.690194">
				<ele>10.000000</ele>
			</trkpt>
			<trkpt lat="39.790929" lon="2.690167">
				<ele>10.000000</ele>
			</trkpt>
			<trkpt lat="39.791005" lon="2.690158">
				<ele>10.000000</ele>
			</trkpt>
			<trkpt lat="39.791102" lon="2.690158">
				<ele>10.000000</ele>
			</trkpt>
			<trkpt lat="39.791253" lon="2.690158">
				<ele>10.000000</ele>
			</trkpt>
			<trkpt lat="39.791322" lon="2.690158">
				<ele>10.000000</ele>
			</trkpt>
			<trkpt lat="39.791550" lon="2.690148">
				<ele>10.000000</ele>
			</trkpt>
			<trkpt lat="39.791681" lon="2.690148">
				<ele>10.000000</ele>
			</trkpt>
			<trkpt lat="39.791771" lon="2.690158">
				<ele>10.000000</ele>
			</trkpt>
			<trkpt lat="39.791840" lon="2.690167">
				<ele>10.000000</ele>
			</trkpt>
			<trkpt lat="39.791916" lon="2.690185">
				<ele>10.000000</ele>
			</trkpt>
			<trkpt lat="39.791999" lon="2.690221">
				<ele>10.000000</ele>
			</trkpt>
			<trkpt lat="39.792096" lon="2.690274">
				<ele>10.000000</ele>
			</trkpt>
			<trkpt lat="39.792137" lon="2.690284">
				<ele>10.000000</ele>
			</trkpt>
			<trkpt lat="39.792178" lon="2.690293">
				<ele>10.000000</ele>
			</trkpt>
			<trkpt lat="39.792247" lon="2.690301">
				<ele>10.000000</ele>
			</trkpt>
			<trkpt lat="39.792448" lon="2.690301">
				<ele>10.000000</ele>
			</trkpt>
			<trkpt lat="39.792517" lon="2.690284">
				<ele>10.000000</ele>
			</trkpt>
			<trkpt lat="39.792607" lon="2.690248">
				<ele>10.000000</ele>
			</trkpt>
			<trkpt lat="39.792779" lon="2.690158">
				<ele>10.000000</ele>
			</trkpt>
			<trkpt lat="39.793145" lon="2.689969">
				<ele>10.000000</ele>
			</trkpt>
			<trkpt lat="39.793172" lon="2.689951">
				<ele>10.000000</ele>
			</trkpt>
			<trkpt lat="39.793200" lon="2.689924">
				<ele>10.000000</ele>
			</trkpt>
			<trkpt lat="39.793221" lon="2.689898">
				<ele>10.000000</ele>
			</trkpt>
			<trkpt lat="39.793242" lon="2.689852">
				<ele>10.000000</ele>
			</trkpt>
			<trkpt lat="39.793255" lon="2.689825">
				<ele>10.000000</ele>
			</trkpt>
			<trkpt lat="39.793282" lon="2.689735">
				<ele>10.000000</ele>
			</trkpt>
			<trkpt lat="39.793297" lon="2.689619">
				<ele>10.000000</ele>
			</trkpt>
			<trkpt lat="39.793311" lon="2.689519">
				<ele>10.000000</ele>
			</trkpt>
			<trkpt lat="39.793324" lon="2.689376">
				<ele>10.000000</ele>
			</trkpt>
			<trkpt lat="39.793331" lon="2.689286">
				<ele>10.000000</ele>
			</trkpt>
			<trkpt lat="39.793338" lon="2.689098">
				<ele>10.000000</ele>
			</trkpt>
			<trkpt lat="39.793345" lon="2.688856">
				<ele>10.000000</ele>
			</trkpt>
			<trkpt lat="39.793338" lon="2.688810">
				<ele>11.000000</ele>
			</trkpt>
			<trkpt lat="39.793338" lon="2.688775">
				<ele>11.000000</ele>
			</trkpt>
			<trkpt lat="39.793324" lon="2.688729">
				<ele>12.000000</ele>
			</trkpt>
			<trkpt lat="39.793303" lon="2.688693">
				<ele>13.000000</ele>
			</trkpt>
			<trkpt lat="39.793221" lon="2.688550">
				<ele>17.000000</ele>
			</trkpt>
			<trkpt lat="39.793193" lon="2.688506">
				<ele>19.000000</ele>
			</trkpt>
			<trkpt lat="39.793179" lon="2.688442">
				<ele>20.000000</ele>
			</trkpt>
			<trkpt lat="39.793158" lon="2.688370">
				<ele>20.000000</ele>
			</trkpt>
			<trkpt lat="39.793152" lon="2.688307">
				<ele>20.000000</ele>
			</trkpt>
			<trkpt lat="39.793152" lon="2.688253">
				<ele>20.000000</ele>
			</trkpt>
			<trkpt lat="39.793152" lon="2.688236">
				<ele>20.000000</ele>
			</trkpt>
			<trkpt lat="39.793138" lon="2.688217">
				<ele>20.000000</ele>
			</trkpt>
			<trkpt lat="39.793131" lon="2.688209">
				<ele>20.000000</ele>
			</trkpt>
			<trkpt lat="39.793110" lon="2.688209">
				<ele>20.000000</ele>
			</trkpt>
			<trkpt lat="39.793096" lon="2.688217">
				<ele>20.000000</ele>
			</trkpt>
			<trkpt lat="39.793083" lon="2.688236">
				<ele>20.000000</ele>
			</trkpt>
			<trkpt lat="39.793083" lon="2.688253">
				<ele>20.000000</ele>
			</trkpt>
			<trkpt lat="39.793076" lon="2.688290">
				<ele>20.000000</ele>
			</trkpt>
			<trkpt lat="39.793089" lon="2.688353">
				<ele>20.000000</ele>
			</trkpt>
			<trkpt lat="39.793103" lon="2.688406">
				<ele>20.000000</ele>
			</trkpt>
			<trkpt lat="39.793138" lon="2.688506">
				<ele>20.000000</ele>
			</trkpt>
			<trkpt lat="39.793186" lon="2.688676">
				<ele>20.000000</ele>
			</trkpt>
			<trkpt lat="39.793193" lon="2.688712">
				<ele>20.000000</ele>
			</trkpt>
			<trkpt lat="39.793193" lon="2.688729">
				<ele>20.000000</ele>
			</trkpt>
			<trkpt lat="39.793193" lon="2.688756">
				<ele>20.000000</ele>
			</trkpt>
			<trkpt lat="39.793179" lon="2.688775">
				<ele>20.000000</ele>
			</trkpt>
			<trkpt lat="39.793165" lon="2.688783">
				<ele>20.000000</ele>
			</trkpt>
			<trkpt lat="39.793152" lon="2.688783">
				<ele>20.000000</ele>
			</trkpt>
			<trkpt lat="39.793131" lon="2.688775">
				<ele>20.000000</ele>
			</trkpt>
			<trkpt lat="39.793124" lon="2.688756">
				<ele>21.000000</ele>
			</trkpt>
			<trkpt lat="39.793110" lon="2.688739">
				<ele>21.000000</ele>
			</trkpt>
			<trkpt lat="39.793103" lon="2.688712">
				<ele>22.000000</ele>
			</trkpt>
			<trkpt lat="39.793055" lon="2.688460">
				<ele>29.000000</ele>
			</trkpt>
			<trkpt lat="39.793041" lon="2.688406">
				<ele>30.000000</ele>
			</trkpt>
			<trkpt lat="39.793007" lon="2.688326">
				<ele>30.000000</ele>
			</trkpt>
			<trkpt lat="39.792993" lon="2.688271">
				<ele>30.000000</ele>
			</trkpt>
			<trkpt lat="39.792986" lon="2.688227">
				<ele>30.000000</ele>
			</trkpt>
			<trkpt lat="39.792979" lon="2.688190">
				<ele>30.000000</ele>
			</trkpt>
			<trkpt lat="39.792986" lon="2.688146">
				<ele>30.000000</ele>
			</trkpt>
			<trkpt lat="39.792993" lon="2.688100">
				<ele>30.000000</ele>
			</trkpt>
			<trkpt lat="39.793028" lon="2.687993">
				<ele>30.000000</ele>
			</trkpt>
			<trkpt lat="39.793083" lon="2.687850">
				<ele>30.000000</ele>
			</trkpt>
			<trkpt lat="39.793110" lon="2.687760">
				<ele>30.000000</ele>
			</trkpt>
			<trkpt lat="39.793131" lon="2.687571">
				<ele>30.000000</ele>
			</trkpt>
			<trkpt lat="39.793145" lon="2.687454">
				<ele>30.000000</ele>
			</trkpt>
			<trkpt lat="39.793145" lon="2.687408">
				<ele>30.000000</ele>
			</trkpt>
			<trkpt lat="39.793138" lon="2.687355">
				<ele>30.000000</ele>
			</trkpt>
			<trkpt lat="39.793117" lon="2.687301">
				<ele>31.000000</ele>
			</trkpt>
			<trkpt lat="39.793062" lon="2.687202">
				<ele>32.000000</ele>
			</trkpt>
			<trkpt lat="39.793048" lon="2.687158">
				<ele>32.000000</ele>
			</trkpt>
			<trkpt lat="39.793041" lon="2.687121">
				<ele>33.000000</ele>
			</trkpt>
			<trkpt lat="39.793041" lon="2.687068">
				<ele>33.000000</ele>
			</trkpt>
			<trkpt lat="39.793069" lon="2.686942">
				<ele>35.000000</ele>
			</trkpt>
			<trkpt lat="39.793096" lon="2.686762">
				<ele>37.000000</ele>
			</trkpt>
			<trkpt lat="39.793117" lon="2.686511">
				<ele>39.000000</ele>
			</trkpt>
			<trkpt lat="39.793124" lon="2.686366">
				<ele>40.000000</ele>
			</trkpt>
			<trkpt lat="39.793117" lon="2.686133">
				<ele>41.000000</ele>
			</trkpt>
			<trkpt lat="39.793096" lon="2.685980">
				<ele>42.000000</ele>
			</trkpt>
			<trkpt lat="39.793096" lon="2.685837">
				<ele>42.000000</ele>
			</trkpt>
			<trkpt lat="39.793103" lon="2.685657">
				<ele>43.000000</ele>
			</trkpt>
			<trkpt lat="39.793124" lon="2.685531">
				<ele>43.000000</ele>
			</trkpt>
			<trkpt lat="39.793165" lon="2.685316">
				<ele>44.000000</ele>
			</trkpt>
			<trkpt lat="39.793200" lon="2.685127">
				<ele>45.000000</ele>
			</trkpt>
			<trkpt lat="39.793227" lon="2.684875">
				<ele>45.000000</ele>
			</trkpt>
			<trkpt lat="39.793242" lon="2.684750">
				<ele>46.000000</ele>
			</trkpt>
			<trkpt lat="39.793255" lon="2.684454">
				<ele>47.000000</ele>
			</trkpt>
			<trkpt lat="39.793262" lon="2.684364">
				<ele>47.000000</ele>
			</trkpt>
			<trkpt lat="39.793276" lon="2.684282">
				<ele>47.000000</ele>
			</trkpt>
			<trkpt lat="39.793331" lon="2.684085">
				<ele>48.000000</ele>
			</trkpt>
			<trkpt lat="39.793338" lon="2.684032">
				<ele>48.000000</ele>
			</trkpt>
			<trkpt lat="39.793338" lon="2.683969">
				<ele>49.000000</ele>
			</trkpt>
			<trkpt lat="39.793331" lon="2.683888">
				<ele>49.000000</ele>
			</trkpt>
			<trkpt lat="39.793311" lon="2.683806">
				<ele>49.000000</ele>
			</trkpt>
			<trkpt lat="39.793282" lon="2.683753">
				<ele>49.000000</ele>
			</trkpt>
			<trkpt lat="39.793248" lon="2.683690">
				<ele>50.000000</ele>
			</trkpt>
			<trkpt lat="39.793089" lon="2.683466">
				<ele>53.000000</ele>
			</trkpt>
			<trkpt lat="39.793055" lon="2.683403">
				<ele>55.000000</ele>
			</trkpt>
			<trkpt lat="39.793034" lon="2.683357">
				<ele>56.000000</ele>
			</trkpt>
			<trkpt lat="39.793014" lon="2.683303">
				<ele>57.000000</ele>
			</trkpt>
			<trkpt lat="39.792999" lon="2.683250">
				<ele>58.000000</ele>
			</trkpt>
			<trkpt lat="39.792986" lon="2.683160">
				<ele>59.000000</ele>
			</trkpt>
			<trkpt lat="39.792979" lon="2.683116">
				<ele>60.000000</ele>
			</trkpt>
			<trkpt lat="39.792938" lon="2.683007">
				<ele>64.000000</ele>
			</trkpt>
			<trkpt lat="39.792875" lon="2.682810">
				<ele>70.000000</ele>
			</trkpt>
			<trkpt lat="39.792869" lon="2.682747">
				<ele>70.000000</ele>
			</trkpt>
			<trkpt lat="39.792861" lon="2.682701">
				<ele>70.000000</ele>
			</trkpt>
			<trkpt lat="39.792855" lon="2.682674">
				<ele>70.000000</ele>
			</trkpt>
			<trkpt lat="39.792861" lon="2.682640">
				<ele>70.000000</ele>
			</trkpt>
			<trkpt lat="39.792869" lon="2.682621">
				<ele>70.000000</ele>
			</trkpt>
			<trkpt lat="39.792882" lon="2.682594">
				<ele>70.000000</ele>
			</trkpt>
			<trkpt lat="39.792896" lon="2.682576">
				<ele>70.000000</ele>
			</trkpt>
			<trkpt lat="39.792917" lon="2.682558">
				<ele>70.000000</ele>
			</trkpt>
			<trkpt lat="39.792944" lon="2.682558">
				<ele>70.000000</ele>
			</trkpt>
			<trkpt lat="39.792965" lon="2.682558">
				<ele>70.000000</ele>
			</trkpt>
			<trkpt lat="39.792993" lon="2.682558">
				<ele>70.000000</ele>
			</trkpt>
			<trkpt lat="39.793083" lon="2.682603">
				<ele>66.000000</ele>
			</trkpt>
			<trkpt lat="39.793152" lon="2.682621">
				<ele>64.000000</ele>
			</trkpt>
			<trkpt lat="39.793338" lon="2.682666">
				<ele>59.000000</ele>
			</trkpt>
			<trkpt lat="39.793718" lon="2.682756">
				<ele>57.000000</ele>
			</trkpt>
			<trkpt lat="39.793973" lon="2.682846">
				<ele>55.000000</ele>
			</trkpt>
			<trkpt lat="39.794063" lon="2.682873">
				<ele>55.000000</ele>
			</trkpt>
			<trkpt lat="39.794270" lon="2.682917">
				<ele>54.000000</ele>
			</trkpt>
			<trkpt lat="39.794477" lon="2.682953">
				<ele>52.000000</ele>
			</trkpt>
			<trkpt lat="39.794601" lon="2.682980">
				<ele>52.000000</ele>
			</trkpt>
			<trkpt lat="39.794642" lon="2.682999">
				<ele>51.000000</ele>
			</trkpt>
			<trkpt lat="39.794691" lon="2.683026">
				<ele>51.000000</ele>
			</trkpt>
			<trkpt lat="39.794864" lon="2.683150">
				<ele>50.000000</ele>
			</trkpt>
			<trkpt lat="39.794898" lon="2.683169">
				<ele>50.000000</ele>
			</trkpt>
			<trkpt lat="39.794925" lon="2.683169">
				<ele>50.000000</ele>
			</trkpt>
			<trkpt lat="39.794960" lon="2.683169">
				<ele>50.000000</ele>
			</trkpt>
			<trkpt lat="39.795001" lon="2.683160">
				<ele>50.000000</ele>
			</trkpt>
			<trkpt lat="39.795202" lon="2.683079">
				<ele>55.000000</ele>
			</trkpt>
			<trkpt lat="39.795581" lon="2.682900">
				<ele>62.000000</ele>
			</trkpt>
			<trkpt lat="39.795961" lon="2.682783">
				<ele>65.000000</ele>
			</trkpt>
			<trkpt lat="39.796271" lon="2.682674">
				<ele>67.000000</ele>
			</trkpt>
			<trkpt lat="39.796375" lon="2.682640">
				<ele>68.000000</ele>
			</trkpt>
			<trkpt lat="39.796485" lon="2.682576">
				<ele>69.000000</ele>
			</trkpt>
			<trkpt lat="39.796596" lon="2.682504">
				<ele>70.000000</ele>
			</trkpt>
			<trkpt lat="39.796658" lon="2.682460">
				<ele>70.000000</ele>
			</trkpt>
			<trkpt lat="39.796789" lon="2.682343">
				<ele>71.000000</ele>
			</trkpt>
			<trkpt lat="39.796941" lon="2.682208">
				<ele>73.000000</ele>
			</trkpt>
			<trkpt lat="39.797003" lon="2.682135">
				<ele>74.000000</ele>
			</trkpt>
			<trkpt lat="39.797017" lon="2.682118">
				<ele>74.000000</ele>
			</trkpt>
			<trkpt lat="39.797023" lon="2.682100">
				<ele>74.000000</ele>
			</trkpt>
			<trkpt lat="39.797023" lon="2.682074">
				<ele>74.000000</ele>
			</trkpt>
			<trkpt lat="39.797017" lon="2.682055">
				<ele>75.000000</ele>
			</trkpt>
			<trkpt lat="39.797010" lon="2.682037">
				<ele>75.000000</ele>
			</trkpt>
			<trkpt lat="39.796996" lon="2.682037">
				<ele>75.000000</ele>
			</trkpt>
			<trkpt lat="39.796983" lon="2.682028">
				<ele>75.000000</ele>
			</trkpt>
			<trkpt lat="39.796968" lon="2.682037">
				<ele>75.000000</ele>
			</trkpt>
			<trkpt lat="39.796954" lon="2.682045">
				<ele>75.000000</ele>
			</trkpt>
			<trkpt lat="39.796941" lon="2.682055">
				<ele>75.000000</ele>
			</trkpt>
			<trkpt lat="39.796920" lon="2.682074">
				<ele>76.000000</ele>
			</trkpt>
			<trkpt lat="39.796830" lon="2.682181">
				<ele>77.000000</ele>
			</trkpt>
			<trkpt lat="39.796796" lon="2.682208">
				<ele>77.000000</ele>
			</trkpt>
			<trkpt lat="39.796720" lon="2.682271">
				<ele>78.000000</ele>
			</trkpt>
			<trkpt lat="39.796665" lon="2.682298">
				<ele>78.000000</ele>
			</trkpt>
			<trkpt lat="39.796554" lon="2.682324">
				<ele>79.000000</ele>
			</trkpt>
			<trkpt lat="39.796541" lon="2.682334">
				<ele>80.000000</ele>
			</trkpt>
			<trkpt lat="39.796520" lon="2.682324">
				<ele>80.000000</ele>
			</trkpt>
			<trkpt lat="39.796506" lon="2.682315">
				<ele>80.000000</ele>
			</trkpt>
			<trkpt lat="39.796499" lon="2.682298">
				<ele>80.000000</ele>
			</trkpt>
			<trkpt lat="39.796499" lon="2.682280">
				<ele>80.000000</ele>
			</trkpt>
			<trkpt lat="39.796506" lon="2.682261">
				<ele>81.000000</ele>
			</trkpt>
			<trkpt lat="39.796513" lon="2.682244">
				<ele>81.000000</ele>
			</trkpt>
			<trkpt lat="39.796582" lon="2.682181">
				<ele>82.000000</ele>
			</trkpt>
			<trkpt lat="39.796775" lon="2.682028">
				<ele>86.000000</ele>
			</trkpt>
			<trkpt lat="39.796837" lon="2.681921">
				<ele>88.000000</ele>
			</trkpt>
			<trkpt lat="39.796844" lon="2.681894">
				<ele>88.000000</ele>
			</trkpt>
			<trkpt lat="39.796851" lon="2.681875">
				<ele>89.000000</ele>
			</trkpt>
			<trkpt lat="39.796865" lon="2.681651">
				<ele>91.000000</ele>
			</trkpt>
			<trkpt lat="39.796879" lon="2.681569">
				<ele>92.000000</ele>
			</trkpt>
			<trkpt lat="39.796913" lon="2.681418">
				<ele>94.000000</ele>
			</trkpt>
			<trkpt lat="39.796927" lon="2.681328">
				<ele>95.000000</ele>
			</trkpt>
			<trkpt lat="39.796941" lon="2.681202">
				<ele>97.000000</ele>
			</trkpt>
			<trkpt lat="39.796948" lon="2.681013">
				<ele>99.000000</ele>
			</trkpt>
			<trkpt lat="39.796913" lon="2.681032">
				<ele>99.000000</ele>
			</trkpt>
			<trkpt lat="39.796851" lon="2.681058">
				<ele>100.000000</ele>
			</trkpt>
			<trkpt lat="39.796837" lon="2.681219">
				<ele>100.000000</ele>
			</trkpt>
			<trkpt lat="39.796789" lon="2.681453">
				<ele>100.000000</ele>
			</trkpt>
			<trkpt lat="39.796755" lon="2.681445">
				<ele>100.000000</ele>
			</trkpt>
			<trkpt lat="39.796700" lon="2.681292">
				<ele>101.000000</ele>
			</trkpt>
			<trkpt lat="39.796671" lon="2.681229">
				<ele>102.000000</ele>
			</trkpt>
			<trkpt lat="39.796658" lon="2.680977">
				<ele>104.000000</ele>
			</trkpt>
			<trkpt lat="39.796582" lon="2.680995">
				<ele>105.000000</ele>
			</trkpt>
			<trkpt lat="39.796568" lon="2.680905">
				<ele>106.000000</ele>
			</trkpt>
			<trkpt lat="39.796499" lon="2.680923">
				<ele>106.000000</ele>
			</trkpt>
			<trkpt lat="39.796499" lon="2.681175">
				<ele>108.000000</ele>
			</trkpt>
			<trkpt lat="39.796264" lon="2.681166">
				<ele>110.000000</ele>
			</trkpt>
			<trkpt lat="39.796209" lon="2.681202">
				<ele>110.000000</ele>
			</trkpt>
			<trkpt lat="39.796092" lon="2.681229">
				<ele>110.000000</ele>
			</trkpt>
			<trkpt lat="39.796030" lon="2.681211">
				<ele>110.000000</ele>
			</trkpt>
			<trkpt lat="39.795988" lon="2.681202">
				<ele>110.000000</ele>
			</trkpt>
			<trkpt lat="39.795981" lon="2.681166">
				<ele>110.000000</ele>
			</trkpt>
			<trkpt lat="39.796023" lon="2.681139">
				<ele>110.000000</ele>
			</trkpt>
			<trkpt lat="39.796036" lon="2.681103">
				<ele>110.000000</ele>
			</trkpt>
			<trkpt lat="39.796009" lon="2.681085">
				<ele>110.000000</ele>
			</trkpt>
			<trkpt lat="39.795857" lon="2.681093">
				<ele>110.000000</ele>
			</trkpt>
			<trkpt lat="39.795843" lon="2.681049">
				<ele>110.000000</ele>
			</trkpt>
			<trkpt lat="39.795871" lon="2.681013">
				<ele>110.000000</ele>
			</trkpt>
			<trkpt lat="39.795830" lon="2.680968">
				<ele>110.000000</ele>
			</trkpt>
			<trkpt lat="39.795830" lon="2.680932">
				<ele>110.000000</ele>
			</trkpt>
			<trkpt lat="39.795809" lon="2.680905">
				<ele>110.000000</ele>
			</trkpt>
			<trkpt lat="39.795753" lon="2.680914">
				<ele>110.000000</ele>
			</trkpt>
			<trkpt lat="39.795740" lon="2.680879">
				<ele>110.000000</ele>
			</trkpt>
			<trkpt lat="39.795774" lon="2.680833">
				<ele>110.000000</ele>
			</trkpt>
			<trkpt lat="39.795761" lon="2.680816">
				<ele>110.000000</ele>
			</trkpt>
			<trkpt lat="39.795740" lon="2.680825">
				<ele>110.000000</ele>
			</trkpt>
			<trkpt lat="39.795684" lon="2.680762">
				<ele>110.000000</ele>
			</trkpt>
			<trkpt lat="39.795650" lon="2.680726">
				<ele>110.000000</ele>
			</trkpt>
			<trkpt lat="39.795616" lon="2.680636">
				<ele>110.000000</ele>
			</trkpt>
			<trkpt lat="39.795560" lon="2.680555">
				<ele>110.000000</ele>
			</trkpt>
			<trkpt lat="39.795533" lon="2.680393">
				<ele>110.000000</ele>
			</trkpt>
			<trkpt lat="39.795491" lon="2.680259">
				<ele>110.000000</ele>
			</trkpt>
			<trkpt lat="39.795346" lon="2.680160">
				<ele>110.000000</ele>
			</trkpt>
			<trkpt lat="39.795236" lon="2.680106">
				<ele>110.000000</ele>
			</trkpt>
			<trkpt lat="39.795091" lon="2.680079">
				<ele>110.000000</ele>
			</trkpt>
			<trkpt lat="39.794829" lon="2.680007">
				<ele>110.000000</ele>
			</trkpt>
			<trkpt lat="39.794739" lon="2.679961">
				<ele>110.000000</ele>
			</trkpt>
			<trkpt lat="39.794670" lon="2.679871">
				<ele>110.000000</ele>
			</trkpt>
			<trkpt lat="39.794567" lon="2.679611">
				<ele>110.000000</ele>
			</trkpt>
			<trkpt lat="39.794518" lon="2.679495">
				<ele>110.000000</ele>
			</trkpt>
			<trkpt lat="39.794422" lon="2.679450">
				<ele>110.000000</ele>
			</trkpt>
			<trkpt lat="39.794215" lon="2.679387">
				<ele>110.000000</ele>
			</trkpt>
			<trkpt lat="39.794104" lon="2.679297">
				<ele>111.000000</ele>
			</trkpt>
			<trkpt lat="39.793946" lon="2.679271">
				<ele>113.000000</ele>
			</trkpt>
			<trkpt lat="39.793800" lon="2.679118">
				<ele>115.000000</ele>
			</trkpt>
			<trkpt lat="39.793676" lon="2.679028">
				<ele>116.000000</ele>
			</trkpt>
			<trkpt lat="39.793614" lon="2.678919">
				<ele>117.000000</ele>
			</trkpt>
			<trkpt lat="39.793538" lon="2.678749">
				<ele>119.000000</ele>
			</trkpt>
			<trkpt lat="39.793441" lon="2.678668">
				<ele>120.000000</ele>
			</trkpt>
			<trkpt lat="39.793372" lon="2.678686">
				<ele>121.000000</ele>
			</trkpt>
			<trkpt lat="39.793317" lon="2.678749">
				<ele>121.000000</ele>
			</trkpt>
			<trkpt lat="39.793352" lon="2.678892">
				<ele>122.000000</ele>
			</trkpt>
			<trkpt lat="39.793331" lon="2.678947">
				<ele>122.000000</ele>
			</trkpt>
			<trkpt lat="39.793234" lon="2.678965">
				<ele>122.000000</ele>
			</trkpt>
			<trkpt lat="39.793124" lon="2.678902">
				<ele>123.000000</ele>
			</trkpt>
			<trkpt lat="39.793069" lon="2.678821">
				<ele>123.000000</ele>
			</trkpt>
			<trkpt lat="39.792986" lon="2.678785">
				<ele>124.000000</ele>
			</trkpt>
			<trkpt lat="39.792965" lon="2.678776">
				<ele>124.000000</ele>
			</trkpt>
			<trkpt lat="39.792793" lon="2.678749">
				<ele>125.000000</ele>
			</trkpt>
			<trkpt lat="39.792647" lon="2.678632">
				<ele>126.000000</ele>
			</trkpt>
			<trkpt lat="39.792413" lon="2.678605">
				<ele>127.000000</ele>
			</trkpt>
			<trkpt lat="39.792275" lon="2.678569">
				<ele>128.000000</ele>
			</trkpt>
			<trkpt lat="39.792137" lon="2.678533">
				<ele>129.000000</ele>
			</trkpt>
			<trkpt lat="39.791943" lon="2.678533">
				<ele>130.000000</ele>
			</trkpt>
			<trkpt lat="39.791840" lon="2.678588">
				<ele>130.000000</ele>
			</trkpt>
			<trkpt lat="39.791826" lon="2.678632">
				<ele>130.000000</ele>
			</trkpt>
			<trkpt lat="39.791847" lon="2.678732">
				<ele>129.000000</ele>
			</trkpt>
			<trkpt lat="39.791951" lon="2.678947">
				<ele>124.000000</ele>
			</trkpt>
			<trkpt lat="39.792041" lon="2.679171">
				<ele>120.000000</ele>
			</trkpt>
			<trkpt lat="39.792047" lon="2.679225">
				<ele>119.000000</ele>
			</trkpt>
			<trkpt lat="39.792109" lon="2.679306">
				<ele>118.000000</ele>
			</trkpt>
			<trkpt lat="39.792137" lon="2.679504">
				<ele>116.000000</ele>
			</trkpt>
			<trkpt lat="39.792144" lon="2.679800">
				<ele>113.000000</ele>
			</trkpt>
			<trkpt lat="39.792151" lon="2.679900">
				<ele>112.000000</ele>
			</trkpt>
			<trkpt lat="39.792123" lon="2.679998">
				<ele>111.000000</ele>
			</trkpt>
			<trkpt lat="39.792027" lon="2.680160">
				<ele>110.000000</ele>
			</trkpt>
			<trkpt lat="39.791957" lon="2.680177">
				<ele>111.000000</ele>
			</trkpt>
			<trkpt lat="39.791923" lon="2.680160">
				<ele>111.000000</ele>
			</trkpt>
			<trkpt lat="39.791895" lon="2.680124">
				<ele>112.000000</ele>
			</trkpt>
			<trkpt lat="39.791951" lon="2.679980">
				<ele>113.000000</ele>
			</trkpt>
			<trkpt lat="39.791957" lon="2.679791">
				<ele>115.000000</ele>
			</trkpt>
			<trkpt lat="39.791957" lon="2.679693">
				<ele>116.000000</ele>
			</trkpt>
			<trkpt lat="39.791909" lon="2.679621">
				<ele>117.000000</ele>
			</trkpt>
			<trkpt lat="39.791854" lon="2.679611">
				<ele>118.000000</ele>
			</trkpt>
			<trkpt lat="39.791819" lon="2.679665">
				<ele>119.000000</ele>
			</trkpt>
			<trkpt lat="39.791778" lon="2.679711">
				<ele>120.000000</ele>
			</trkpt>
			<trkpt lat="39.791758" lon="2.679728">
				<ele>120.000000</ele>
			</trkpt>
			<trkpt lat="39.791729" lon="2.679720">
				<ele>120.000000</ele>
			</trkpt>
			<trkpt lat="39.791689" lon="2.679693">
				<ele>121.000000</ele>
			</trkpt>
			<trkpt lat="39.791578" lon="2.679657">
				<ele>124.000000</ele>
			</trkpt>
			<trkpt lat="39.791474" lon="2.679684">
				<ele>126.000000</ele>
			</trkpt>
			<trkpt lat="39.791377" lon="2.679728">
				<ele>128.000000</ele>
			</trkpt>
			<trkpt lat="39.791226" lon="2.679818">
				<ele>131.000000</ele>
			</trkpt>
			<trkpt lat="39.790950" lon="2.679827">
				<ele>137.000000</ele>
			</trkpt>
			<trkpt lat="39.790888" lon="2.679837">
				<ele>138.000000</ele>
			</trkpt>
			<trkpt lat="39.790784" lon="2.679800">
				<ele>140.000000</ele>
			</trkpt>
			<trkpt lat="39.790660" lon="2.679854">
				<ele>143.000000</ele>
			</trkpt>
			<trkpt lat="39.790411" lon="2.679791">
				<ele>148.000000</ele>
			</trkpt>
			<trkpt lat="39.790329" lon="2.679737">
				<ele>150.000000</ele>
			</trkpt>
			<trkpt lat="39.790142" lon="2.679783">
				<ele>153.000000</ele>
			</trkpt>
			<trkpt lat="39.789983" lon="2.679701">
				<ele>156.000000</ele>
			</trkpt>
			<trkpt lat="39.789721" lon="2.679693">
				<ele>161.000000</ele>
			</trkpt>
			<trkpt lat="39.789625" lon="2.679711">
				<ele>162.000000</ele>
			</trkpt>
			<trkpt lat="39.789403" lon="2.679737">
				<ele>164.000000</ele>
			</trkpt>
			<trkpt lat="39.789286" lon="2.679854">
				<ele>166.000000</ele>
			</trkpt>
			<trkpt lat="39.789141" lon="2.679961">
				<ele>168.000000</ele>
			</trkpt>
			<trkpt lat="39.789100" lon="2.679935">
				<ele>169.000000</ele>
			</trkpt>
			<trkpt lat="39.789065" lon="2.679854">
				<ele>170.000000</ele>
			</trkpt>
			<trkpt lat="39.789024" lon="2.679737">
				<ele>171.000000</ele>
			</trkpt>
			<trkpt lat="39.788921" lon="2.679603">
				<ele>174.000000</ele>
			</trkpt>
			<trkpt lat="39.788741" lon="2.679548">
				<ele>177.000000</ele>
			</trkpt>
			<trkpt lat="39.788651" lon="2.679594">
				<ele>179.000000</ele>
			</trkpt>
			<trkpt lat="39.788078" lon="2.679468">
				<ele>185.000000</ele>
			</trkpt>
			<trkpt lat="39.788009" lon="2.679513">
				<ele>185.000000</ele>
			</trkpt>
			<trkpt lat="39.787913" lon="2.679693">
				<ele>187.000000</ele>
			</trkpt>
			<trkpt lat="39.787837" lon="2.679755">
				<ele>188.000000</ele>
			</trkpt>
			<trkpt lat="39.787740" lon="2.679818">
				<ele>188.000000</ele>
			</trkpt>
			<trkpt lat="39.787574" lon="2.679845">
				<ele>190.000000</ele>
			</trkpt>
			<trkpt lat="39.787471" lon="2.679827">
				<ele>190.000000</ele>
			</trkpt>
			<trkpt lat="39.787388" lon="2.679818">
				<ele>190.000000</ele>
			</trkpt>
			<trkpt lat="39.787353" lon="2.679747">
				<ele>190.000000</ele>
			</trkpt>
			<trkpt lat="39.787305" lon="2.679638">
				<ele>190.000000</ele>
			</trkpt>
			<trkpt lat="39.787091" lon="2.679548">
				<ele>190.000000</ele>
			</trkpt>
			<trkpt lat="39.786967" lon="2.679531">
				<ele>190.000000</ele>
			</trkpt>
			<trkpt lat="39.786815" lon="2.679567">
				<ele>190.000000</ele>
			</trkpt>
			<trkpt lat="39.786712" lon="2.679621">
				<ele>190.000000</ele>
			</trkpt>
			<trkpt lat="39.786629" lon="2.679648">
				<ele>190.000000</ele>
			</trkpt>
			<trkpt lat="39.786497" lon="2.679638">
				<ele>190.000000</ele>
			</trkpt>
			<trkpt lat="39.786318" lon="2.679684">
				<ele>190.000000</ele>
			</trkpt>
			<trkpt lat="39.786090" lon="2.679728">
				<ele>190.000000</ele>
			</trkpt>
			<trkpt lat="39.785883" lon="2.679648">
				<ele>190.000000</ele>
			</trkpt>
			<trkpt lat="39.785717" lon="2.679621">
				<ele>190.000000</ele>
			</trkpt>
			<trkpt lat="39.785656" lon="2.679657">
				<ele>190.000000</ele>
			</trkpt>
			<trkpt lat="39.785572" lon="2.679755">
				<ele>190.000000</ele>
			</trkpt>
			<trkpt lat="39.785386" lon="2.679783">
				<ele>190.000000</ele>
			</trkpt>
			<trkpt lat="39.785179" lon="2.679711">
				<ele>190.000000</ele>
			</trkpt>
			<trkpt lat="39.785186" lon="2.679521">
				<ele>190.000000</ele>
			</trkpt>
			<trkpt lat="39.785124" lon="2.679181">
				<ele>190.000000</ele>
			</trkpt>
			<trkpt lat="39.785013" lon="2.678686">
				<ele>190.000000</ele>
			</trkpt>
			<trkpt lat="39.784882" lon="2.678219">
				<ele>190.000000</ele>
			</trkpt>
			<trkpt lat="39.784779" lon="2.678049">
				<ele>190.000000</ele>
			</trkpt>
			<trkpt lat="39.784654" lon="2.677905">
				<ele>190.000000</ele>
			</trkpt>
			<trkpt lat="39.783978" lon="2.677456">
				<ele>190.000000</ele>
			</trkpt>
			<trkpt lat="39.783881" lon="2.677401">
				<ele>190.000000</ele>
			</trkpt>
			<trkpt lat="39.783757" lon="2.677411">
				<ele>190.000000</ele>
			</trkpt>
			<trkpt lat="39.783695" lon="2.677456">
				<ele>190.000000</ele>
			</trkpt>
			<trkpt lat="39.783612" lon="2.677581">
				<ele>190.000000</ele>
			</trkpt>
			<trkpt lat="39.783522" lon="2.677806">
				<ele>190.000000</ele>
			</trkpt>
			<trkpt lat="39.783481" lon="2.677860">
				<ele>190.000000</ele>
			</trkpt>
			<trkpt lat="39.783425" lon="2.677896">
				<ele>190.000000</ele>
			</trkpt>
			<trkpt lat="39.783377" lon="2.677905">
				<ele>190.000000</ele>
			</trkpt>
			<trkpt lat="39.783301" lon="2.677869">
				<ele>190.000000</ele>
			</trkpt>
			<trkpt lat="39.783122" lon="2.677581">
				<ele>191.000000</ele>
			</trkpt>
			<trkpt lat="39.782908" lon="2.677339">
				<ele>192.000000</ele>
			</trkpt>
			<trkpt lat="39.782570" lon="2.676782">
				<ele>194.000000</ele>
			</trkpt>
			<trkpt lat="39.782487" lon="2.676692">
				<ele>194.000000</ele>
			</trkpt>
			<trkpt lat="39.782432" lon="2.676647">
				<ele>194.000000</ele>
			</trkpt>
			<trkpt lat="39.782376" lon="2.676647">
				<ele>195.000000</ele>
			</trkpt>
			<trkpt lat="39.782266" lon="2.676710">
				<ele>195.000000</ele>
			</trkpt>
			<trkpt lat="39.782080" lon="2.676871">
				<ele>196.000000</ele>
			</trkpt>
			<trkpt lat="39.781879" lon="2.677114">
				<ele>197.000000</ele>
			</trkpt>
			<trkpt lat="39.781782" lon="2.677141">
				<ele>197.000000</ele>
			</trkpt>
			<trkpt lat="39.781700" lon="2.676818">
				<ele>198.000000</ele>
			</trkpt>
			<trkpt lat="39.781493" lon="2.676126">
				<ele>200.000000</ele>
			</trkpt>
			<trkpt lat="39.781437" lon="2.675946">
				<ele>200.000000</ele>
			</trkpt>
			<trkpt lat="39.781341" lon="2.675740">
				<ele>200.000000</ele>
			</trkpt>
			<trkpt lat="39.781265" lon="2.675462">
				<ele>200.000000</ele>
			</trkpt>
			<trkpt lat="39.781258" lon="2.675353">
				<ele>200.000000</ele>
			</trkpt>
			<trkpt lat="39.781286" lon="2.675137">
				<ele>200.000000</ele>
			</trkpt>
			<trkpt lat="39.781265" lon="2.675003">
				<ele>200.000000</ele>
			</trkpt>
			<trkpt lat="39.781168" lon="2.674869">
				<ele>200.000000</ele>
			</trkpt>
			<trkpt lat="39.781127" lon="2.674751">
				<ele>200.000000</ele>
			</trkpt>
			<trkpt lat="39.781037" lon="2.674590">
				<ele>200.000000</ele>
			</trkpt>
			<trkpt lat="39.780940" lon="2.674537">
				<ele>200.000000</ele>
			</trkpt>
			<trkpt lat="39.780657" lon="2.674447">
				<ele>200.000000</ele>
			</trkpt>
			<trkpt lat="39.780450" lon="2.674393">
				<ele>200.000000</ele>
			</trkpt>
			<trkpt lat="39.780229" lon="2.674311">
				<ele>200.000000</ele>
			</trkpt>
			<trkpt lat="39.780112" lon="2.674231">
				<ele>200.000000</ele>
			</trkpt>
			<trkpt lat="39.780043" lon="2.674177">
				<ele>200.000000</ele>
			</trkpt>
			<trkpt lat="39.779960" lon="2.674168">
				<ele>200.000000</ele>
			</trkpt>
			<trkpt lat="39.779898" lon="2.674185">
				<ele>200.000000</ele>
			</trkpt>
			<trkpt lat="39.779857" lon="2.674321">
				<ele>200.000000</ele>
			</trkpt>
			<trkpt lat="39.779857" lon="2.674464">
				<ele>200.000000</ele>
			</trkpt>
			<trkpt lat="39.779829" lon="2.674563">
				<ele>200.000000</ele>
			</trkpt>
			<trkpt lat="39.779801" lon="2.674617">
				<ele>201.000000</ele>
			</trkpt>
			<trkpt lat="39.779739" lon="2.674724">
				<ele>202.000000</ele>
			</trkpt>
			<trkpt lat="39.779587" lon="2.674959">
				<ele>203.000000</ele>
			</trkpt>
			<trkpt lat="39.779415" lon="2.675246">
				<ele>206.000000</ele>
			</trkpt>
			<trkpt lat="39.779242" lon="2.675613">
				<ele>208.000000</ele>
			</trkpt>
			<trkpt lat="39.779055" lon="2.675875">
				<ele>210.000000</ele>
			</trkpt>
			<trkpt lat="39.778869" lon="2.676055">
				<ele>210.000000</ele>
			</trkpt>
			<trkpt lat="39.778676" lon="2.676216">
				<ele>210.000000</ele>
			</trkpt>
			<trkpt lat="39.778614" lon="2.676208">
				<ele>210.000000</ele>
			</trkpt>
			<trkpt lat="39.778552" lon="2.676118">
				<ele>208.000000</ele>
			</trkpt>
			<trkpt lat="39.778441" lon="2.675883">
				<ele>199.000000</ele>
			</trkpt>
			<trkpt lat="39.778351" lon="2.675703">
				<ele>194.000000</ele>
			</trkpt>
			<trkpt lat="39.778275" lon="2.675650">
				<ele>191.000000</ele>
			</trkpt>
			<trkpt lat="39.778221" lon="2.675642">
				<ele>190.000000</ele>
			</trkpt>
			<trkpt lat="39.778172" lon="2.675632">
				<ele>190.000000</ele>
			</trkpt>
			<trkpt lat="39.778096" lon="2.675642">
				<ele>190.000000</ele>
			</trkpt>
			<trkpt lat="39.778027" lon="2.675676">
				<ele>190.000000</ele>
			</trkpt>
			<trkpt lat="39.777930" lon="2.675731">
				<ele>191.000000</ele>
			</trkpt>
			<trkpt lat="39.777868" lon="2.675793">
				<ele>193.000000</ele>
			</trkpt>
			<trkpt lat="39.777758" lon="2.675982">
				<ele>198.000000</ele>
			</trkpt>
			<trkpt lat="39.777661" lon="2.676162">
				<ele>202.000000</ele>
			</trkpt>
			<trkpt lat="39.777585" lon="2.676279">
				<ele>206.000000</ele>
			</trkpt>
			<trkpt lat="39.777523" lon="2.676351">
				<ele>209.000000</ele>
			</trkpt>
			<trkpt lat="39.777461" lon="2.676395">
				<ele>210.000000</ele>
			</trkpt>
			<trkpt lat="39.777378" lon="2.676405">
				<ele>210.000000</ele>
			</trkpt>
			<trkpt lat="39.777233" lon="2.676414">
				<ele>210.000000</ele>
			</trkpt>
			<trkpt lat="39.777088" lon="2.676422">
				<ele>210.000000</ele>
			</trkpt>
			<trkpt lat="39.776936" lon="2.676458">
				<ele>210.000000</ele>
			</trkpt>
			<trkpt lat="39.776736" lon="2.676575">
				<ele>212.000000</ele>
			</trkpt>
			<trkpt lat="39.776474" lon="2.676701">
				<ele>215.000000</ele>
			</trkpt>
			<trkpt lat="39.776212" lon="2.676827">
				<ele>218.000000</ele>
			</trkpt>
			<trkpt lat="39.776025" lon="2.676934">
				<ele>220.000000</ele>
			</trkpt>
			<trkpt lat="39.775825" lon="2.677061">
				<ele>223.000000</ele>
			</trkpt>
			<trkpt lat="39.775645" lon="2.677168">
				<ele>225.000000</ele>
			</trkpt>
			<trkpt lat="39.775445" lon="2.677303">
				<ele>228.000000</ele>
			</trkpt>
			<trkpt lat="39.775320" lon="2.677357">
				<ele>229.000000</ele>
			</trkpt>
			<trkpt lat="39.775245" lon="2.677366">
				<ele>230.000000</ele>
			</trkpt>
			<trkpt lat="39.775155" lon="2.677339">
				<ele>230.000000</ele>
			</trkpt>
			<trkpt lat="39.775106" lon="2.677294">
				<ele>230.000000</ele>
			</trkpt>
			<trkpt lat="39.775065" lon="2.677221">
				<ele>229.000000</ele>
			</trkpt>
			<trkpt lat="39.775031" lon="2.677087">
				<ele>227.000000</ele>
			</trkpt>
			<trkpt lat="39.775017" lon="2.676890">
				<ele>225.000000</ele>
			</trkpt>
			<trkpt lat="39.774976" lon="2.676764">
				<ele>224.000000</ele>
			</trkpt>
			<trkpt lat="39.774830" lon="2.676548">
				<ele>220.000000</ele>
			</trkpt>
			<trkpt lat="39.774748" lon="2.676387">
				<ele>220.000000</ele>
			</trkpt>
			<trkpt lat="39.774692" lon="2.676305">
				<ele>220.000000</ele>
			</trkpt>
			<trkpt lat="39.774644" lon="2.676252">
				<ele>220.000000</ele>
			</trkpt>
			<trkpt lat="39.774623" lon="2.676288">
				<ele>220.000000</ele>
			</trkpt>
			<trkpt lat="39.774575" lon="2.676305">
				<ele>220.000000</ele>
			</trkpt>
			<trkpt lat="39.774506" lon="2.676315">
				<ele>221.000000</ele>
			</trkpt>
			<trkpt lat="39.774423" lon="2.676305">
				<ele>221.000000</ele>
			</trkpt>
			<trkpt lat="39.774278" lon="2.676315">
				<ele>222.000000</ele>
			</trkpt>
			<trkpt lat="39.774209" lon="2.676324">
				<ele>222.000000</ele>
			</trkpt>
			<trkpt lat="39.774147" lon="2.676342">
				<ele>222.000000</ele>
			</trkpt>
			<trkpt lat="39.774057" lon="2.676378">
				<ele>223.000000</ele>
			</trkpt>
			<trkpt lat="39.773926" lon="2.676458">
				<ele>223.000000</ele>
			</trkpt>
			<trkpt lat="39.773843" lon="2.676504">
				<ele>224.000000</ele>
			</trkpt>
			<trkpt lat="39.773760" lon="2.676548">
				<ele>224.000000</ele>
			</trkpt>
			<trkpt lat="39.773705" lon="2.676567">
				<ele>224.000000</ele>
			</trkpt>
			<trkpt lat="39.773539" lon="2.676575">
				<ele>225.000000</ele>
			</trkpt>
			<trkpt lat="39.773533" lon="2.676521">
				<ele>225.000000</ele>
			</trkpt>
			<trkpt lat="39.773567" lon="2.676485">
				<ele>226.000000</ele>
			</trkpt>
			<trkpt lat="39.773594" lon="2.676468">
				<ele>226.000000</ele>
			</trkpt>
			<trkpt lat="39.773588" lon="2.676422">
				<ele>226.000000</ele>
			</trkpt>
			<trkpt lat="39.773201" lon="2.676422">
				<ele>228.000000</ele>
			</trkpt>
			<trkpt lat="39.773152" lon="2.676477">
				<ele>228.000000</ele>
			</trkpt>
			<trkpt lat="39.773077" lon="2.676512">
				<ele>228.000000</ele>
			</trkpt>
			<trkpt lat="39.772601" lon="2.676458">
				<ele>232.000000</ele>
			</trkpt>
			<trkpt lat="39.772476" lon="2.676432">
				<ele>235.000000</ele>
			</trkpt>
			<trkpt lat="39.772269" lon="2.676305">
				<ele>240.000000</ele>
			</trkpt>
			<trkpt lat="39.772200" lon="2.676315">
				<ele>241.000000</ele>
			</trkpt>
			<trkpt lat="39.772096" lon="2.676449">
				<ele>242.000000</ele>
			</trkpt>
			<trkpt lat="39.771813" lon="2.676925">
				<ele>246.000000</ele>
			</trkpt>
			<trkpt lat="39.771717" lon="2.677284">
				<ele>249.000000</ele>
			</trkpt>
			<trkpt lat="39.771675" lon="2.677437">
				<ele>250.000000</ele>
			</trkpt>
			<trkpt lat="39.771627" lon="2.677374">
				<ele>251.000000</ele>
			</trkpt>
			<trkpt lat="39.771496" lon="2.676854">
				<ele>260.000000</ele>
			</trkpt>
			<trkpt lat="39.771489" lon="2.676745">
				<ele>261.000000</ele>
			</trkpt>
			<trkpt lat="39.771599" lon="2.676099">
				<ele>267.000000</ele>
			</trkpt>
			<trkpt lat="39.771606" lon="2.676055">
				<ele>268.000000</ele>
			</trkpt>
			<trkpt lat="39.771627" lon="2.675938">
				<ele>269.000000</ele>
			</trkpt>
			<trkpt lat="39.771634" lon="2.675227">
				<ele>275.000000</ele>
			</trkpt>
			<trkpt lat="39.771565" lon="2.674931">
				<ele>278.000000</ele>
			</trkpt>
			<trkpt lat="39.771502" lon="2.674600">
				<ele>280.000000</ele>
			</trkpt>
			<trkpt lat="39.771510" lon="2.674482">
				<ele>281.000000</ele>
			</trkpt>
			<trkpt lat="39.771434" lon="2.674393">
				<ele>281.000000</ele>
			</trkpt>
			<trkpt lat="39.771371" lon="2.674275">
				<ele>282.000000</ele>
			</trkpt>
			<trkpt lat="39.771095" lon="2.673764">
				<ele>284.000000</ele>
			</trkpt>
			<trkpt lat="39.770957" lon="2.673458">
				<ele>285.000000</ele>
			</trkpt>
			<trkpt lat="39.770777" lon="2.673116">
				<ele>286.000000</ele>
			</trkpt>
			<trkpt lat="39.770563" lon="2.672785">
				<ele>288.000000</ele>
			</trkpt>
			<trkpt lat="39.770384" lon="2.672516">
				<ele>289.000000</ele>
			</trkpt>
			<trkpt lat="39.770260" lon="2.672308">
				<ele>290.000000</ele>
			</trkpt>
			<trkpt lat="39.770163" lon="2.672263">
				<ele>290.000000</ele>
			</trkpt>
			<trkpt lat="39.770073" lon="2.672246">
				<ele>290.000000</ele>
			</trkpt>
			<trkpt lat="39.770018" lon="2.672137">
				<ele>290.000000</ele>
			</trkpt>
			<trkpt lat="39.769977" lon="2.672066">
				<ele>290.000000</ele>
			</trkpt>
			<trkpt lat="39.769859" lon="2.671824">
				<ele>290.000000</ele>
			</trkpt>
			<trkpt lat="39.769680" lon="2.671644">
				<ele>290.000000</ele>
			</trkpt>
			<trkpt lat="39.769611" lon="2.671598">
				<ele>290.000000</ele>
			</trkpt>
			<trkpt lat="39.769569" lon="2.671590">
				<ele>290.000000</ele>
			</trkpt>
			<trkpt lat="39.769452" lon="2.671653">
				<ele>290.000000</ele>
			</trkpt>
			<trkpt lat="39.769411" lon="2.671634">
				<ele>290.000000</ele>
			</trkpt>
			<trkpt lat="39.769493" lon="2.671563">
				<ele>290.000000</ele>
			</trkpt>
			<trkpt lat="39.769403" lon="2.671590">
				<ele>290.000000</ele>
			</trkpt>
			<trkpt lat="39.769369" lon="2.671581">
				<ele>290.000000</ele>
			</trkpt>
			<trkpt lat="39.769445" lon="2.671445">
				<ele>290.000000</ele>
			</trkpt>
			<trkpt lat="39.769355" lon="2.671321">
				<ele>290.000000</ele>
			</trkpt>
			<trkpt lat="39.769265" lon="2.671239">
				<ele>290.000000</ele>
			</trkpt>
			<trkpt lat="39.769114" lon="2.671131">
				<ele>290.000000</ele>
			</trkpt>
			<trkpt lat="39.769037" lon="2.671177">
				<ele>290.000000</ele>
			</trkpt>
			<trkpt lat="39.768962" lon="2.671158">
				<ele>290.000000</ele>
			</trkpt>
			<trkpt lat="39.768879" lon="2.671149">
				<ele>290.000000</ele>
			</trkpt>
			<trkpt lat="39.768865" lon="2.671051">
				<ele>290.000000</ele>
			</trkpt>
			<trkpt lat="39.768851" lon="2.670961">
				<ele>290.000000</ele>
			</trkpt>
			<trkpt lat="39.768955" lon="2.670934">
				<ele>290.000000</ele>
			</trkpt>
			<trkpt lat="39.768920" lon="2.670736">
				<ele>290.000000</ele>
			</trkpt>
			<trkpt lat="39.768823" lon="2.670539">
				<ele>290.000000</ele>
			</trkpt>
			<trkpt lat="39.768589" lon="2.670242">
				<ele>290.000000</ele>
			</trkpt>
			<trkpt lat="39.768312" lon="2.669658">
				<ele>290.000000</ele>
			</trkpt>
			<trkpt lat="39.768078" lon="2.669334">
				<ele>290.000000</ele>
			</trkpt>
			<trkpt lat="39.767981" lon="2.669147">
				<ele>290.000000</ele>
			</trkpt>
			<trkpt lat="39.767919" lon="2.668975">
				<ele>290.000000</ele>
			</trkpt>
			<trkpt lat="39.767885" lon="2.668734">
				<ele>290.000000</ele>
			</trkpt>
			<trkpt lat="39.767905" lon="2.668518">
				<ele>290.000000</ele>
			</trkpt>
			<trkpt lat="39.767878" lon="2.667718">
				<ele>290.000000</ele>
			</trkpt>
			<trkpt lat="39.767809" lon="2.667583">
				<ele>290.000000</ele>
			</trkpt>
			<trkpt lat="39.767761" lon="2.667395">
				<ele>290.000000</ele>
			</trkpt>
			<trkpt lat="39.767753" lon="2.667233">
				<ele>290.000000</ele>
			</trkpt>
			<trkpt lat="39.767657" lon="2.667071">
				<ele>290.000000</ele>
			</trkpt>
			<trkpt lat="39.767567" lon="2.666739">
				<ele>290.000000</ele>
			</trkpt>
			<trkpt lat="39.767498" lon="2.666613">
				<ele>290.000000</ele>
			</trkpt>
			<trkpt lat="39.767518" lon="2.666407">
				<ele>290.000000</ele>
			</trkpt>
			<trkpt lat="39.767477" lon="2.666290">
				<ele>290.000000</ele>
			</trkpt>
			<trkpt lat="39.767367" lon="2.666155">
				<ele>290.000000</ele>
			</trkpt>
			<trkpt lat="39.767132" lon="2.665787">
				<ele>290.000000</ele>
			</trkpt>
			<trkpt lat="39.766945" lon="2.665579">
				<ele>290.000000</ele>
			</trkpt>
			<trkpt lat="39.766794" lon="2.665436">
				<ele>290.000000</ele>
			</trkpt>
			<trkpt lat="39.766725" lon="2.665266">
				<ele>290.000000</ele>
			</trkpt>
			<trkpt lat="39.766676" lon="2.665005">
				<ele>288.000000</ele>
			</trkpt>
			<trkpt lat="39.766580" lon="2.664915">
				<ele>288.000000</ele>
			</trkpt>
			<trkpt lat="39.766421" lon="2.664852">
				<ele>287.000000</ele>
			</trkpt>
			<trkpt lat="39.766110" lon="2.664772">
				<ele>285.000000</ele>
			</trkpt>
			<trkpt lat="39.765965" lon="2.664700">
				<ele>284.000000</ele>
			</trkpt>
			<trkpt lat="39.765882" lon="2.664637">
				<ele>283.000000</ele>
			</trkpt>
			<trkpt lat="39.765806" lon="2.664573">
				<ele>283.000000</ele>
			</trkpt>
			<trkpt lat="39.765682" lon="2.664413">
				<ele>282.000000</ele>
			</trkpt>
			<trkpt lat="39.765579" lon="2.664223">
				<ele>281.000000</ele>
			</trkpt>
			<trkpt lat="39.765420" lon="2.663990">
				<ele>279.000000</ele>
			</trkpt>
			<trkpt lat="39.765330" lon="2.663873">
				<ele>278.000000</ele>
			</trkpt>
			<trkpt lat="39.765247" lon="2.663774">
				<ele>277.000000</ele>
			</trkpt>
			<trkpt lat="39.765102" lon="2.663667">
				<ele>275.000000</ele>
			</trkpt>
			<trkpt lat="39.764950" lon="2.663514">
				<ele>273.000000</ele>
			</trkpt>
			<trkpt lat="39.764888" lon="2.663451">
				<ele>273.000000</ele>
			</trkpt>
			<trkpt lat="39.764853" lon="2.663379">
				<ele>272.000000</ele>
			</trkpt>
			<trkpt lat="39.764867" lon="2.663254">
				<ele>271.000000</ele>
			</trkpt>
			<trkpt lat="39.764895" lon="2.663109">
				<ele>270.000000</ele>
			</trkpt>
			<trkpt lat="39.764798" lon="2.662966">
				<ele>270.000000</ele>
			</trkpt>
			<trkpt lat="39.764784" lon="2.662742">
				<ele>270.000000</ele>
			</trkpt>
			<trkpt lat="39.764867" lon="2.662606">
				<ele>270.000000</ele>
			</trkpt>
			<trkpt lat="39.764881" lon="2.662426">
				<ele>270.000000</ele>
			</trkpt>
			<trkpt lat="39.764895" lon="2.662256">
				<ele>270.000000</ele>
			</trkpt>
			<trkpt lat="39.764874" lon="2.662013">
				<ele>270.000000</ele>
			</trkpt>
			<trkpt lat="39.764846" lon="2.661897">
				<ele>270.000000</ele>
			</trkpt>
			<trkpt lat="39.764729" lon="2.661537">
				<ele>270.000000</ele>
			</trkpt>
			<trkpt lat="39.764563" lon="2.661178">
				<ele>270.000000</ele>
			</trkpt>
			<trkpt lat="39.764301" lon="2.660784">
				<ele>270.000000</ele>
			</trkpt>
			<trkpt lat="39.763976" lon="2.660262">
				<ele>268.000000</ele>
			</trkpt>
			<trkpt lat="39.763887" lon="2.660145">
				<ele>268.000000</ele>
			</trkpt>
			<trkpt lat="39.763728" lon="2.660002">
				<ele>267.000000</ele>
			</trkpt>
			<trkpt lat="39.763582" lon="2.659866">
				<ele>267.000000</ele>
			</trkpt>
			<trkpt lat="39.763527" lon="2.659813">
				<ele>266.000000</ele>
			</trkpt>
			<trkpt lat="39.763410" lon="2.659417">
				<ele>265.000000</ele>
			</trkpt>
			<trkpt lat="39.763376" lon="2.659327">
				<ele>265.000000</ele>
			</trkpt>
			<trkpt lat="39.763189" lon="2.659166">
				<ele>264.000000</ele>
			</trkpt>
			<trkpt lat="39.763051" lon="2.659049">
				<ele>263.000000</ele>
			</trkpt>
			<trkpt lat="39.762754" lon="2.658914">
				<ele>262.000000</ele>
			</trkpt>
			<trkpt lat="39.762658" lon="2.658807">
				<ele>262.000000</ele>
			</trkpt>
			<trkpt lat="39.762581" lon="2.658717">
				<ele>261.000000</ele>
			</trkpt>
			<trkpt lat="39.762485" lon="2.658600">
				<ele>261.000000</ele>
			</trkpt>
			<trkpt lat="39.762402" lon="2.658447">
				<ele>260.000000</ele>
			</trkpt>
			<trkpt lat="39.762319" lon="2.658134">
				<ele>257.000000</ele>
			</trkpt>
			<trkpt lat="39.762215" lon="2.657962">
				<ele>253.000000</ele>
			</trkpt>
			<trkpt lat="39.762229" lon="2.657845">
				<ele>251.000000</ele>
			</trkpt>
			<trkpt lat="39.762264" lon="2.657738">
				<ele>248.000000</ele>
			</trkpt>
			<trkpt lat="39.762333" lon="2.657648">
				<ele>243.000000</ele>
			</trkpt>
			<trkpt lat="39.762353" lon="2.657468">
				<ele>238.000000</ele>
			</trkpt>
			<trkpt lat="39.762340" lon="2.657235">
				<ele>233.000000</ele>
			</trkpt>
			<trkpt lat="39.762284" lon="2.657073">
				<ele>230.000000</ele>
			</trkpt>
			<trkpt lat="39.762139" lon="2.656902">
				<ele>230.000000</ele>
			</trkpt>
			<trkpt lat="39.762029" lon="2.656822">
				<ele>230.000000</ele>
			</trkpt>
			<trkpt lat="39.761960" lon="2.656686">
				<ele>230.000000</ele>
			</trkpt>
			<trkpt lat="39.761946" lon="2.656526">
				<ele>227.000000</ele>
			</trkpt>
			<trkpt lat="39.761891" lon="2.656291">
				<ele>222.000000</ele>
			</trkpt>
			<trkpt lat="39.761753" lon="2.655994">
				<ele>216.000000</ele>
			</trkpt>
			<trkpt lat="39.761704" lon="2.655807">
				<ele>212.000000</ele>
			</trkpt>
			<trkpt lat="39.761677" lon="2.655555">
				<ele>209.000000</ele>
			</trkpt>
			<trkpt lat="39.761449" lon="2.655249">
				<ele>205.000000</ele>
			</trkpt>
			<trkpt lat="39.761331" lon="2.654989">
				<ele>202.000000</ele>
			</trkpt>
			<trkpt lat="39.761283" lon="2.654755">
				<ele>200.000000</ele>
			</trkpt>
			<trkpt lat="39.761014" lon="2.654503">
				<ele>200.000000</ele>
			</trkpt>
			<trkpt lat="39.760862" lon="2.654234">
				<ele>200.000000</ele>
			</trkpt>
			<trkpt lat="39.760779" lon="2.654162">
				<ele>200.000000</ele>
			</trkpt>
			<trkpt lat="39.760627" lon="2.653937">
				<ele>200.000000</ele>
			</trkpt>
			<trkpt lat="39.760579" lon="2.653786">
				<ele>198.000000</ele>
			</trkpt>
			<trkpt lat="39.760510" lon="2.653641">
				<ele>196.000000</ele>
			</trkpt>
			<trkpt lat="39.760372" lon="2.653344">
				<ele>192.000000</ele>
			</trkpt>
			<trkpt lat="39.760399" lon="2.653247">
				<ele>191.000000</ele>
			</trkpt>
			<trkpt lat="39.760434" lon="2.653157">
				<ele>189.000000</ele>
			</trkpt>
			<trkpt lat="39.760434" lon="2.653084">
				<ele>188.000000</ele>
			</trkpt>
			<trkpt lat="39.760503" lon="2.652968">
				<ele>186.000000</ele>
			</trkpt>
			<trkpt lat="39.760475" lon="2.652744">
				<ele>182.000000</ele>
			</trkpt>
			<trkpt lat="39.760441" lon="2.652564">
				<ele>179.000000</ele>
			</trkpt>
			<trkpt lat="39.760475" lon="2.652419">
				<ele>177.000000</ele>
			</trkpt>
			<trkpt lat="39.760496" lon="2.652312">
				<ele>176.000000</ele>
			</trkpt>
			<trkpt lat="39.760420" lon="2.652239">
				<ele>175.000000</ele>
			</trkpt>
			<trkpt lat="39.760372" lon="2.652141">
				<ele>173.000000</ele>
			</trkpt>
			<trkpt lat="39.760316" lon="2.652149">
				<ele>172.000000</ele>
			</trkpt>
			<trkpt lat="39.760441" lon="2.651998">
				<ele>170.000000</ele>
			</trkpt>
			<trkpt lat="39.760448" lon="2.651952">
				<ele>169.000000</ele>
			</trkpt>
			<trkpt lat="39.760427" lon="2.651908">
				<ele>169.000000</ele>
			</trkpt>
			<trkpt lat="39.760393" lon="2.651889">
				<ele>168.000000</ele>
			</trkpt>
			<trkpt lat="39.760296" lon="2.651908">
				<ele>167.000000</ele>
			</trkpt>
			<trkpt lat="39.760247" lon="2.651881">
				<ele>166.000000</ele>
			</trkpt>
			<trkpt lat="39.760227" lon="2.651818">
				<ele>166.000000</ele>
			</trkpt>
			<trkpt lat="39.760240" lon="2.651755">
				<ele>165.000000</ele>
			</trkpt>
			<trkpt lat="39.760275" lon="2.651702">
				<ele>164.000000</ele>
			</trkpt>
			<trkpt lat="39.760275" lon="2.651629">
				<ele>164.000000</ele>
			</trkpt>
			<trkpt lat="39.760227" lon="2.651549">
				<ele>163.000000</ele>
			</trkpt>
			<trkpt lat="39.760158" lon="2.651503">
				<ele>162.000000</ele>
			</trkpt>
			<trkpt lat="39.760095" lon="2.651459">
				<ele>161.000000</ele>
			</trkpt>
			<trkpt lat="39.760040" lon="2.651369">
				<ele>160.000000</ele>
			</trkpt>
			<trkpt lat="39.759999" lon="2.651279">
				<ele>159.000000</ele>
			</trkpt>
			<trkpt lat="39.759937" lon="2.651234">
				<ele>158.000000</ele>
			</trkpt>
			<trkpt lat="39.759840" lon="2.651144">
				<ele>156.000000</ele>
			</trkpt>
			<trkpt lat="39.759750" lon="2.651073">
				<ele>154.000000</ele>
			</trkpt>
			<trkpt lat="39.759709" lon="2.651063">
				<ele>154.000000</ele>
			</trkpt>
			<trkpt lat="39.759667" lon="2.651027">
				<ele>153.000000</ele>
			</trkpt>
			<trkpt lat="39.759640" lon="2.650947">
				<ele>152.000000</ele>
			</trkpt>
			<trkpt lat="39.759612" lon="2.650874">
				<ele>151.000000</ele>
			</trkpt>
			<trkpt lat="39.759605" lon="2.650757">
				<ele>149.000000</ele>
			</trkpt>
			<trkpt lat="39.759647" lon="2.650650">
				<ele>146.000000</ele>
			</trkpt>
			<trkpt lat="39.759660" lon="2.650551">
				<ele>143.000000</ele>
			</trkpt>
			<trkpt lat="39.759695" lon="2.650434">
				<ele>140.000000</ele>
			</trkpt>
			<trkpt lat="39.759598" lon="2.650425">
				<ele>140.000000</ele>
			</trkpt>
			<trkpt lat="39.759440" lon="2.650434">
				<ele>140.000000</ele>
			</trkpt>
			<trkpt lat="39.759329" lon="2.650452">
				<ele>140.000000</ele>
			</trkpt>
			<trkpt lat="39.759253" lon="2.650444">
				<ele>140.000000</ele>
			</trkpt>
			<trkpt lat="39.759170" lon="2.650407">
				<ele>140.000000</ele>
			</trkpt>
			<trkpt lat="39.759080" lon="2.650371">
				<ele>140.000000</ele>
			</trkpt>
			<trkpt lat="39.758990" lon="2.650291">
				<ele>140.000000</ele>
			</trkpt>
			<trkpt lat="39.758928" lon="2.650201">
				<ele>140.000000</ele>
			</trkpt>
			<trkpt lat="39.758866" lon="2.650120">
				<ele>140.000000</ele>
			</trkpt>
			<trkpt lat="39.758797" lon="2.650048">
				<ele>140.000000</ele>
			</trkpt>
			<trkpt lat="39.758762" lon="2.650039">
				<ele>140.000000</ele>
			</trkpt>
			<trkpt lat="39.758728" lon="2.650039">
				<ele>140.000000</ele>
			</trkpt>
			<trkpt lat="39.758666" lon="2.650065">
				<ele>141.000000</ele>
			</trkpt>
			<trkpt lat="39.758590" lon="2.650128">
				<ele>143.000000</ele>
			</trkpt>
			<trkpt lat="39.758417" lon="2.650300">
				<ele>149.000000</ele>
			</trkpt>
			<trkpt lat="39.758362" lon="2.650344">
				<ele>150.000000</ele>
			</trkpt>
			<trkpt lat="39.758245" lon="2.650398">
				<ele>150.000000</ele>
			</trkpt>
			<trkpt lat="39.758141" lon="2.650425">
				<ele>150.000000</ele>
			</trkpt>
			<trkpt lat="39.758023" lon="2.650434">
				<ele>150.000000</ele>
			</trkpt>
			<trkpt lat="39.757975" lon="2.650417">
				<ele>150.000000</ele>
			</trkpt>
			<trkpt lat="39.757934" lon="2.650381">
				<ele>150.000000</ele>
			</trkpt>
			<trkpt lat="39.757899" lon="2.650327">
				<ele>150.000000</ele>
			</trkpt>
			<trkpt lat="39.757885" lon="2.650264">
				<ele>150.000000</ele>
			</trkpt>
			<trkpt lat="39.757885" lon="2.650183">
				<ele>150.000000</ele>
			</trkpt>
			<trkpt lat="39.757920" lon="2.649976">
				<ele>150.000000</ele>
			</trkpt>
			<trkpt lat="39.757927" lon="2.649805">
				<ele>149.000000</ele>
			</trkpt>
			<trkpt lat="39.757899" lon="2.649608">
				<ele>148.000000</ele>
			</trkpt>
			<trkpt lat="39.757893" lon="2.649563">
				<ele>148.000000</ele>
			</trkpt>
			<trkpt lat="39.757816" lon="2.649329">
				<ele>147.000000</ele>
			</trkpt>
			<trkpt lat="39.757692" lon="2.648916">
				<ele>145.000000</ele>
			</trkpt>
			<trkpt lat="39.757575" lon="2.648520">
				<ele>143.000000</ele>
			</trkpt>
			<trkpt lat="39.757589" lon="2.648404">
				<ele>142.000000</ele>
			</trkpt>
			<trkpt lat="39.757637" lon="2.648306">
				<ele>141.000000</ele>
			</trkpt>
			<trkpt lat="39.757899" lon="2.647955">
				<ele>140.000000</ele>
			</trkpt>
			<trkpt lat="39.757948" lon="2.647830">
				<ele>140.000000</ele>
			</trkpt>
			<trkpt lat="39.757962" lon="2.647740">
				<ele>140.000000</ele>
			</trkpt>
			<trkpt lat="39.757954" lon="2.647623">
				<ele>140.000000</ele>
			</trkpt>
			<trkpt lat="39.757934" lon="2.647524">
				<ele>140.000000</ele>
			</trkpt>
			<trkpt lat="39.757975" lon="2.647497">
				<ele>139.000000</ele>
			</trkpt>
			<trkpt lat="39.757975" lon="2.647381">
				<ele>138.000000</ele>
			</trkpt>
			<trkpt lat="39.757920" lon="2.647138">
				<ele>134.000000</ele>
			</trkpt>
			<trkpt lat="39.757920" lon="2.646994">
				<ele>132.000000</ele>
			</trkpt>
			<trkpt lat="39.757927" lon="2.646805">
				<ele>130.000000</ele>
			</trkpt>
			<trkpt lat="39.757983" lon="2.646402">
				<ele>128.000000</ele>
			</trkpt>
			<trkpt lat="39.757906" lon="2.646159">
				<ele>128.000000</ele>
			</trkpt>
			<trkpt lat="39.757885" lon="2.646042">
				<ele>127.000000</ele>
			</trkpt>
			<trkpt lat="39.757914" lon="2.645593">
				<ele>126.000000</ele>
			</trkpt>
			<trkpt lat="39.757899" lon="2.645476">
				<ele>125.000000</ele>
			</trkpt>
			<trkpt lat="39.757872" lon="2.645394">
				<ele>125.000000</ele>
			</trkpt>
			<trkpt lat="39.757782" lon="2.645278">
				<ele>124.000000</ele>
			</trkpt>
			<trkpt lat="39.757734" lon="2.645224">
				<ele>124.000000</ele>
			</trkpt>
			<trkpt lat="39.757713" lon="2.645144">
				<ele>124.000000</ele>
			</trkpt>
			<trkpt lat="39.757699" lon="2.645090">
				<ele>123.000000</ele>
			</trkpt>
			<trkpt lat="39.757706" lon="2.644981">
				<ele>123.000000</ele>
			</trkpt>
			<trkpt lat="39.757686" lon="2.644757">
				<ele>122.000000</ele>
			</trkpt>
			<trkpt lat="39.757630" lon="2.644667">
				<ele>122.000000</ele>
			</trkpt>
			<trkpt lat="39.757513" lon="2.644434">
				<ele>121.000000</ele>
			</trkpt>
			<trkpt lat="39.757492" lon="2.644254">
				<ele>120.000000</ele>
			</trkpt>
			<trkpt lat="39.757451" lon="2.644092">
				<ele>119.000000</ele>
			</trkpt>
			<trkpt lat="39.757305" lon="2.643760">
				<ele>115.000000</ele>
			</trkpt>
			<trkpt lat="39.757209" lon="2.643625">
				<ele>113.000000</ele>
			</trkpt>
			<trkpt lat="39.757140" lon="2.643490">
				<ele>111.000000</ele>
			</trkpt>
			<trkpt lat="39.757126" lon="2.643400">
				<ele>110.000000</ele>
			</trkpt>
			<trkpt lat="39.757146" lon="2.643329">
				<ele>110.000000</ele>
			</trkpt>
			<trkpt lat="39.757126" lon="2.643220">
				<ele>109.000000</ele>
			</trkpt>
			<trkpt lat="39.757064" lon="2.643050">
				<ele>108.000000</ele>
			</trkpt>
			<trkpt lat="39.756981" lon="2.642933">
				<ele>107.000000</ele>
			</trkpt>
			<trkpt lat="39.756919" lon="2.642763">
				<ele>105.000000</ele>
			</trkpt>
			<trkpt lat="39.756898" lon="2.642574">
				<ele>104.000000</ele>
			</trkpt>
			<trkpt lat="39.756877" lon="2.642530">
				<ele>104.000000</ele>
			</trkpt>
			<trkpt lat="39.756656" lon="2.642440">
				<ele>102.000000</ele>
			</trkpt>
			<trkpt lat="39.756566" lon="2.642358">
				<ele>101.000000</ele>
			</trkpt>
			<trkpt lat="39.756491" lon="2.642278">
				<ele>100.000000</ele>
			</trkpt>
			<trkpt lat="39.756139" lon="2.642161">
				<ele>98.000000</ele>
			</trkpt>
			<trkpt lat="39.756042" lon="2.642071">
				<ele>97.000000</ele>
			</trkpt>
			<trkpt lat="39.755952" lon="2.642089">
				<ele>96.000000</ele>
			</trkpt>
			<trkpt lat="39.755779" lon="2.642205">
				<ele>95.000000</ele>
			</trkpt>
			<trkpt lat="39.755731" lon="2.642377">
				<ele>94.000000</ele>
			</trkpt>
			<trkpt lat="39.755213" lon="2.642547">
				<ele>91.000000</ele>
			</trkpt>
			<trkpt lat="39.755054" lon="2.642646">
				<ele>90.000000</ele>
			</trkpt>
			<trkpt lat="39.755006" lon="2.642736">
				<ele>90.000000</ele>
			</trkpt>
			<trkpt lat="39.754860" lon="2.642817">
				<ele>88.000000</ele>
			</trkpt>
			<trkpt lat="39.754688" lon="2.642870">
				<ele>83.000000</ele>
			</trkpt>
			<trkpt lat="39.754661" lon="2.642834">
				<ele>82.000000</ele>
			</trkpt>
			<trkpt lat="39.754619" lon="2.642853">
				<ele>81.000000</ele>
			</trkpt>
			<trkpt lat="39.754592" lon="2.642754">
				<ele>78.000000</ele>
			</trkpt>
			<trkpt lat="39.754515" lon="2.642763">
				<ele>76.000000</ele>
			</trkpt>
			<trkpt lat="39.754439" lon="2.642763">
				<ele>73.000000</ele>
			</trkpt>
			<trkpt lat="39.754295" lon="2.642763">
				<ele>70.000000</ele>
			</trkpt>
			<trkpt lat="39.754219" lon="2.642826">
				<ele>70.000000</ele>
			</trkpt>
			<trkpt lat="39.754163" lon="2.642916">
				<ele>70.000000</ele>
			</trkpt>
			<trkpt lat="39.754115" lon="2.642960">
				<ele>70.000000</ele>
			</trkpt>
			<trkpt lat="39.754018" lon="2.642978">
				<ele>70.000000</ele>
			</trkpt>
			<trkpt lat="39.753922" lon="2.642960">
				<ele>70.000000</ele>
			</trkpt>
			<trkpt lat="39.753880" lon="2.642933">
				<ele>70.000000</ele>
			</trkpt>
			<trkpt lat="39.753832" lon="2.642888">
				<ele>70.000000</ele>
			</trkpt>
			<trkpt lat="39.753784" lon="2.642880">
				<ele>70.000000</ele>
			</trkpt>
			<trkpt lat="39.753742" lon="2.642817">
				<ele>70.000000</ele>
			</trkpt>
			<trkpt lat="39.753680" lon="2.642844">
				<ele>70.000000</ele>
			</trkpt>
			<trkpt lat="39.753569" lon="2.642978">
				<ele>70.000000</ele>
			</trkpt>
			<trkpt lat="39.753432" lon="2.643077">
				<ele>70.000000</ele>
			</trkpt>
			<trkpt lat="39.753328" lon="2.643096">
				<ele>70.000000</ele>
			</trkpt>
			<trkpt lat="39.753259" lon="2.643131">
				<ele>70.000000</ele>
			</trkpt>
			<trkpt lat="39.753189" lon="2.643123">
				<ele>70.000000</ele>
			</trkpt>
			<trkpt lat="39.753148" lon="2.643059">
				<ele>70.000000</ele>
			</trkpt>
			<trkpt lat="39.752948" lon="2.642853">
				<ele>70.000000</ele>
			</trkpt>
			<trkpt lat="39.752796" lon="2.642448">
				<ele>76.000000</ele>
			</trkpt>
			<trkpt lat="39.752748" lon="2.642385">
				<ele>77.000000</ele>
			</trkpt>
			<trkpt lat="39.752699" lon="2.642341">
				<ele>78.000000</ele>
			</trkpt>
			<trkpt lat="39.752623" lon="2.642412">
				<ele>80.000000</ele>
			</trkpt>
			<trkpt lat="39.752589" lon="2.642367">
				<ele>80.000000</ele>
			</trkpt>
			<trkpt lat="39.752540" lon="2.642394">
				<ele>80.000000</ele>
			</trkpt>
			<trkpt lat="39.752499" lon="2.642448">
				<ele>80.000000</ele>
			</trkpt>
			<trkpt lat="39.752471" lon="2.642502">
				<ele>80.000000</ele>
			</trkpt>
			<trkpt lat="39.752430" lon="2.642538">
				<ele>80.000000</ele>
			</trkpt>
			<trkpt lat="39.752409" lon="2.642565">
				<ele>80.000000</ele>
			</trkpt>
			<trkpt lat="39.752278" lon="2.642736">
				<ele>80.000000</ele>
			</trkpt>
			<trkpt lat="39.752216" lon="2.642826">
				<ele>80.000000</ele>
			</trkpt>
			<trkpt lat="39.752153" lon="2.642960">
				<ele>80.000000</ele>
			</trkpt>
			<trkpt lat="39.752078" lon="2.643014">
				<ele>80.000000</ele>
			</trkpt>
			<trkpt lat="39.752057" lon="2.642960">
				<ele>80.000000</ele>
			</trkpt>
			<trkpt lat="39.752126" lon="2.642897">
				<ele>80.000000</ele>
			</trkpt>
			<trkpt lat="39.752133" lon="2.642880">
				<ele>80.000000</ele>
			</trkpt>
			<trkpt lat="39.752112" lon="2.642853">
				<ele>80.000000</ele>
			</trkpt>
			<trkpt lat="39.752105" lon="2.642870">
				<ele>80.000000</ele>
			</trkpt>
			<trkpt lat="39.752091" lon="2.642870">
				<ele>80.000000</ele>
			</trkpt>
			<trkpt lat="39.752091" lon="2.642807">
				<ele>81.000000</ele>
			</trkpt>
			<trkpt lat="39.752078" lon="2.642799">
				<ele>81.000000</ele>
			</trkpt>
			<trkpt lat="39.751940" lon="2.642951">
				<ele>83.000000</ele>
			</trkpt>
			<trkpt lat="39.751919" lon="2.642907">
				<ele>84.000000</ele>
			</trkpt>
			<trkpt lat="39.752002" lon="2.642771">
				<ele>85.000000</ele>
			</trkpt>
			<trkpt lat="39.751988" lon="2.642744">
				<ele>86.000000</ele>
			</trkpt>
			<trkpt lat="39.751912" lon="2.642817">
				<ele>87.000000</ele>
			</trkpt>
			<trkpt lat="39.751870" lon="2.642817">
				<ele>87.000000</ele>
			</trkpt>
			<trkpt lat="39.751532" lon="2.643059">
				<ele>92.000000</ele>
			</trkpt>
			<trkpt lat="39.751504" lon="2.643059">
				<ele>93.000000</ele>
			</trkpt>
			<trkpt lat="39.751132" lon="2.642844">
				<ele>99.000000</ele>
			</trkpt>
			<trkpt lat="39.751028" lon="2.642763">
				<ele>100.000000</ele>
			</trkpt>
			<trkpt lat="39.750586" lon="2.642736">
				<ele>102.000000</ele>
			</trkpt>
			<trkpt lat="39.750462" lon="2.642700">
				<ele>102.000000</ele>
			</trkpt>
			<trkpt lat="39.750137" lon="2.642547">
				<ele>103.000000</ele>
			</trkpt>
			<trkpt lat="39.749819" lon="2.642358">
				<ele>104.000000</ele>
			</trkpt>
			<trkpt lat="39.749729" lon="2.642287">
				<ele>105.000000</ele>
			</trkpt>
			<trkpt lat="39.749681" lon="2.642260">
				<ele>105.000000</ele>
			</trkpt>
			<trkpt lat="39.749570" lon="2.642251">
				<ele>105.000000</ele>
			</trkpt>
			<trkpt lat="39.749487" lon="2.642268">
				<ele>105.000000</ele>
			</trkpt>
			<trkpt lat="39.749363" lon="2.642350">
				<ele>106.000000</ele>
			</trkpt>
			<trkpt lat="39.749267" lon="2.642404">
				<ele>106.000000</ele>
			</trkpt>
			<trkpt lat="39.749163" lon="2.642520">
				<ele>107.000000</ele>
			</trkpt>
			<trkpt lat="39.749129" lon="2.642610">
				<ele>107.000000</ele>
			</trkpt>
			<trkpt lat="39.749060" lon="2.642646">
				<ele>107.000000</ele>
			</trkpt>
			<trkpt lat="39.749018" lon="2.642709">
				<ele>107.000000</ele>
			</trkpt>
			<trkpt lat="39.748838" lon="2.642996">
				<ele>108.000000</ele>
			</trkpt>
			<trkpt lat="39.748721" lon="2.643157">
				<ele>109.000000</ele>
			</trkpt>
			<trkpt lat="39.748659" lon="2.643212">
				<ele>109.000000</ele>
			</trkpt>
			<trkpt lat="39.748549" lon="2.643247">
				<ele>109.000000</ele>
			</trkpt>
			<trkpt lat="39.748334" lon="2.643275">
				<ele>110.000000</ele>
			</trkpt>
			<trkpt lat="39.748120" lon="2.643302">
				<ele>112.000000</ele>
			</trkpt>
			<trkpt lat="39.748106" lon="2.643320">
				<ele>112.000000</ele>
			</trkpt>
			<trkpt lat="39.748065" lon="2.643383">
				<ele>113.000000</ele>
			</trkpt>
			<trkpt lat="39.748044" lon="2.643427">
				<ele>113.000000</ele>
			</trkpt>
			<trkpt lat="39.747968" lon="2.643562">
				<ele>114.000000</ele>
			</trkpt>
			<trkpt lat="39.747871" lon="2.643688">
				<ele>116.000000</ele>
			</trkpt>
			<trkpt lat="39.747837" lon="2.643733">
				<ele>116.000000</ele>
			</trkpt>
			<trkpt lat="39.747733" lon="2.643849">
				<ele>117.000000</ele>
			</trkpt>
			<trkpt lat="39.747706" lon="2.643886">
				<ele>118.000000</ele>
			</trkpt>
			<trkpt lat="39.747553" lon="2.644048">
				<ele>119.000000</ele>
			</trkpt>
			<trkpt lat="39.747478" lon="2.644119">
				<ele>120.000000</ele>
			</trkpt>
			<trkpt lat="39.747623" lon="2.643778">
				<ele>120.000000</ele>
			</trkpt>
			<trkpt lat="39.747623" lon="2.643633">
				<ele>120.000000</ele>
			</trkpt>
			<trkpt lat="39.747602" lon="2.643383">
				<ele>123.000000</ele>
			</trkpt>
			<trkpt lat="39.747540" lon="2.642970">
				<ele>128.000000</ele>
			</trkpt>
			<trkpt lat="39.747429" lon="2.642547">
				<ele>130.000000</ele>
			</trkpt>
			<trkpt lat="39.747429" lon="2.642314">
				<ele>130.000000</ele>
			</trkpt>
			<trkpt lat="39.747464" lon="2.642115">
				<ele>130.000000</ele>
			</trkpt>
			<trkpt lat="39.747471" lon="2.641981">
				<ele>130.000000</ele>
			</trkpt>
			<trkpt lat="39.747457" lon="2.641846">
				<ele>130.000000</ele>
			</trkpt>
			<trkpt lat="39.747423" lon="2.641874">
				<ele>130.000000</ele>
			</trkpt>
			<trkpt lat="39.747381" lon="2.641981">
				<ele>130.000000</ele>
			</trkpt>
			<trkpt lat="39.747325" lon="2.642144">
				<ele>130.000000</ele>
			</trkpt>
			<trkpt lat="39.747319" lon="2.642215">
				<ele>130.000000</ele>
			</trkpt>
			<trkpt lat="39.747298" lon="2.642331">
				<ele>130.000000</ele>
			</trkpt>
			<trkpt lat="39.747298" lon="2.642475">
				<ele>130.000000</ele>
			</trkpt>
			<trkpt lat="39.747305" lon="2.642583">
				<ele>130.000000</ele>
			</trkpt>
			<trkpt lat="39.747312" lon="2.643203">
				<ele>130.000000</ele>
			</trkpt>
			<trkpt lat="39.747291" lon="2.643364">
				<ele>130.000000</ele>
			</trkpt>
			<trkpt lat="39.747264" lon="2.643463">
				<ele>130.000000</ele>
			</trkpt>
			<trkpt lat="39.747201" lon="2.643599">
				<ele>130.000000</ele>
			</trkpt>
			<trkpt lat="39.747126" lon="2.643688">
				<ele>131.000000</ele>
			</trkpt>
			<trkpt lat="39.746967" lon="2.643796">
				<ele>133.000000</ele>
			</trkpt>
			<trkpt lat="39.746794" lon="2.643922">
				<ele>135.000000</ele>
			</trkpt>
			<trkpt lat="39.746739" lon="2.643903">
				<ele>140.000000</ele>
			</trkpt>
			<trkpt lat="39.746980" lon="2.643662">
				<ele>140.000000</ele>
			</trkpt>
			<trkpt lat="39.746988" lon="2.643607">
				<ele>140.000000</ele>
			</trkpt>
			<trkpt lat="39.746939" lon="2.643536">
				<ele>140.000000</ele>
			</trkpt>
			<trkpt lat="39.746877" lon="2.643572">
				<ele>141.000000</ele>
			</trkpt>
			<trkpt lat="39.746822" lon="2.643607">
				<ele>143.000000</ele>
			</trkpt>
			<trkpt lat="39.746628" lon="2.643796">
				<ele>148.000000</ele>
			</trkpt>
			<trkpt lat="39.746545" lon="2.643823">
				<ele>150.000000</ele>
			</trkpt>
			<trkpt lat="39.746497" lon="2.643752">
				<ele>151.000000</ele>
			</trkpt>
			<trkpt lat="39.746538" lon="2.643633">
				<ele>152.000000</ele>
			</trkpt>
			<trkpt lat="39.746745" lon="2.643194">
				<ele>158.000000</ele>
			</trkpt>
			<trkpt lat="39.746760" lon="2.643086">
				<ele>159.000000</ele>
			</trkpt>
			<trkpt lat="39.746725" lon="2.642987">
				<ele>160.000000</ele>
			</trkpt>
			<trkpt lat="39.746538" lon="2.642736">
				<ele>169.000000</ele>
			</trkpt>
			<trkpt lat="39.746497" lon="2.642591">
				<ele>171.000000</ele>
			</trkpt>
			<trkpt lat="39.746497" lon="2.642377">
				<ele>173.000000</ele>
			</trkpt>
			<trkpt lat="39.746462" lon="2.642251">
				<ele>174.000000</ele>
			</trkpt>
			<trkpt lat="39.746331" lon="2.642026">
				<ele>177.000000</ele>
			</trkpt>
			<trkpt lat="39.746249" lon="2.641765">
				<ele>179.000000</ele>
			</trkpt>
			<trkpt lat="39.746165" lon="2.641595">
				<ele>180.000000</ele>
			</trkpt>
			<trkpt lat="39.746041" lon="2.641406">
				<ele>180.000000</ele>
			</trkpt>
			<trkpt lat="39.746021" lon="2.641299">
				<ele>180.000000</ele>
			</trkpt>
			<trkpt lat="39.746048" lon="2.641146">
				<ele>180.000000</ele>
			</trkpt>
			<trkpt lat="39.746076" lon="2.641073">
				<ele>180.000000</ele>
			</trkpt>
			<trkpt lat="39.746061" lon="2.641029">
				<ele>180.000000</ele>
			</trkpt>
			<trkpt lat="39.746034" lon="2.641038">
				<ele>180.000000</ele>
			</trkpt>
			<trkpt lat="39.746013" lon="2.641083">
				<ele>180.000000</ele>
			</trkpt>
			<trkpt lat="39.745944" lon="2.641272">
				<ele>182.000000</ele>
			</trkpt>
			<trkpt lat="39.745952" lon="2.641415">
				<ele>183.000000</ele>
			</trkpt>
			<trkpt lat="39.746124" lon="2.642125">
				<ele>187.000000</ele>
			</trkpt>
			<trkpt lat="39.746228" lon="2.642314">
				<ele>188.000000</ele>
			</trkpt>
			<trkpt lat="39.746207" lon="2.642341">
				<ele>188.000000</ele>
			</trkpt>
			<trkpt lat="39.745972" lon="2.641901">
				<ele>192.000000</ele>
			</trkpt>
			<trkpt lat="39.745772" lon="2.641452">
				<ele>195.000000</ele>
			</trkpt>
			<trkpt lat="39.745744" lon="2.641379">
				<ele>195.000000</ele>
			</trkpt>
			<trkpt lat="39.745703" lon="2.641262">
				<ele>196.000000</ele>
			</trkpt>
			<trkpt lat="39.745682" lon="2.641073">
				<ele>198.000000</ele>
			</trkpt>
			<trkpt lat="39.745627" lon="2.640922">
				<ele>199.000000</ele>
			</trkpt>
			<trkpt lat="39.745496" lon="2.640742">
				<ele>200.000000</ele>
			</trkpt>
			<trkpt lat="39.745392" lon="2.640652">
				<ele>204.000000</ele>
			</trkpt>
			<trkpt lat="39.745136" lon="2.640562">
				<ele>210.000000</ele>
			</trkpt>
			<trkpt lat="39.745060" lon="2.640536">
				<ele>213.000000</ele>
			</trkpt>
			<trkpt lat="39.744950" lon="2.640473">
				<ele>216.000000</ele>
			</trkpt>
			<trkpt lat="39.744881" lon="2.640454">
				<ele>218.000000</ele>
			</trkpt>
			<trkpt lat="39.744797" lon="2.640383">
				<ele>221.000000</ele>
			</trkpt>
			<trkpt lat="39.744757" lon="2.640293">
				<ele>222.000000</ele>
			</trkpt>
			<trkpt lat="39.744570" lon="2.640238">
				<ele>226.000000</ele>
			</trkpt>
			<trkpt lat="39.744439" lon="2.640274">
				<ele>228.000000</ele>
			</trkpt>
			<trkpt lat="39.744349" lon="2.640328">
				<ele>230.000000</ele>
			</trkpt>
			<trkpt lat="39.744217" lon="2.640346">
				<ele>233.000000</ele>
			</trkpt>
			<trkpt lat="39.744314" lon="2.640454">
				<ele>236.000000</ele>
			</trkpt>
			<trkpt lat="39.744328" lon="2.640499">
				<ele>237.000000</ele>
			</trkpt>
			<trkpt lat="39.744280" lon="2.640526">
				<ele>238.000000</ele>
			</trkpt>
			<trkpt lat="39.744204" lon="2.640463">
				<ele>240.000000</ele>
			</trkpt>
			<trkpt lat="39.744190" lon="2.640499">
				<ele>240.000000</ele>
			</trkpt>
			<trkpt lat="39.744245" lon="2.640597">
				<ele>243.000000</ele>
			</trkpt>
			<trkpt lat="39.744356" lon="2.640696">
				<ele>246.000000</ele>
			</trkpt>
			<trkpt lat="39.744383" lon="2.640769">
				<ele>247.000000</ele>
			</trkpt>
			<trkpt lat="39.744238" lon="2.640823">
				<ele>250.000000</ele>
			</trkpt>
			<trkpt lat="39.744079" lon="2.640660">
				<ele>253.000000</ele>
			</trkpt>
			<trkpt lat="39.743955" lon="2.640580">
				<ele>255.000000</ele>
			</trkpt>
			<trkpt lat="39.743589" lon="2.640157">
				<ele>261.000000</ele>
			</trkpt>
			<trkpt lat="39.743430" lon="2.639888">
				<ele>264.000000</ele>
			</trkpt>
			<trkpt lat="39.743375" lon="2.639754">
				<ele>265.000000</ele>
			</trkpt>
			<trkpt lat="39.743424" lon="2.639565">
				<ele>266.000000</ele>
			</trkpt>
			<trkpt lat="39.743424" lon="2.639421">
				<ele>268.000000</ele>
			</trkpt>
			<trkpt lat="39.743361" lon="2.639448">
				<ele>268.000000</ele>
			</trkpt>
			<trkpt lat="39.743368" lon="2.639314">
				<ele>269.000000</ele>
			</trkpt>
			<trkpt lat="39.743306" lon="2.639394">
				<ele>270.000000</ele>
			</trkpt>
			<trkpt lat="39.743278" lon="2.639367">
				<ele>271.000000</ele>
			</trkpt>
			<trkpt lat="39.743306" lon="2.639259">
				<ele>272.000000</ele>
			</trkpt>
			<trkpt lat="39.743257" lon="2.639079">
				<ele>274.000000</ele>
			</trkpt>
			<trkpt lat="39.743188" lon="2.639088">
				<ele>276.000000</ele>
			</trkpt>
			<trkpt lat="39.743126" lon="2.638846">
				<ele>278.000000</ele>
			</trkpt>
			<trkpt lat="39.743071" lon="2.638865">
				<ele>279.000000</ele>
			</trkpt>
			<trkpt lat="39.742871" lon="2.638639">
				<ele>286.000000</ele>
			</trkpt>
			<trkpt lat="39.742525" lon="2.637417">
				<ele>311.000000</ele>
			</trkpt>
			<trkpt lat="39.742463" lon="2.637507">
				<ele>312.000000</ele>
			</trkpt>
			<trkpt lat="39.742422" lon="2.637498">
				<ele>313.000000</ele>
			</trkpt>
			<trkpt lat="39.742415" lon="2.637373">
				<ele>314.000000</ele>
			</trkpt>
			<trkpt lat="39.742380" lon="2.637400">
				<ele>315.000000</ele>
			</trkpt>
			<trkpt lat="39.742332" lon="2.637534">
				<ele>316.000000</ele>
			</trkpt>
			<trkpt lat="39.742298" lon="2.637553">
				<ele>317.000000</ele>
			</trkpt>
			<trkpt lat="39.742263" lon="2.637490">
				<ele>318.000000</ele>
			</trkpt>
			<trkpt lat="39.742194" lon="2.637534">
				<ele>319.000000</ele>
			</trkpt>
			<trkpt lat="39.742131" lon="2.637444">
				<ele>321.000000</ele>
			</trkpt>
			<trkpt lat="39.742111" lon="2.637517">
				<ele>322.000000</ele>
			</trkpt>
			<trkpt lat="39.742083" lon="2.637480">
				<ele>323.000000</ele>
			</trkpt>
			<trkpt lat="39.742083" lon="2.637391">
				<ele>324.000000</ele>
			</trkpt>
			<trkpt lat="39.742014" lon="2.637301">
				<ele>326.000000</ele>
			</trkpt>
			<trkpt lat="39.741890" lon="2.637104">
				<ele>330.000000</ele>
			</trkpt>
			<trkpt lat="39.741814" lon="2.637094">
				<ele>331.000000</ele>
			</trkpt>
			<trkpt lat="39.741807" lon="2.637148">
				<ele>332.000000</ele>
			</trkpt>
			<trkpt lat="39.741821" lon="2.637230">
				<ele>334.000000</ele>
			</trkpt>
			<trkpt lat="39.741800" lon="2.637265">
				<ele>334.000000</ele>
			</trkpt>
			<trkpt lat="39.741744" lon="2.637230">
				<ele>336.000000</ele>
			</trkpt>
			<trkpt lat="39.741620" lon="2.637112">
				<ele>339.000000</ele>
			</trkpt>
			<trkpt lat="39.741330" lon="2.636968">
				<ele>344.000000</ele>
			</trkpt>
			<trkpt lat="39.741268" lon="2.636878">
				<ele>345.000000</ele>
			</trkpt>
			<trkpt lat="39.741268" lon="2.636798">
				<ele>346.000000</ele>
			</trkpt>
			<trkpt lat="39.741303" lon="2.636618">
				<ele>348.000000</ele>
			</trkpt>
			<trkpt lat="39.741303" lon="2.636438">
				<ele>349.000000</ele>
			</trkpt>
			<trkpt lat="39.741275" lon="2.636286">
				<ele>351.000000</ele>
			</trkpt>
			<trkpt lat="39.741179" lon="2.636062">
				<ele>355.000000</ele>
			</trkpt>
			<trkpt lat="39.741089" lon="2.635890">
				<ele>358.000000</ele>
			</trkpt>
			<trkpt lat="39.740978" lon="2.635936">
				<ele>361.000000</ele>
			</trkpt>
			<trkpt lat="39.740951" lon="2.635756">
				<ele>363.000000</ele>
			</trkpt>
			<trkpt lat="39.740861" lon="2.635765">
				<ele>365.000000</ele>
			</trkpt>
			<trkpt lat="39.740771" lon="2.635693">
				<ele>367.000000</ele>
			</trkpt>
			<trkpt lat="39.740881" lon="2.635576">
				<ele>369.000000</ele>
			</trkpt>
			<trkpt lat="39.740840" lon="2.635469">
				<ele>371.000000</ele>
			</trkpt>
			<trkpt lat="39.740771" lon="2.635532">
				<ele>373.000000</ele>
			</trkpt>
			<trkpt lat="39.740605" lon="2.635387">
				<ele>377.000000</ele>
			</trkpt>
			<trkpt lat="39.740480" lon="2.635414">
				<ele>380.000000</ele>
			</trkpt>
			<trkpt lat="39.740308" lon="2.635217">
				<ele>383.000000</ele>
			</trkpt>
			<trkpt lat="39.740294" lon="2.635154">
				<ele>384.000000</ele>
			</trkpt>
			<trkpt lat="39.740322" lon="2.635100">
				<ele>385.000000</ele>
			</trkpt>
			<trkpt lat="39.740453" lon="2.634920">
				<ele>388.000000</ele>
			</trkpt>
			<trkpt lat="39.740723" lon="2.634670">
				<ele>391.000000</ele>
			</trkpt>
			<trkpt lat="39.740888" lon="2.634561">
				<ele>392.000000</ele>
			</trkpt>
			<trkpt lat="39.741116" lon="2.634498">
				<ele>393.000000</ele>
			</trkpt>
			<trkpt lat="39.741227" lon="2.634490">
				<ele>393.000000</ele>
			</trkpt>
			<trkpt lat="39.741876" lon="2.634517">
				<ele>400.000000</ele>
			</trkpt>
			<trkpt lat="39.741800" lon="2.634435">
				<ele>401.000000</ele>
			</trkpt>
			<trkpt lat="39.741627" lon="2.634345">
				<ele>402.000000</ele>
			</trkpt>
			<trkpt lat="39.741537" lon="2.634265">
				<ele>403.000000</ele>
			</trkpt>
			<trkpt lat="39.741558" lon="2.634220">
				<ele>403.000000</ele>
			</trkpt>
			<trkpt lat="39.741641" lon="2.634228">
				<ele>403.000000</ele>
			</trkpt>
			<trkpt lat="39.741911" lon="2.634372">
				<ele>405.000000</ele>
			</trkpt>
			<trkpt lat="39.742014" lon="2.634480">
				<ele>406.000000</ele>
			</trkpt>
			<trkpt lat="39.742090" lon="2.634534">
				<ele>406.000000</ele>
			</trkpt>
			<trkpt lat="39.742215" lon="2.634570">
				<ele>407.000000</ele>
			</trkpt>
			<trkpt lat="39.742221" lon="2.634543">
				<ele>407.000000</ele>
			</trkpt>
			<trkpt lat="39.742062" lon="2.634400">
				<ele>408.000000</ele>
			</trkpt>
			<trkpt lat="39.741945" lon="2.634265">
				<ele>409.000000</ele>
			</trkpt>
			<trkpt lat="39.741793" lon="2.634138">
				<ele>410.000000</ele>
			</trkpt>
			<trkpt lat="39.741531" lon="2.634041">
				<ele>411.000000</ele>
			</trkpt>
			<trkpt lat="39.741399" lon="2.634004">
				<ele>412.000000</ele>
			</trkpt>
			<trkpt lat="39.741268" lon="2.634004">
				<ele>413.000000</ele>
			</trkpt>
			<trkpt lat="39.741109" lon="2.634049">
				<ele>414.000000</ele>
			</trkpt>
			<trkpt lat="39.740647" lon="2.634104">
				<ele>416.000000</ele>
			</trkpt>
			<trkpt lat="39.740578" lon="2.634121">
				<ele>416.000000</ele>
			</trkpt>
			<trkpt lat="39.740287" lon="2.634310">
				<ele>418.000000</ele>
			</trkpt>
			<trkpt lat="39.740204" lon="2.634328">
				<ele>418.000000</ele>
			</trkpt>
			<trkpt lat="39.740114" lon="2.634417">
				<ele>419.000000</ele>
			</trkpt>
			<trkpt lat="39.739955" lon="2.634471">
				<ele>420.000000</ele>
			</trkpt>
			<trkpt lat="39.739804" lon="2.634480">
				<ele>427.000000</ele>
			</trkpt>
			<trkpt lat="39.739610" lon="2.634400">
				<ele>437.000000</ele>
			</trkpt>
			<trkpt lat="39.739541" lon="2.634391">
				<ele>440.000000</ele>
			</trkpt>
			<trkpt lat="39.739479" lon="2.634435">
				<ele>440.000000</ele>
			</trkpt>
			<trkpt lat="39.739459" lon="2.634507">
				<ele>440.000000</ele>
			</trkpt>
			<trkpt lat="39.739451" lon="2.634723">
				<ele>440.000000</ele>
			</trkpt>
			<trkpt lat="39.739431" lon="2.634857">
				<ele>440.000000</ele>
			</trkpt>
			<trkpt lat="39.739389" lon="2.634993">
				<ele>440.000000</ele>
			</trkpt>
			<trkpt lat="39.739286" lon="2.635172">
				<ele>440.000000</ele>
			</trkpt>
			<trkpt lat="39.739106" lon="2.635720">
				<ele>446.000000</ele>
			</trkpt>
			<trkpt lat="39.738989" lon="2.635936">
				<ele>451.000000</ele>
			</trkpt>
			<trkpt lat="39.739003" lon="2.635639">
				<ele>455.000000</ele>
			</trkpt>
			<trkpt lat="39.738947" lon="2.635486">
				<ele>458.000000</ele>
			</trkpt>
			<trkpt lat="39.738837" lon="2.635586">
				<ele>460.000000</ele>
			</trkpt>
			<trkpt lat="39.738775" lon="2.635190">
				<ele>467.000000</ele>
			</trkpt>
			<trkpt lat="39.738726" lon="2.634983">
				<ele>471.000000</ele>
			</trkpt>
			<trkpt lat="39.738678" lon="2.634794">
				<ele>475.000000</ele>
			</trkpt>
			<trkpt lat="39.738671" lon="2.634750">
				<ele>476.000000</ele>
			</trkpt>
			<trkpt lat="39.738636" lon="2.634498">
				<ele>481.000000</ele>
			</trkpt>
			<trkpt lat="39.738574" lon="2.634400">
				<ele>484.000000</ele>
			</trkpt>
			<trkpt lat="39.738540" lon="2.634238">
				<ele>489.000000</ele>
			</trkpt>
			<trkpt lat="39.738457" lon="2.634157">
				<ele>494.000000</ele>
			</trkpt>
			<trkpt lat="39.738360" lon="2.634138">
				<ele>500.000000</ele>
			</trkpt>
			<trkpt lat="39.738243" lon="2.634138">
				<ele>504.000000</ele>
			</trkpt>
			<trkpt lat="39.738243" lon="2.633986">
				<ele>508.000000</ele>
			</trkpt>
			<trkpt lat="39.738208" lon="2.633905">
				<ele>510.000000</ele>
			</trkpt>
			<trkpt lat="39.738201" lon="2.633771">
				<ele>513.000000</ele>
			</trkpt>
			<trkpt lat="39.738015" lon="2.633888">
				<ele>520.000000</ele>
			</trkpt>
			<trkpt lat="39.737938" lon="2.633924">
				<ele>522.000000</ele>
			</trkpt>
			<trkpt lat="39.737883" lon="2.633806">
				<ele>526.000000</ele>
			</trkpt>
			<trkpt lat="39.737842" lon="2.633861">
				<ele>528.000000</ele>
			</trkpt>
			<trkpt lat="39.737808" lon="2.633896">
				<ele>529.000000</ele>
			</trkpt>
			<trkpt lat="39.737683" lon="2.634148">
				<ele>534.000000</ele>
			</trkpt>
			<trkpt lat="39.737697" lon="2.634211">
				<ele>535.000000</ele>
			</trkpt>
			<trkpt lat="39.737662" lon="2.634427">
				<ele>538.000000</ele>
			</trkpt>
			<trkpt lat="39.737621" lon="2.634561">
				<ele>540.000000</ele>
			</trkpt>
			<trkpt lat="39.737524" lon="2.634704">
				<ele>543.000000</ele>
			</trkpt>
			<trkpt lat="39.737503" lon="2.634966">
				<ele>548.000000</ele>
			</trkpt>
			<trkpt lat="39.737448" lon="2.635136">
				<ele>552.000000</ele>
			</trkpt>
			<trkpt lat="39.737413" lon="2.635207">
				<ele>554.000000</ele>
			</trkpt>
			<trkpt lat="39.737324" lon="2.635270">
				<ele>559.000000</ele>
			</trkpt>
			<trkpt lat="39.737262" lon="2.635154">
				<ele>563.000000</ele>
			</trkpt>
			<trkpt lat="39.737165" lon="2.635046">
				<ele>568.000000</ele>
			</trkpt>
			<trkpt lat="39.737055" lon="2.635370">
				<ele>577.000000</ele>
			</trkpt>
			<trkpt lat="39.737041" lon="2.635469">
				<ele>580.000000</ele>
			</trkpt>
			<trkpt lat="39.736930" lon="2.635559">
				<ele>588.000000</ele>
			</trkpt>
			<trkpt lat="39.736785" lon="2.635244">
				<ele>598.000000</ele>
			</trkpt>
			<trkpt lat="39.736730" lon="2.635406">
				<ele>604.000000</ele>
			</trkpt>
			<trkpt lat="39.736640" lon="2.635567">
				<ele>611.000000</ele>
			</trkpt>
			<trkpt lat="39.736578" lon="2.635370">
				<ele>615.000000</ele>
			</trkpt>
			<trkpt lat="39.736571" lon="2.635244">
				<ele>617.000000</ele>
			</trkpt>
			<trkpt lat="39.736384" lon="2.634884">
				<ele>620.000000</ele>
			</trkpt>
			<trkpt lat="39.736419" lon="2.634750">
				<ele>620.000000</ele>
			</trkpt>
			<trkpt lat="39.736377" lon="2.634687">
				<ele>620.000000</ele>
			</trkpt>
			<trkpt lat="39.736426" lon="2.634607">
				<ele>620.000000</ele>
			</trkpt>
			<trkpt lat="39.736433" lon="2.634480">
				<ele>620.000000</ele>
			</trkpt>
			<trkpt lat="39.736260" lon="2.634031">
				<ele>628.000000</ele>
			</trkpt>
			<trkpt lat="39.736046" lon="2.633888">
				<ele>639.000000</ele>
			</trkpt>
			<trkpt lat="39.735942" lon="2.633851">
				<ele>640.000000</ele>
			</trkpt>
			<trkpt lat="39.735990" lon="2.634014">
				<ele>640.000000</ele>
			</trkpt>
			<trkpt lat="39.736122" lon="2.634201">
				<ele>640.000000</ele>
			</trkpt>
			<trkpt lat="39.736205" lon="2.634282">
				<ele>640.000000</ele>
			</trkpt>
			<trkpt lat="39.736191" lon="2.634408">
				<ele>640.000000</ele>
			</trkpt>
			<trkpt lat="39.736032" lon="2.634786">
				<ele>660.000000</ele>
			</trkpt>
			<trkpt lat="39.736025" lon="2.634974">
				<ele>664.000000</ele>
			</trkpt>
			<trkpt lat="39.736039" lon="2.635117">
				<ele>668.000000</ele>
			</trkpt>
			<trkpt lat="39.736018" lon="2.635297">
				<ele>672.000000</ele>
			</trkpt>
			<trkpt lat="39.736032" lon="2.635414">
				<ele>676.000000</ele>
			</trkpt>
			<trkpt lat="39.736005" lon="2.635809">
				<ele>692.000000</ele>
			</trkpt>
			<trkpt lat="39.736018" lon="2.635989">
				<ele>699.000000</ele>
			</trkpt>
			<trkpt lat="39.735921" lon="2.635953">
				<ele>706.000000</ele>
			</trkpt>
			<trkpt lat="39.735852" lon="2.635882">
				<ele>710.000000</ele>
			</trkpt>
			<trkpt lat="39.735825" lon="2.635738">
				<ele>710.000000</ele>
			</trkpt>
			<trkpt lat="39.735811" lon="2.635486">
				<ele>706.000000</ele>
			</trkpt>
			<trkpt lat="39.735749" lon="2.635226">
				<ele>702.000000</ele>
			</trkpt>
			<trkpt lat="39.735714" lon="2.634957">
				<ele>700.000000</ele>
			</trkpt>
			<trkpt lat="39.735611" lon="2.634930">
				<ele>707.000000</ele>
			</trkpt>
			<trkpt lat="39.735534" lon="2.634767">
				<ele>714.000000</ele>
			</trkpt>
			<trkpt lat="39.735494" lon="2.634678">
				<ele>716.000000</ele>
			</trkpt>
			<trkpt lat="39.735459" lon="2.634607">
				<ele>718.000000</ele>
			</trkpt>
			<trkpt lat="39.735376" lon="2.634490">
				<ele>723.000000</ele>
			</trkpt>
			<trkpt lat="39.735348" lon="2.634400">
				<ele>727.000000</ele>
			</trkpt>
			<trkpt lat="39.735266" lon="2.634364">
				<ele>731.000000</ele>
			</trkpt>
			<trkpt lat="39.735231" lon="2.634274">
				<ele>734.000000</ele>
			</trkpt>
			<trkpt lat="39.735038" lon="2.633986">
				<ele>745.000000</ele>
			</trkpt>
			<trkpt lat="39.734913" lon="2.633779">
				<ele>752.000000</ele>
			</trkpt>
			<trkpt lat="39.734879" lon="2.633869">
				<ele>756.000000</ele>
			</trkpt>
			<trkpt lat="39.734927" lon="2.634104">
				<ele>760.000000</ele>
			</trkpt>
			<trkpt lat="39.734982" lon="2.634220">
				<ele>760.000000</ele>
			</trkpt>
			<trkpt lat="39.735017" lon="2.634345">
				<ele>760.000000</ele>
			</trkpt>
			<trkpt lat="39.735051" lon="2.634804">
				<ele>769.000000</ele>
			</trkpt>
			<trkpt lat="39.734871" lon="2.634696">
				<ele>781.000000</ele>
			</trkpt>
			<trkpt lat="39.734671" lon="2.634391">
				<ele>790.000000</ele>
			</trkpt>
			<trkpt lat="39.734630" lon="2.634130">
				<ele>790.000000</ele>
			</trkpt>
			<trkpt lat="39.734643" lon="2.633951">
				<ele>790.000000</ele>
			</trkpt>
			<trkpt lat="39.734623" lon="2.633815">
				<ele>790.000000</ele>
			</trkpt>
			<trkpt lat="39.734540" lon="2.633735">
				<ele>790.000000</ele>
			</trkpt>
			<trkpt lat="39.734595" lon="2.633672">
				<ele>790.000000</ele>
			</trkpt>
			<trkpt lat="39.734526" lon="2.633555">
				<ele>790.000000</ele>
			</trkpt>
			<trkpt lat="39.734436" lon="2.633483">
				<ele>793.000000</ele>
			</trkpt>
			<trkpt lat="39.734256" lon="2.633393">
				<ele>808.000000</ele>
			</trkpt>
			<trkpt lat="39.734112" lon="2.633555">
				<ele>820.000000</ele>
			</trkpt>
			<trkpt lat="39.734105" lon="2.633628">
				<ele>820.000000</ele>
			</trkpt>
			<trkpt lat="39.734160" lon="2.633716">
				<ele>820.000000</ele>
			</trkpt>
			<trkpt lat="39.734208" lon="2.633861">
				<ele>820.000000</ele>
			</trkpt>
			<trkpt lat="39.734105" lon="2.633806">
				<ele>824.000000</ele>
			</trkpt>
			<trkpt lat="39.734008" lon="2.633896">
				<ele>831.000000</ele>
			</trkpt>
			<trkpt lat="39.733890" lon="2.633869">
				<ele>834.000000</ele>
			</trkpt>
			<trkpt lat="39.733842" lon="2.633779">
				<ele>837.000000</ele>
			</trkpt>
			<trkpt lat="39.733800" lon="2.633752">
				<ele>838.000000</ele>
			</trkpt>
			<trkpt lat="39.733752" lon="2.633716">
				<ele>840.000000</ele>
			</trkpt>
			<trkpt lat="39.733718" lon="2.633672">
				<ele>841.000000</ele>
			</trkpt>
			<trkpt lat="39.733670" lon="2.633591">
				<ele>843.000000</ele>
			</trkpt>
			<trkpt lat="39.733621" lon="2.633528">
				<ele>845.000000</ele>
			</trkpt>
			<trkpt lat="39.733580" lon="2.633528">
				<ele>846.000000</ele>
			</trkpt>
			<trkpt lat="39.733545" lon="2.633538">
				<ele>847.000000</ele>
			</trkpt>
			<trkpt lat="39.733490" lon="2.633538">
				<ele>849.000000</ele>
			</trkpt>
			<trkpt lat="39.733448" lon="2.633564">
				<ele>850.000000</ele>
			</trkpt>
			<trkpt lat="39.733442" lon="2.633591">
				<ele>850.000000</ele>
			</trkpt>
			<trkpt lat="39.733414" lon="2.633609">
				<ele>851.000000</ele>
			</trkpt>
			<trkpt lat="39.733373" lon="2.633609">
				<ele>851.000000</ele>
			</trkpt>
			<trkpt lat="39.733338" lon="2.633609">
				<ele>852.000000</ele>
			</trkpt>
			<trkpt lat="39.733304" lon="2.633645">
				<ele>853.000000</ele>
			</trkpt>
			<trkpt lat="39.733269" lon="2.633636">
				<ele>854.000000</ele>
			</trkpt>
			<trkpt lat="39.733206" lon="2.633636">
				<ele>855.000000</ele>
			</trkpt>
			<trkpt lat="39.733172" lon="2.633618">
				<ele>856.000000</ele>
			</trkpt>
			<trkpt lat="39.733082" lon="2.633618">
				<ele>858.000000</ele>
			</trkpt>
			<trkpt lat="39.733013" lon="2.633538">
				<ele>860.000000</ele>
			</trkpt>
			<trkpt lat="39.732944" lon="2.633501">
				<ele>862.000000</ele>
			</trkpt>
			<trkpt lat="39.732882" lon="2.633483">
				<ele>864.000000</ele>
			</trkpt>
			<trkpt lat="39.732779" lon="2.633483">
				<ele>866.000000</ele>
			</trkpt>
			<trkpt lat="39.732737" lon="2.633375">
				<ele>869.000000</ele>
			</trkpt>
			<trkpt lat="39.732681" lon="2.633249">
				<ele>872.000000</ele>
			</trkpt>
			<trkpt lat="39.732530" lon="2.632999">
				<ele>878.000000</ele>
			</trkpt>
			<trkpt lat="39.732453" lon="2.632953">
				<ele>880.000000</ele>
			</trkpt>
			<trkpt lat="39.732398" lon="2.632953">
				<ele>882.000000</ele>
			</trkpt>
			<trkpt lat="39.732364" lon="2.632917">
				<ele>883.000000</ele>
			</trkpt>
			<trkpt lat="39.732302" lon="2.632899">
				<ele>884.000000</ele>
			</trkpt>
			<trkpt lat="39.732205" lon="2.632792">
				<ele>887.000000</ele>
			</trkpt>
			<trkpt lat="39.732122" lon="2.632683">
				<ele>890.000000</ele>
			</trkpt>
			<trkpt lat="39.731963" lon="2.632603">
				<ele>893.000000</ele>
			</trkpt>
			<trkpt lat="39.731936" lon="2.632557">
				<ele>894.000000</ele>
			</trkpt>
			<trkpt lat="39.731867" lon="2.632513">
				<ele>895.000000</ele>
			</trkpt>
			<trkpt lat="39.731811" lon="2.632530">
				<ele>896.000000</ele>
			</trkpt>
			<trkpt lat="39.731756" lon="2.632530">
				<ele>897.000000</ele>
			</trkpt>
			<trkpt lat="39.731659" lon="2.632513">
				<ele>899.000000</ele>
			</trkpt>
			<trkpt lat="39.731570" lon="2.632467">
				<ele>900.000000</ele>
			</trkpt>
			<trkpt lat="39.731438" lon="2.632414">
				<ele>903.000000</ele>
			</trkpt>
			<trkpt lat="39.731334" lon="2.632387">
				<ele>906.000000</ele>
			</trkpt>
			<trkpt lat="39.731231" lon="2.632406">
				<ele>908.000000</ele>
			</trkpt>
			<trkpt lat="39.731106" lon="2.632406">
				<ele>910.000000</ele>
			</trkpt>
			<trkpt lat="39.731051" lon="2.632414">
				<ele>911.000000</ele>
			</trkpt>
			<trkpt lat="39.731024" lon="2.632441">
				<ele>911.000000</ele>
			</trkpt>
			<trkpt lat="39.730941" lon="2.632441">
				<ele>911.000000</ele>
			</trkpt>
			<trkpt lat="39.730913" lon="2.632496">
				<ele>911.000000</ele>
			</trkpt>
			<trkpt lat="39.730761" lon="2.632603">
				<ele>912.000000</ele>
			</trkpt>
			<trkpt lat="39.730658" lon="2.632693">
				<ele>913.000000</ele>
			</trkpt>
			<trkpt lat="39.730554" lon="2.632792">
				<ele>913.000000</ele>
			</trkpt>
			<trkpt lat="39.730512" lon="2.632890">
				<ele>914.000000</ele>
			</trkpt>
			<trkpt lat="39.730485" lon="2.633025">
				<ele>914.000000</ele>
			</trkpt>
			<trkpt lat="39.730388" lon="2.633186">
				<ele>915.000000</ele>
			</trkpt>
			<trkpt lat="39.730367" lon="2.633295">
				<ele>915.000000</ele>
			</trkpt>
			<trkpt lat="39.730333" lon="2.633483">
				<ele>916.000000</ele>
			</trkpt>
			<trkpt lat="39.730277" lon="2.633825">
				<ele>917.000000</ele>
			</trkpt>
			<trkpt lat="39.730208" lon="2.634094">
				<ele>918.000000</ele>
			</trkpt>
			<trkpt lat="39.730181" lon="2.634274">
				<ele>919.000000</ele>
			</trkpt>
			<trkpt lat="39.730118" lon="2.634417">
				<ele>919.000000</ele>
			</trkpt>
			<trkpt lat="39.729967" lon="2.634624">
				<ele>920.000000</ele>
			</trkpt>
			<trkpt lat="39.729870" lon="2.634804">
				<ele>920.000000</ele>
			</trkpt>
			<trkpt lat="39.729808" lon="2.634993">
				<ele>920.000000</ele>
			</trkpt>
			<trkpt lat="39.729801" lon="2.635046">
				<ele>920.000000</ele>
			</trkpt>
			<trkpt lat="39.729766" lon="2.635289">
				<ele>920.000000</ele>
			</trkpt>
			<trkpt lat="39.729476" lon="2.635773">
				<ele>920.000000</ele>
			</trkpt>
			<trkpt lat="39.729234" lon="2.635819">
				<ele>920.000000</ele>
			</trkpt>
			<trkpt lat="39.729234" lon="2.635882">
				<ele>920.000000</ele>
			</trkpt>
			<trkpt lat="39.729296" lon="2.636025">
				<ele>920.000000</ele>
			</trkpt>
			<trkpt lat="39.729400" lon="2.636125">
				<ele>920.000000</ele>
			</trkpt>
			<trkpt lat="39.729441" lon="2.636295">
				<ele>920.000000</ele>
			</trkpt>
			<trkpt lat="39.729518" lon="2.636609">
				<ele>920.000000</ele>
			</trkpt>
			<trkpt lat="39.729635" lon="2.637104">
				<ele>917.000000</ele>
			</trkpt>
			<trkpt lat="39.729607" lon="2.637157">
				<ele>917.000000</ele>
			</trkpt>
			<trkpt lat="39.729545" lon="2.637175">
				<ele>917.000000</ele>
			</trkpt>
			<trkpt lat="39.729310" lon="2.637211">
				<ele>915.000000</ele>
			</trkpt>
			<trkpt lat="39.729027" lon="2.637265">
				<ele>913.000000</ele>
			</trkpt>
			<trkpt lat="39.729013" lon="2.637301">
				<ele>913.000000</ele>
			</trkpt>
			<trkpt lat="39.729048" lon="2.637471">
				<ele>912.000000</ele>
			</trkpt>
			<trkpt lat="39.729041" lon="2.637588">
				<ele>911.000000</ele>
			</trkpt>
			<trkpt lat="39.729062" lon="2.637840">
				<ele>910.000000</ele>
			</trkpt>
			<trkpt lat="39.728757" lon="2.638163">
				<ele>908.000000</ele>
			</trkpt>
			<trkpt lat="39.728378" lon="2.638513">
				<ele>905.000000</ele>
			</trkpt>
			<trkpt lat="39.728260" lon="2.638658">
				<ele>904.000000</ele>
			</trkpt>
			<trkpt lat="39.728219" lon="2.638748">
				<ele>903.000000</ele>
			</trkpt>
			<trkpt lat="39.728336" lon="2.639169">
				<ele>901.000000</ele>
			</trkpt>
			<trkpt lat="39.728274" lon="2.639817">
				<ele>897.000000</ele>
			</trkpt>
			<trkpt lat="39.728295" lon="2.640247">
				<ele>893.000000</ele>
			</trkpt>
			<trkpt lat="39.728301" lon="2.640427">
				<ele>892.000000</ele>
			</trkpt>
			<trkpt lat="39.728288" lon="2.640570">
				<ele>891.000000</ele>
			</trkpt>
			<trkpt lat="39.728343" lon="2.641092">
				<ele>890.000000</ele>
			</trkpt>
			<trkpt lat="39.728398" lon="2.641765">
				<ele>890.000000</ele>
			</trkpt>
			<trkpt lat="39.728488" lon="2.642044">
				<ele>890.000000</ele>
			</trkpt>
			<trkpt lat="39.728592" lon="2.642260">
				<ele>890.000000</ele>
			</trkpt>
			<trkpt lat="39.728661" lon="2.642467">
				<ele>890.000000</ele>
			</trkpt>
			<trkpt lat="39.728737" lon="2.642664">
				<ele>890.000000</ele>
			</trkpt>
			<trkpt lat="39.728834" lon="2.642888">
				<ele>890.000000</ele>
			</trkpt>
			<trkpt lat="39.728937" lon="2.643149">
				<ele>890.000000</ele>
			</trkpt>
			<trkpt lat="39.728978" lon="2.643257">
				<ele>890.000000</ele>
			</trkpt>
			<trkpt lat="39.729048" lon="2.643392">
				<ele>890.000000</ele>
			</trkpt>
			<trkpt lat="39.729075" lon="2.643473">
				<ele>890.000000</ele>
			</trkpt>
			<trkpt lat="39.729137" lon="2.643599">
				<ele>890.000000</ele>
			</trkpt>
			<trkpt lat="39.729227" lon="2.643742">
				<ele>890.000000</ele>
			</trkpt>
			<trkpt lat="39.729331" lon="2.643841">
				<ele>890.000000</ele>
			</trkpt>
			<trkpt lat="39.729393" lon="2.643886">
				<ele>890.000000</ele>
			</trkpt>
			<trkpt lat="39.729476" lon="2.643886">
				<ele>890.000000</ele>
			</trkpt>
			<trkpt lat="39.729600" lon="2.643868">
				<ele>890.000000</ele>
			</trkpt>
			<trkpt lat="39.729662" lon="2.643849">
				<ele>890.000000</ele>
			</trkpt>
			<trkpt lat="39.729752" lon="2.643849">
				<ele>890.000000</ele>
			</trkpt>
			<trkpt lat="39.729801" lon="2.643859">
				<ele>890.000000</ele>
			</trkpt>
			<trkpt lat="39.729815" lon="2.643912">
				<ele>890.000000</ele>
			</trkpt>
			<trkpt lat="39.729828" lon="2.644012">
				<ele>890.000000</ele>
			</trkpt>
			<trkpt lat="39.729863" lon="2.644254">
				<ele>891.000000</ele>
			</trkpt>
			<trkpt lat="39.729897" lon="2.644325">
				<ele>892.000000</ele>
			</trkpt>
			<trkpt lat="39.729939" lon="2.644335">
				<ele>892.000000</ele>
			</trkpt>
			<trkpt lat="39.729967" lon="2.644299">
				<ele>892.000000</ele>
			</trkpt>
			<trkpt lat="39.730008" lon="2.644281">
				<ele>893.000000</ele>
			</trkpt>
			<trkpt lat="39.730049" lon="2.644299">
				<ele>893.000000</ele>
			</trkpt>
			<trkpt lat="39.730091" lon="2.644352">
				<ele>893.000000</ele>
			</trkpt>
			<trkpt lat="39.730118" lon="2.644478">
				<ele>894.000000</ele>
			</trkpt>
			<trkpt lat="39.730146" lon="2.644784">
				<ele>896.000000</ele>
			</trkpt>
			<trkpt lat="39.730174" lon="2.644964">
				<ele>897.000000</ele>
			</trkpt>
			<trkpt lat="39.730271" lon="2.645117">
				<ele>898.000000</ele>
			</trkpt>
			<trkpt lat="39.730367" lon="2.645188">
				<ele>898.000000</ele>
			</trkpt>
			<trkpt lat="39.730436" lon="2.645323">
				<ele>899.000000</ele>
			</trkpt>
			<trkpt lat="39.730499" lon="2.645440">
				<ele>900.000000</ele>
			</trkpt>
			<trkpt lat="39.730533" lon="2.645538">
				<ele>901.000000</ele>
			</trkpt>
			<trkpt lat="39.730540" lon="2.645691">
				<ele>903.000000</ele>
			</trkpt>
			<trkpt lat="39.730630" lon="2.645836">
				<ele>905.000000</ele>
			</trkpt>
			<trkpt lat="39.730823" lon="2.646050">
				<ele>908.000000</ele>
			</trkpt>
			<trkpt lat="39.730886" lon="2.646113">
				<ele>909.000000</ele>
			</trkpt>
			<trkpt lat="39.730941" lon="2.646203">
				<ele>911.000000</ele>
			</trkpt>
			<trkpt lat="39.730968" lon="2.646212">
				<ele>911.000000</ele>
			</trkpt>
			<trkpt lat="39.730982" lon="2.646113">
				<ele>913.000000</ele>
			</trkpt>
			<trkpt lat="39.730996" lon="2.646104">
				<ele>913.000000</ele>
			</trkpt>
			<trkpt lat="39.731017" lon="2.646132">
				<ele>913.000000</ele>
			</trkpt>
			<trkpt lat="39.731051" lon="2.646230">
				<ele>915.000000</ele>
			</trkpt>
			<trkpt lat="39.731155" lon="2.646365">
				<ele>918.000000</ele>
			</trkpt>
			<trkpt lat="39.731231" lon="2.646410">
				<ele>920.000000</ele>
			</trkpt>
			<trkpt lat="39.731293" lon="2.646446">
				<ele>920.000000</ele>
			</trkpt>
			<trkpt lat="39.731362" lon="2.646473">
				<ele>920.000000</ele>
			</trkpt>
			<trkpt lat="39.731424" lon="2.646509">
				<ele>920.000000</ele>
			</trkpt>
			<trkpt lat="39.731459" lon="2.646572">
				<ele>920.000000</ele>
			</trkpt>
			<trkpt lat="39.731480" lon="2.646662">
				<ele>920.000000</ele>
			</trkpt>
			<trkpt lat="39.731493" lon="2.646805">
				<ele>920.000000</ele>
			</trkpt>
			<trkpt lat="39.731528" lon="2.646958">
				<ele>920.000000</ele>
			</trkpt>
			<trkpt lat="39.731555" lon="2.647057">
				<ele>920.000000</ele>
			</trkpt>
			<trkpt lat="39.731570" lon="2.647236">
				<ele>920.000000</ele>
			</trkpt>
			<trkpt lat="39.731590" lon="2.647254">
				<ele>920.000000</ele>
			</trkpt>
			<trkpt lat="39.731673" lon="2.647201">
				<ele>920.000000</ele>
			</trkpt>
			<trkpt lat="39.731728" lon="2.647218">
				<ele>920.000000</ele>
			</trkpt>
			<trkpt lat="39.731790" lon="2.647291">
				<ele>920.000000</ele>
			</trkpt>
			<trkpt lat="39.731887" lon="2.647335">
				<ele>920.000000</ele>
			</trkpt>
			<trkpt lat="39.731901" lon="2.647389">
				<ele>920.000000</ele>
			</trkpt>
			<trkpt lat="39.731867" lon="2.647505">
				<ele>920.000000</ele>
			</trkpt>
			<trkpt lat="39.731804" lon="2.647631">
				<ele>920.000000</ele>
			</trkpt>
			<trkpt lat="39.731804" lon="2.647650">
				<ele>920.000000</ele>
			</trkpt>
			<trkpt lat="39.731873" lon="2.647712">
				<ele>918.000000</ele>
			</trkpt>
			<trkpt lat="39.732032" lon="2.647865">
				<ele>913.000000</ele>
			</trkpt>
			<trkpt lat="39.732191" lon="2.647991">
				<ele>910.000000</ele>
			</trkpt>
			<trkpt lat="39.732378" lon="2.648153">
				<ele>908.000000</ele>
			</trkpt>
			<trkpt lat="39.732364" lon="2.648180">
				<ele>907.000000</ele>
			</trkpt>
			<trkpt lat="39.732288" lon="2.648270">
				<ele>906.000000</ele>
			</trkpt>
			<trkpt lat="39.732170" lon="2.648360">
				<ele>905.000000</ele>
			</trkpt>
			<trkpt lat="39.732053" lon="2.648457">
				<ele>904.000000</ele>
			</trkpt>
			<trkpt lat="39.731956" lon="2.648566">
				<ele>902.000000</ele>
			</trkpt>
			<trkpt lat="39.731839" lon="2.648620">
				<ele>901.000000</ele>
			</trkpt>
			<trkpt lat="39.731687" lon="2.648692">
				<ele>899.000000</ele>
			</trkpt>
			<trkpt lat="39.731673" lon="2.648719">
				<ele>899.000000</ele>
			</trkpt>
			<trkpt lat="39.731708" lon="2.648809">
				<ele>897.000000</ele>
			</trkpt>
			<trkpt lat="39.731783" lon="2.649078">
				<ele>894.000000</ele>
			</trkpt>
			<trkpt lat="39.731908" lon="2.649491">
				<ele>890.000000</ele>
			</trkpt>
			<trkpt lat="39.731991" lon="2.649796">
				<ele>890.000000</ele>
			</trkpt>
			<trkpt lat="39.732032" lon="2.649958">
				<ele>890.000000</ele>
			</trkpt>
			<trkpt lat="39.732060" lon="2.650165">
				<ele>890.000000</ele>
			</trkpt>
			<trkpt lat="39.732018" lon="2.650515">
				<ele>890.000000</ele>
			</trkpt>
			<trkpt lat="39.731936" lon="2.651010">
				<ele>890.000000</ele>
			</trkpt>
			<trkpt lat="39.731963" lon="2.651530">
				<ele>890.000000</ele>
			</trkpt>
			<trkpt lat="39.731949" lon="2.651881">
				<ele>890.000000</ele>
			</trkpt>
			<trkpt lat="39.731880" lon="2.651970">
				<ele>890.000000</ele>
			</trkpt>
			<trkpt lat="39.731783" lon="2.652033">
				<ele>890.000000</ele>
			</trkpt>
			<trkpt lat="39.731631" lon="2.652115">
				<ele>890.000000</ele>
			</trkpt>
			<trkpt lat="39.731521" lon="2.652149">
				<ele>890.000000</ele>
			</trkpt>
			<trkpt lat="39.731438" lon="2.652204">
				<ele>890.000000</ele>
			</trkpt>
			<trkpt lat="39.731362" lon="2.652312">
				<ele>890.000000</ele>
			</trkpt>
			<trkpt lat="39.731224" lon="2.652348">
				<ele>890.000000</ele>
			</trkpt>
			<trkpt lat="39.730975" lon="2.652204">
				<ele>890.000000</ele>
			</trkpt>
			<trkpt lat="39.730733" lon="2.652078">
				<ele>890.000000</ele>
			</trkpt>
			<trkpt lat="39.730554" lon="2.652006">
				<ele>887.000000</ele>
			</trkpt>
			<trkpt lat="39.730167" lon="2.651763">
				<ele>880.000000</ele>
			</trkpt>
			<trkpt lat="39.730118" lon="2.651763">
				<ele>879.000000</ele>
			</trkpt>
			<trkpt lat="39.729987" lon="2.651908">
				<ele>878.000000</ele>
			</trkpt>
			<trkpt lat="39.729974" lon="2.651728">
				<ele>877.000000</ele>
			</trkpt>
			<trkpt lat="39.729946" lon="2.651602">
				<ele>876.000000</ele>
			</trkpt>
			<trkpt lat="39.729828" lon="2.651836">
				<ele>874.000000</ele>
			</trkpt>
			<trkpt lat="39.729677" lon="2.652025">
				<ele>872.000000</ele>
			</trkpt>
			<trkpt lat="39.729677" lon="2.651853">
				<ele>871.000000</ele>
			</trkpt>
			<trkpt lat="39.729642" lon="2.651566">
				<ele>867.000000</ele>
			</trkpt>
			<trkpt lat="39.729407" lon="2.651728">
				<ele>862.000000</ele>
			</trkpt>
			<trkpt lat="39.729241" lon="2.651719">
				<ele>858.000000</ele>
			</trkpt>
			<trkpt lat="39.728993" lon="2.651584">
				<ele>849.000000</ele>
			</trkpt>
			<trkpt lat="39.728916" lon="2.651386">
				<ele>843.000000</ele>
			</trkpt>
			<trkpt lat="39.728771" lon="2.651107">
				<ele>834.000000</ele>
			</trkpt>
			<trkpt lat="39.728730" lon="2.651073">
				<ele>833.000000</ele>
			</trkpt>
			<trkpt lat="39.728661" lon="2.650983">
				<ele>829.000000</ele>
			</trkpt>
			<trkpt lat="39.728557" lon="2.650847">
				<ele>825.000000</ele>
			</trkpt>
			<trkpt lat="39.728460" lon="2.650686">
				<ele>820.000000</ele>
			</trkpt>
			<trkpt lat="39.728322" lon="2.650857">
				<ele>819.000000</ele>
			</trkpt>
			<trkpt lat="39.728281" lon="2.651018">
				<ele>818.000000</ele>
			</trkpt>
			<trkpt lat="39.728246" lon="2.651046">
				<ele>818.000000</ele>
			</trkpt>
			<trkpt lat="39.728225" lon="2.650956">
				<ele>818.000000</ele>
			</trkpt>
			<trkpt lat="39.728177" lon="2.651018">
				<ele>817.000000</ele>
			</trkpt>
			<trkpt lat="39.728163" lon="2.651197">
				<ele>816.000000</ele>
			</trkpt>
			<trkpt lat="39.728177" lon="2.651404">
				<ele>815.000000</ele>
			</trkpt>
			<trkpt lat="39.728219" lon="2.651692">
				<ele>814.000000</ele>
			</trkpt>
			<trkpt lat="39.728232" lon="2.651872">
				<ele>813.000000</ele>
			</trkpt>
			<trkpt lat="39.728219" lon="2.652042">
				<ele>813.000000</ele>
			</trkpt>
			<trkpt lat="39.728205" lon="2.652186">
				<ele>812.000000</ele>
			</trkpt>
			<trkpt lat="39.728212" lon="2.652258">
				<ele>812.000000</ele>
			</trkpt>
			<trkpt lat="39.728240" lon="2.652365">
				<ele>811.000000</ele>
			</trkpt>
			<trkpt lat="39.728225" lon="2.652599">
				<ele>810.000000</ele>
			</trkpt>
			<trkpt lat="39.728198" lon="2.652815">
				<ele>810.000000</ele>
			</trkpt>
			<trkpt lat="39.728198" lon="2.652905">
				<ele>810.000000</ele>
			</trkpt>
			<trkpt lat="39.728191" lon="2.653120">
				<ele>810.000000</ele>
			</trkpt>
			<trkpt lat="39.728253" lon="2.653354">
				<ele>810.000000</ele>
			</trkpt>
			<trkpt lat="39.728384" lon="2.653660">
				<ele>813.000000</ele>
			</trkpt>
			<trkpt lat="39.728474" lon="2.653803">
				<ele>816.000000</ele>
			</trkpt>
			<trkpt lat="39.728578" lon="2.654036">
				<ele>820.000000</ele>
			</trkpt>
			<trkpt lat="39.728564" lon="2.654189">
				<ele>820.000000</ele>
			</trkpt>
			<trkpt lat="39.728550" lon="2.654306">
				<ele>820.000000</ele>
			</trkpt>
			<trkpt lat="39.728453" lon="2.654289">
				<ele>820.000000</ele>
			</trkpt>
			<trkpt lat="39.728267" lon="2.654099">
				<ele>816.000000</ele>
			</trkpt>
			<trkpt lat="39.728184" lon="2.654252">
				<ele>813.000000</ele>
			</trkpt>
			<trkpt lat="39.728004" lon="2.654207">
				<ele>809.000000</ele>
			</trkpt>
			<trkpt lat="39.727873" lon="2.654199">
				<ele>806.000000</ele>
			</trkpt>
			<trkpt lat="39.727625" lon="2.654172">
				<ele>800.000000</ele>
			</trkpt>
			<trkpt lat="39.727521" lon="2.654144">
				<ele>798.000000</ele>
			</trkpt>
			<trkpt lat="39.727424" lon="2.654153">
				<ele>796.000000</ele>
			</trkpt>
			<trkpt lat="39.727328" lon="2.654162">
				<ele>795.000000</ele>
			</trkpt>
			<trkpt lat="39.727182" lon="2.654153">
				<ele>792.000000</ele>
			</trkpt>
			<trkpt lat="39.727120" lon="2.654109">
				<ele>791.000000</ele>
			</trkpt>
			<trkpt lat="39.727134" lon="2.654000">
				<ele>790.000000</ele>
			</trkpt>
			<trkpt lat="39.727196" lon="2.653937">
				<ele>788.000000</ele>
			</trkpt>
			<trkpt lat="39.727314" lon="2.653857">
				<ele>787.000000</ele>
			</trkpt>
			<trkpt lat="39.727383" lon="2.653830">
				<ele>786.000000</ele>
			</trkpt>
			<trkpt lat="39.727583" lon="2.653614">
				<ele>782.000000</ele>
			</trkpt>
			<trkpt lat="39.727521" lon="2.653534">
				<ele>781.000000</ele>
			</trkpt>
			<trkpt lat="39.727182" lon="2.653516">
				<ele>774.000000</ele>
			</trkpt>
			<trkpt lat="39.727002" lon="2.653399">
				<ele>768.000000</ele>
			</trkpt>
			<trkpt lat="39.726864" lon="2.653300">
				<ele>762.000000</ele>
			</trkpt>
			<trkpt lat="39.726740" lon="2.653220">
				<ele>759.000000</ele>
			</trkpt>
			<trkpt lat="39.726671" lon="2.653157">
				<ele>758.000000</ele>
			</trkpt>
			<trkpt lat="39.726588" lon="2.653157">
				<ele>757.000000</ele>
			</trkpt>
			<trkpt lat="39.726512" lon="2.653228">
				<ele>756.000000</ele>
			</trkpt>
			<trkpt lat="39.726402" lon="2.653444">
				<ele>753.000000</ele>
			</trkpt>
			<trkpt lat="39.726360" lon="2.653444">
				<ele>753.000000</ele>
			</trkpt>
			<trkpt lat="39.726318" lon="2.653426">
				<ele>752.000000</ele>
			</trkpt>
			<trkpt lat="39.726298" lon="2.653318">
				<ele>751.000000</ele>
			</trkpt>
			<trkpt lat="39.726326" lon="2.653183">
				<ele>748.000000</ele>
			</trkpt>
			<trkpt lat="39.726339" lon="2.653094">
				<ele>743.000000</ele>
			</trkpt>
			<trkpt lat="39.726374" lon="2.652968">
				<ele>739.000000</ele>
			</trkpt>
			<trkpt lat="39.726374" lon="2.652931">
				<ele>739.000000</ele>
			</trkpt>
			<trkpt lat="39.726326" lon="2.652887">
				<ele>738.000000</ele>
			</trkpt>
			<trkpt lat="39.726408" lon="2.652644">
				<ele>739.000000</ele>
			</trkpt>
			<trkpt lat="39.726533" lon="2.652591">
				<ele>739.000000</ele>
			</trkpt>
			<trkpt lat="39.726761" lon="2.652958">
				<ele>751.000000</ele>
			</trkpt>
			<trkpt lat="39.726927" lon="2.653120">
				<ele>759.000000</ele>
			</trkpt>
			<trkpt lat="39.727079" lon="2.653174">
				<ele>760.000000</ele>
			</trkpt>
			<trkpt lat="39.727148" lon="2.653084">
				<ele>760.000000</ele>
			</trkpt>
			<trkpt lat="39.727161" lon="2.653067">
				<ele>760.000000</ele>
			</trkpt>
			<trkpt lat="39.727134" lon="2.652851">
				<ele>760.000000</ele>
			</trkpt>
			<trkpt lat="39.727161" lon="2.652797">
				<ele>760.000000</ele>
			</trkpt>
			<trkpt lat="39.727224" lon="2.652824">
				<ele>760.000000</ele>
			</trkpt>
			<trkpt lat="39.727244" lon="2.652914">
				<ele>760.000000</ele>
			</trkpt>
			<trkpt lat="39.727286" lon="2.652895">
				<ele>760.000000</ele>
			</trkpt>
			<trkpt lat="39.727272" lon="2.652447">
				<ele>760.000000</ele>
			</trkpt>
			<trkpt lat="39.727161" lon="2.651908">
				<ele>760.000000</ele>
			</trkpt>
			<trkpt lat="39.727086" lon="2.651673">
				<ele>760.000000</ele>
			</trkpt>
			<trkpt lat="39.727100" lon="2.651620">
				<ele>760.000000</ele>
			</trkpt>
			<trkpt lat="39.727251" lon="2.651612">
				<ele>760.000000</ele>
			</trkpt>
			<trkpt lat="39.727300" lon="2.651503">
				<ele>760.000000</ele>
			</trkpt>
			<trkpt lat="39.727127" lon="2.651117">
				<ele>759.000000</ele>
			</trkpt>
			<trkpt lat="39.726989" lon="2.651036">
				<ele>752.000000</ele>
			</trkpt>
			<trkpt lat="39.726747" lon="2.650830">
				<ele>739.000000</ele>
			</trkpt>
			<trkpt lat="39.726623" lon="2.650507">
				<ele>728.000000</ele>
			</trkpt>
			<trkpt lat="39.726609" lon="2.650111">
				<ele>722.000000</ele>
			</trkpt>
			<trkpt lat="39.726546" lon="2.649976">
				<ele>719.000000</ele>
			</trkpt>
			<trkpt lat="39.726408" lon="2.649752">
				<ele>711.000000</ele>
			</trkpt>
			<trkpt lat="39.726381" lon="2.649329">
				<ele>704.000000</ele>
			</trkpt>
			<trkpt lat="39.725925" lon="2.648880">
				<ele>697.000000</ele>
			</trkpt>
			<trkpt lat="39.725634" lon="2.648683">
				<ele>693.000000</ele>
			</trkpt>
			<trkpt lat="39.725642" lon="2.648512">
				<ele>692.000000</ele>
			</trkpt>
			<trkpt lat="39.725345" lon="2.648287">
				<ele>684.000000</ele>
			</trkpt>
			<trkpt lat="39.725276" lon="2.648386">
				<ele>681.000000</ele>
			</trkpt>
			<trkpt lat="39.724999" lon="2.648197">
				<ele>671.000000</ele>
			</trkpt>
			<trkpt lat="39.724812" lon="2.648207">
				<ele>663.000000</ele>
			</trkpt>
			<trkpt lat="39.724653" lon="2.648161">
				<ele>657.000000</ele>
			</trkpt>
			<trkpt lat="39.724398" lon="2.647910">
				<ele>648.000000</ele>
			</trkpt>
			<trkpt lat="39.724177" lon="2.647712">
				<ele>641.000000</ele>
			</trkpt>
			<trkpt lat="39.723603" lon="2.646904">
				<ele>627.000000</ele>
			</trkpt>
			<trkpt lat="39.723099" lon="2.646104">
				<ele>613.000000</ele>
			</trkpt>
			<trkpt lat="39.722885" lon="2.645925">
				<ele>608.000000</ele>
			</trkpt>
			<trkpt lat="39.723072" lon="2.646616">
				<ele>595.000000</ele>
			</trkpt>
			<trkpt lat="39.723058" lon="2.646715">
				<ele>593.000000</ele>
			</trkpt>
			<trkpt lat="39.722933" lon="2.646599">
				<ele>590.000000</ele>
			</trkpt>
			<trkpt lat="39.722602" lon="2.646312">
				<ele>578.000000</ele>
			</trkpt>
			<trkpt lat="39.722311" lon="2.645925">
				<ele>570.000000</ele>
			</trkpt>
			<trkpt lat="39.722242" lon="2.645933">
				<ele>568.000000</ele>
			</trkpt>
			<trkpt lat="39.722235" lon="2.646491">
				<ele>560.000000</ele>
			</trkpt>
			<trkpt lat="39.722380" lon="2.646985">
				<ele>560.000000</ele>
			</trkpt>
			<trkpt lat="39.722470" lon="2.647281">
				<ele>560.000000</ele>
			</trkpt>
			<trkpt lat="39.722457" lon="2.647335">
				<ele>560.000000</ele>
			</trkpt>
			<trkpt lat="39.722443" lon="2.647415">
				<ele>560.000000</ele>
			</trkpt>
			<trkpt lat="39.722319" lon="2.647505">
				<ele>560.000000</ele>
			</trkpt>
			<trkpt lat="39.722208" lon="2.647415">
				<ele>560.000000</ele>
			</trkpt>
			<trkpt lat="39.722077" lon="2.647084">
				<ele>556.000000</ele>
			</trkpt>
			<trkpt lat="39.721918" lon="2.646796">
				<ele>552.000000</ele>
			</trkpt>
			<trkpt lat="39.721704" lon="2.646473">
				<ele>546.000000</ele>
			</trkpt>
			<trkpt lat="39.721627" lon="2.646356">
				<ele>544.000000</ele>
			</trkpt>
			<trkpt lat="39.721448" lon="2.646249">
				<ele>539.000000</ele>
			</trkpt>
			<trkpt lat="39.721323" lon="2.646212">
				<ele>538.000000</ele>
			</trkpt>
			<trkpt lat="39.721123" lon="2.646176">
				<ele>536.000000</ele>
			</trkpt>
			<trkpt lat="39.720937" lon="2.646023">
				<ele>534.000000</ele>
			</trkpt>
			<trkpt lat="39.720819" lon="2.645907">
				<ele>533.000000</ele>
			</trkpt>
			<trkpt lat="39.720743" lon="2.645790">
				<ele>531.000000</ele>
			</trkpt>
			<trkpt lat="39.720694" lon="2.645836">
				<ele>531.000000</ele>
			</trkpt>
			<trkpt lat="39.720563" lon="2.645799">
				<ele>530.000000</ele>
			</trkpt>
			<trkpt lat="39.720314" lon="2.645799">
				<ele>530.000000</ele>
			</trkpt>
			<trkpt lat="39.720287" lon="2.645773">
				<ele>530.000000</ele>
			</trkpt>
			<trkpt lat="39.719900" lon="2.645566">
				<ele>526.000000</ele>
			</trkpt>
			<trkpt lat="39.719797" lon="2.645503">
				<ele>525.000000</ele>
			</trkpt>
			<trkpt lat="39.719617" lon="2.645404">
				<ele>523.000000</ele>
			</trkpt>
			<trkpt lat="39.719430" lon="2.645296">
				<ele>521.000000</ele>
			</trkpt>
			<trkpt lat="39.719250" lon="2.645107">
				<ele>518.000000</ele>
			</trkpt>
			<trkpt lat="39.718967" lon="2.644765">
				<ele>511.000000</ele>
			</trkpt>
			<trkpt lat="39.718802" lon="2.644604">
				<ele>508.000000</ele>
			</trkpt>
			<trkpt lat="39.718746" lon="2.644559">
				<ele>508.000000</ele>
			</trkpt>
			<trkpt lat="39.718622" lon="2.644434">
				<ele>506.000000</ele>
			</trkpt>
			<trkpt lat="39.718511" lon="2.644308">
				<ele>504.000000</ele>
			</trkpt>
			<trkpt lat="39.718386" lon="2.644228">
				<ele>502.000000</ele>
			</trkpt>
			<trkpt lat="39.718187" lon="2.643975">
				<ele>499.000000</ele>
			</trkpt>
			<trkpt lat="39.718097" lon="2.643832">
				<ele>499.000000</ele>
			</trkpt>
			<trkpt lat="39.718103" lon="2.643786">
				<ele>498.000000</ele>
			</trkpt>
			<trkpt lat="39.718131" lon="2.643769">
				<ele>498.000000</ele>
			</trkpt>
			<trkpt lat="39.718401" lon="2.643876">
				<ele>497.000000</ele>
			</trkpt>
			<trkpt lat="39.718663" lon="2.643922">
				<ele>495.000000</ele>
			</trkpt>
			<trkpt lat="39.718712" lon="2.643939">
				<ele>495.000000</ele>
			</trkpt>
			<trkpt lat="39.718960" lon="2.644002">
				<ele>494.000000</ele>
			</trkpt>
			<trkpt lat="39.719002" lon="2.643930">
				<ele>493.000000</ele>
			</trkpt>
			<trkpt lat="39.718995" lon="2.643832">
				<ele>493.000000</ele>
			</trkpt>
			<trkpt lat="39.718946" lon="2.643786">
				<ele>493.000000</ele>
			</trkpt>
			<trkpt lat="39.718884" lon="2.643760">
				<ele>492.000000</ele>
			</trkpt>
			<trkpt lat="39.718629" lon="2.643706">
				<ele>491.000000</ele>
			</trkpt>
			<trkpt lat="39.718476" lon="2.643652">
				<ele>490.000000</ele>
			</trkpt>
			<trkpt lat="39.718366" lon="2.643572">
				<ele>489.000000</ele>
			</trkpt>
			<trkpt lat="39.718242" lon="2.643454">
				<ele>488.000000</ele>
			</trkpt>
			<trkpt lat="39.717930" lon="2.642978">
				<ele>484.000000</ele>
			</trkpt>
			<trkpt lat="39.717599" lon="2.642583">
				<ele>480.000000</ele>
			</trkpt>
			<trkpt lat="39.717033" lon="2.641765">
				<ele>477.000000</ele>
			</trkpt>
			<trkpt lat="39.716894" lon="2.641496">
				<ele>477.000000</ele>
			</trkpt>
			<trkpt lat="39.716811" lon="2.641316">
				<ele>476.000000</ele>
			</trkpt>
			<trkpt lat="39.716652" lon="2.640832">
				<ele>475.000000</ele>
			</trkpt>
			<trkpt lat="39.716611" lon="2.640481">
				<ele>474.000000</ele>
			</trkpt>
			<trkpt lat="39.716618" lon="2.640301">
				<ele>474.000000</ele>
			</trkpt>
			<trkpt lat="39.716590" lon="2.640094">
				<ele>473.000000</ele>
			</trkpt>
			<trkpt lat="39.716528" lon="2.639834">
				<ele>473.000000</ele>
			</trkpt>
			<trkpt lat="39.716473" lon="2.639708">
				<ele>472.000000</ele>
			</trkpt>
			<trkpt lat="39.716390" lon="2.639645">
				<ele>472.000000</ele>
			</trkpt>
			<trkpt lat="39.716300" lon="2.639717">
				<ele>472.000000</ele>
			</trkpt>
			<trkpt lat="39.716231" lon="2.639708">
				<ele>471.000000</ele>
			</trkpt>
			<trkpt lat="39.715934" lon="2.639493">
				<ele>470.000000</ele>
			</trkpt>
			<trkpt lat="39.715637" lon="2.639188">
				<ele>466.000000</ele>
			</trkpt>
			<trkpt lat="39.715478" lon="2.638685">
				<ele>460.000000</ele>
			</trkpt>
			<trkpt lat="39.715381" lon="2.638478">
				<ele>460.000000</ele>
			</trkpt>
			<trkpt lat="39.715256" lon="2.638299">
				<ele>460.000000</ele>
			</trkpt>
			<trkpt lat="39.715160" lon="2.638199">
				<ele>460.000000</ele>
			</trkpt>
			<trkpt lat="39.715056" lon="2.638146">
				<ele>460.000000</ele>
			</trkpt>
			<trkpt lat="39.714994" lon="2.638119">
				<ele>460.000000</ele>
			</trkpt>
			<trkpt lat="39.714932" lon="2.638083">
				<ele>460.000000</ele>
			</trkpt>
			<trkpt lat="39.714745" lon="2.637966">
				<ele>460.000000</ele>
			</trkpt>
			<trkpt lat="39.714676" lon="2.637813">
				<ele>460.000000</ele>
			</trkpt>
			<trkpt lat="39.714600" lon="2.637580">
				<ele>457.000000</ele>
			</trkpt>
			<trkpt lat="39.714510" lon="2.637301">
				<ele>453.000000</ele>
			</trkpt>
			<trkpt lat="39.714517" lon="2.637148">
				<ele>452.000000</ele>
			</trkpt>
			<trkpt lat="39.714517" lon="2.637050">
				<ele>450.000000</ele>
			</trkpt>
			<trkpt lat="39.714593" lon="2.636780">
				<ele>445.000000</ele>
			</trkpt>
			<trkpt lat="39.714669" lon="2.636421">
				<ele>438.000000</ele>
			</trkpt>
			<trkpt lat="39.714690" lon="2.636079">
				<ele>435.000000</ele>
			</trkpt>
			<trkpt lat="39.714725" lon="2.635792">
				<ele>431.000000</ele>
			</trkpt>
			<trkpt lat="39.714773" lon="2.635693">
				<ele>430.000000</ele>
			</trkpt>
			<trkpt lat="39.714869" lon="2.635567">
				<ele>430.000000</ele>
			</trkpt>
			<trkpt lat="39.714869" lon="2.635532">
				<ele>430.000000</ele>
			</trkpt>
			<trkpt lat="39.714856" lon="2.635486">
				<ele>430.000000</ele>
			</trkpt>
			<trkpt lat="39.714821" lon="2.635433">
				<ele>430.000000</ele>
			</trkpt>
			<trkpt lat="39.714766" lon="2.635379">
				<ele>430.000000</ele>
			</trkpt>
			<trkpt lat="39.714683" lon="2.635352">
				<ele>430.000000</ele>
			</trkpt>
			<trkpt lat="39.714579" lon="2.635352">
				<ele>431.000000</ele>
			</trkpt>
			<trkpt lat="39.714428" lon="2.635406">
				<ele>435.000000</ele>
			</trkpt>
			<trkpt lat="39.714303" lon="2.635370">
				<ele>437.000000</ele>
			</trkpt>
			<trkpt lat="39.714144" lon="2.635262">
				<ele>440.000000</ele>
			</trkpt>
			<trkpt lat="39.713985" lon="2.635010">
				<ele>440.000000</ele>
			</trkpt>
			<trkpt lat="39.713826" lon="2.634821">
				<ele>440.000000</ele>
			</trkpt>
			<trkpt lat="39.713640" lon="2.634687">
				<ele>440.000000</ele>
			</trkpt>
			<trkpt lat="39.713508" lon="2.634570">
				<ele>440.000000</ele>
			</trkpt>
			<trkpt lat="39.713398" lon="2.634274">
				<ele>440.000000</ele>
			</trkpt>
			<trkpt lat="39.713294" lon="2.633878">
				<ele>437.000000</ele>
			</trkpt>
			<trkpt lat="39.713107" lon="2.633286">
				<ele>430.000000</ele>
			</trkpt>
			<trkpt lat="39.713017" lon="2.633186">
				<ele>430.000000</ele>
			</trkpt>
			<trkpt lat="39.712935" lon="2.633142">
				<ele>430.000000</ele>
			</trkpt>
			<trkpt lat="39.712679" lon="2.633205">
				<ele>430.000000</ele>
			</trkpt>
			<trkpt lat="39.712589" lon="2.633213">
				<ele>430.000000</ele>
			</trkpt>
			<trkpt lat="39.712486" lon="2.633159">
				<ele>430.000000</ele>
			</trkpt>
			<trkpt lat="39.712264" lon="2.633043">
				<ele>430.000000</ele>
			</trkpt>
			<trkpt lat="39.712022" lon="2.632935">
				<ele>430.000000</ele>
			</trkpt>
			<trkpt lat="39.711891" lon="2.632827">
				<ele>430.000000</ele>
			</trkpt>
			<trkpt lat="39.711746" lon="2.632702">
				<ele>430.000000</ele>
			</trkpt>
			<trkpt lat="39.711615" lon="2.632467">
				<ele>428.000000</ele>
			</trkpt>
			<trkpt lat="39.711574" lon="2.632333">
				<ele>427.000000</ele>
			</trkpt>
			<trkpt lat="39.711587" lon="2.632163">
				<ele>426.000000</ele>
			</trkpt>
			<trkpt lat="39.711677" lon="2.631965">
				<ele>424.000000</ele>
			</trkpt>
			<trkpt lat="39.711802" lon="2.631777">
				<ele>422.000000</ele>
			</trkpt>
			<trkpt lat="39.711857" lon="2.631714">
				<ele>421.000000</ele>
			</trkpt>
			<trkpt lat="39.711871" lon="2.631668">
				<ele>421.000000</ele>
			</trkpt>
			<trkpt lat="39.711946" lon="2.631624">
				<ele>420.000000</ele>
			</trkpt>
			<trkpt lat="39.712071" lon="2.631488">
				<ele>418.000000</ele>
			</trkpt>
			<trkpt lat="39.712112" lon="2.631309">
				<ele>417.000000</ele>
			</trkpt>
			<trkpt lat="39.712209" lon="2.631175">
				<ele>415.000000</ele>
			</trkpt>
			<trkpt lat="39.712327" lon="2.631148">
				<ele>414.000000</ele>
			</trkpt>
			<trkpt lat="39.712942" lon="2.631454">
				<ele>409.000000</ele>
			</trkpt>
			<trkpt lat="39.713080" lon="2.631597">
				<ele>408.000000</ele>
			</trkpt>
			<trkpt lat="39.713115" lon="2.631588">
				<ele>408.000000</ele>
			</trkpt>
			<trkpt lat="39.713115" lon="2.631551">
				<ele>408.000000</ele>
			</trkpt>
			<trkpt lat="39.712997" lon="2.631399">
				<ele>407.000000</ele>
			</trkpt>
			<trkpt lat="39.712914" lon="2.631156">
				<ele>406.000000</ele>
			</trkpt>
			<trkpt lat="39.712769" lon="2.630798">
				<ele>405.000000</ele>
			</trkpt>
			<trkpt lat="39.712741" lon="2.630672">
				<ele>404.000000</ele>
			</trkpt>
			<trkpt lat="39.712700" lon="2.630465">
				<ele>404.000000</ele>
			</trkpt>
			<trkpt lat="39.712638" lon="2.630349">
				<ele>403.000000</ele>
			</trkpt>
			<trkpt lat="39.712465" lon="2.630213">
				<ele>402.000000</ele>
			</trkpt>
			<trkpt lat="39.712223" lon="2.630070">
				<ele>401.000000</ele>
			</trkpt>
			<trkpt lat="39.712230" lon="2.629997">
				<ele>401.000000</ele>
			</trkpt>
			<trkpt lat="39.712237" lon="2.629953">
				<ele>401.000000</ele>
			</trkpt>
			<trkpt lat="39.712230" lon="2.629846">
				<ele>401.000000</ele>
			</trkpt>
			<trkpt lat="39.712237" lon="2.629783">
				<ele>401.000000</ele>
			</trkpt>
			<trkpt lat="39.712250" lon="2.629467">
				<ele>401.000000</ele>
			</trkpt>
			<trkpt lat="39.712292" lon="2.629180">
				<ele>401.000000</ele>
			</trkpt>
			<trkpt lat="39.712354" lon="2.628695">
				<ele>400.000000</ele>
			</trkpt>
			<trkpt lat="39.712430" lon="2.628695">
				<ele>402.000000</ele>
			</trkpt>
			<trkpt lat="39.712444" lon="2.628731">
				<ele>402.000000</ele>
			</trkpt>
			<trkpt lat="39.712479" lon="2.628794">
				<ele>402.000000</ele>
			</trkpt>
			<trkpt lat="39.712548" lon="2.629108">
				<ele>405.000000</ele>
			</trkpt>
			<trkpt lat="39.712555" lon="2.629135">
				<ele>405.000000</ele>
			</trkpt>
			<trkpt lat="39.712728" lon="2.629378">
				<ele>408.000000</ele>
			</trkpt>
			<trkpt lat="39.713017" lon="2.629593">
				<ele>411.000000</ele>
			</trkpt>
			<trkpt lat="39.713100" lon="2.629720">
				<ele>412.000000</ele>
			</trkpt>
			<trkpt lat="39.713273" lon="2.630150">
				<ele>416.000000</ele>
			</trkpt>
			<trkpt lat="39.713460" lon="2.630330">
				<ele>418.000000</ele>
			</trkpt>
			<trkpt lat="39.713653" lon="2.630546">
				<ele>420.000000</ele>
			</trkpt>
			<trkpt lat="39.713715" lon="2.630672">
				<ele>422.000000</ele>
			</trkpt>
			<trkpt lat="39.713833" lon="2.630896">
				<ele>425.000000</ele>
			</trkpt>
			<trkpt lat="39.713882" lon="2.630914">
				<ele>426.000000</ele>
			</trkpt>
			<trkpt lat="39.713937" lon="2.630922">
				<ele>427.000000</ele>
			</trkpt>
			<trkpt lat="39.714020" lon="2.630896">
				<ele>428.000000</ele>
			</trkpt>
			<trkpt lat="39.714089" lon="2.630788">
				<ele>430.000000</ele>
			</trkpt>
			<trkpt lat="39.714089" lon="2.630699">
				<ele>430.000000</ele>
			</trkpt>
			<trkpt lat="39.713895" lon="2.630177">
				<ele>430.000000</ele>
			</trkpt>
			<trkpt lat="39.713729" lon="2.629863">
				<ele>430.000000</ele>
			</trkpt>
			<trkpt lat="39.713695" lon="2.629683">
				<ele>430.000000</ele>
			</trkpt>
			<trkpt lat="39.713709" lon="2.629593">
				<ele>430.000000</ele>
			</trkpt>
			<trkpt lat="39.713729" lon="2.629306">
				<ele>430.000000</ele>
			</trkpt>
			<trkpt lat="39.713729" lon="2.629207">
				<ele>430.000000</ele>
			</trkpt>
			<trkpt lat="39.713723" lon="2.629081">
				<ele>430.000000</ele>
			</trkpt>
			<trkpt lat="39.713667" lon="2.628892">
				<ele>430.000000</ele>
			</trkpt>
			<trkpt lat="39.713653" lon="2.628848">
				<ele>430.000000</ele>
			</trkpt>
			<trkpt lat="39.713439" lon="2.628471">
				<ele>430.000000</ele>
			</trkpt>
			<trkpt lat="39.713349" lon="2.628408">
				<ele>430.000000</ele>
			</trkpt>
			<trkpt lat="39.713308" lon="2.628272">
				<ele>430.000000</ele>
			</trkpt>
			<trkpt lat="39.713225" lon="2.628175">
				<ele>430.000000</ele>
			</trkpt>
			<trkpt lat="39.713046" lon="2.628039">
				<ele>430.000000</ele>
			</trkpt>
			<trkpt lat="39.712997" lon="2.627959">
				<ele>430.000000</ele>
			</trkpt>
			<trkpt lat="39.712956" lon="2.627689">
				<ele>430.000000</ele>
			</trkpt>
			<trkpt lat="39.712948" lon="2.627519">
				<ele>430.000000</ele>
			</trkpt>
			<trkpt lat="39.712942" lon="2.627320">
				<ele>430.000000</ele>
			</trkpt>
			<trkpt lat="39.712942" lon="2.627186">
				<ele>430.000000</ele>
			</trkpt>
			<trkpt lat="39.712948" lon="2.627033">
				<ele>430.000000</ele>
			</trkpt>
			<trkpt lat="39.713004" lon="2.626773">
				<ele>430.000000</ele>
			</trkpt>
			<trkpt lat="39.712914" lon="2.626485">
				<ele>430.000000</ele>
			</trkpt>
			<trkpt lat="39.712610" lon="2.626225">
				<ele>430.000000</ele>
			</trkpt>
			<trkpt lat="39.712520" lon="2.625964">
				<ele>429.000000</ele>
			</trkpt>
			<trkpt lat="39.712347" lon="2.624662">
				<ele>425.000000</ele>
			</trkpt>
			<trkpt lat="39.712278" lon="2.624096">
				<ele>424.000000</ele>
			</trkpt>
			<trkpt lat="39.712189" lon="2.623674">
				<ele>423.000000</ele>
			</trkpt>
			<trkpt lat="39.712209" lon="2.623414">
				<ele>422.000000</ele>
			</trkpt>
			<trkpt lat="39.712244" lon="2.623368">
				<ele>422.000000</ele>
			</trkpt>
			<trkpt lat="39.712099" lon="2.622425">
				<ele>419.000000</ele>
			</trkpt>
			<trkpt lat="39.712078" lon="2.622299">
				<ele>418.000000</ele>
			</trkpt>
			<trkpt lat="39.711656" lon="2.622578">
				<ele>410.000000</ele>
			</trkpt>
			<trkpt lat="39.711704" lon="2.622703">
				<ele>410.000000</ele>
			</trkpt>
			<trkpt lat="39.711733" lon="2.622793">
				<ele>410.000000</ele>
			</trkpt>
			<trkpt lat="39.711684" lon="2.622838">
				<ele>410.000000</ele>
			</trkpt>
			<trkpt lat="39.711456" lon="2.623135">
				<ele>410.000000</ele>
			</trkpt>
			<trkpt lat="39.711380" lon="2.623026">
				<ele>410.000000</ele>
			</trkpt>
			<trkpt lat="39.711235" lon="2.622909">
				<ele>410.000000</ele>
			</trkpt>
			<trkpt lat="39.710931" lon="2.622640">
				<ele>410.000000</ele>
			</trkpt>
			<trkpt lat="39.710689" lon="2.622640">
				<ele>410.000000</ele>
			</trkpt>
			<trkpt lat="39.710619" lon="2.622613">
				<ele>410.000000</ele>
			</trkpt>
			<trkpt lat="39.710440" lon="2.622496">
				<ele>410.000000</ele>
			</trkpt>
			<trkpt lat="39.710391" lon="2.622433">
				<ele>410.000000</ele>
			</trkpt>
			<trkpt lat="39.710316" lon="2.622389">
				<ele>410.000000</ele>
			</trkpt>
			<trkpt lat="39.710260" lon="2.622389">
				<ele>410.000000</ele>
			</trkpt>
			<trkpt lat="39.710260" lon="2.622470">
				<ele>410.000000</ele>
			</trkpt>
			<trkpt lat="39.709950" lon="2.622443">
				<ele>410.000000</ele>
			</trkpt>
			<trkpt lat="39.709797" lon="2.622433">
				<ele>410.000000</ele>
			</trkpt>
			<trkpt lat="39.709783" lon="2.622416">
				<ele>410.000000</ele>
			</trkpt>
			<trkpt lat="39.709742" lon="2.622398">
				<ele>410.000000</ele>
			</trkpt>
			<trkpt lat="39.709569" lon="2.621904">
				<ele>410.000000</ele>
			</trkpt>
			<trkpt lat="39.709507" lon="2.621724">
				<ele>410.000000</ele>
			</trkpt>
			<trkpt lat="39.709473" lon="2.621617">
				<ele>410.000000</ele>
			</trkpt>
			<trkpt lat="39.709404" lon="2.621391">
				<ele>410.000000</ele>
			</trkpt>
			<trkpt lat="39.709314" lon="2.621122">
				<ele>410.000000</ele>
			</trkpt>
			<trkpt lat="39.709300" lon="2.621087">
				<ele>410.000000</ele>
			</trkpt>
			<trkpt lat="39.709321" lon="2.621077">
				<ele>410.000000</ele>
			</trkpt>
			<trkpt lat="39.709404" lon="2.621024">
				<ele>410.000000</ele>
			</trkpt>
			<trkpt lat="39.709300" lon="2.620548">
				<ele>410.000000</ele>
			</trkpt>
			<trkpt lat="39.709231" lon="2.620395">
				<ele>410.000000</ele>
			</trkpt>
			<trkpt lat="39.709085" lon="2.620161">
				<ele>412.000000</ele>
			</trkpt>
			<trkpt lat="39.709009" lon="2.620098">
				<ele>413.000000</ele>
			</trkpt>
			<trkpt lat="39.708954" lon="2.620045">
				<ele>413.000000</ele>
			</trkpt>
			<trkpt lat="39.708940" lon="2.619928">
				<ele>414.000000</ele>
			</trkpt>
			<trkpt lat="39.708836" lon="2.619829">
				<ele>415.000000</ele>
			</trkpt>
			<trkpt lat="39.708878" lon="2.619756">
				<ele>416.000000</ele>
			</trkpt>
			<trkpt lat="39.708906" lon="2.619649">
				<ele>416.000000</ele>
			</trkpt>
			<trkpt lat="39.708878" lon="2.619523">
				<ele>417.000000</ele>
			</trkpt>
			<trkpt lat="39.708775" lon="2.619433">
				<ele>418.000000</ele>
			</trkpt>
			<trkpt lat="39.708726" lon="2.619146">
				<ele>421.000000</ele>
			</trkpt>
			<trkpt lat="39.708740" lon="2.618796">
				<ele>428.000000</ele>
			</trkpt>
			<trkpt lat="39.708692" lon="2.618445">
				<ele>433.000000</ele>
			</trkpt>
			<trkpt lat="39.708588" lon="2.618202">
				<ele>437.000000</ele>
			</trkpt>
			<trkpt lat="39.708436" lon="2.617978">
				<ele>440.000000</ele>
			</trkpt>
			<trkpt lat="39.708242" lon="2.617798">
				<ele>441.000000</ele>
			</trkpt>
			<trkpt lat="39.708111" lon="2.617682">
				<ele>442.000000</ele>
			</trkpt>
			<trkpt lat="39.707979" lon="2.617529">
				<ele>443.000000</ele>
			</trkpt>
			<trkpt lat="39.707835" lon="2.617368">
				<ele>444.000000</ele>
			</trkpt>
			<trkpt lat="39.707711" lon="2.617233">
				<ele>445.000000</ele>
			</trkpt>
			<trkpt lat="39.707662" lon="2.617035">
				<ele>446.000000</ele>
			</trkpt>
			<trkpt lat="39.707572" lon="2.616613">
				<ele>448.000000</ele>
			</trkpt>
			<trkpt lat="39.707289" lon="2.616298">
				<ele>450.000000</ele>
			</trkpt>
			<trkpt lat="39.707143" lon="2.616227">
				<ele>454.000000</ele>
			</trkpt>
			<trkpt lat="39.707013" lon="2.616101">
				<ele>458.000000</ele>
			</trkpt>
			<trkpt lat="39.706950" lon="2.616047">
				<ele>459.000000</ele>
			</trkpt>
			<trkpt lat="39.706777" lon="2.615940">
				<ele>464.000000</ele>
			</trkpt>
			<trkpt lat="39.706584" lon="2.615894">
				<ele>469.000000</ele>
			</trkpt>
			<trkpt lat="39.706459" lon="2.615751">
				<ele>475.000000</ele>
			</trkpt>
			<trkpt lat="39.706349" lon="2.615588">
				<ele>480.000000</ele>
			</trkpt>
			<trkpt lat="39.706231" lon="2.615535">
				<ele>484.000000</ele>
			</trkpt>
			<trkpt lat="39.706135" lon="2.615418">
				<ele>488.000000</ele>
			</trkpt>
			<trkpt lat="39.706003" lon="2.615319">
				<ele>493.000000</ele>
			</trkpt>
			<trkpt lat="39.705796" lon="2.615355">
				<ele>501.000000</ele>
			</trkpt>
			<trkpt lat="39.705671" lon="2.615256">
				<ele>506.000000</ele>
			</trkpt>
			<trkpt lat="39.705527" lon="2.615248">
				<ele>512.000000</ele>
			</trkpt>
			<trkpt lat="39.705492" lon="2.615095">
				<ele>516.000000</ele>
			</trkpt>
			<trkpt lat="39.705416" lon="2.614861">
				<ele>523.000000</ele>
			</trkpt>
			<trkpt lat="39.705360" lon="2.614628">
				<ele>531.000000</ele>
			</trkpt>
			<trkpt lat="39.705278" lon="2.614439">
				<ele>538.000000</ele>
			</trkpt>
			<trkpt lat="39.705160" lon="2.614359">
				<ele>542.000000</ele>
			</trkpt>
			<trkpt lat="39.705188" lon="2.614259">
				<ele>543.000000</ele>
			</trkpt>
			<trkpt lat="39.705305" lon="2.614196">
				<ele>546.000000</ele>
			</trkpt>
			<trkpt lat="39.705340" lon="2.614062">
				<ele>548.000000</ele>
			</trkpt>
			<trkpt lat="39.705167" lon="2.613720">
				<ele>562.000000</ele>
			</trkpt>
			<trkpt lat="39.705153" lon="2.613586">
				<ele>566.000000</ele>
			</trkpt>
			<trkpt lat="39.705063" lon="2.613640">
				<ele>571.000000</ele>
			</trkpt>
			<trkpt lat="39.705029" lon="2.613558">
				<ele>575.000000</ele>
			</trkpt>
			<trkpt lat="39.704987" lon="2.613613">
				<ele>578.000000</ele>
			</trkpt>
			<trkpt lat="39.704973" lon="2.613558">
				<ele>580.000000</ele>
			</trkpt>
			<trkpt lat="39.704932" lon="2.613630">
				<ele>583.000000</ele>
			</trkpt>
			<trkpt lat="39.704890" lon="2.613504">
				<ele>586.000000</ele>
			</trkpt>
			<trkpt lat="39.704773" lon="2.613667">
				<ele>592.000000</ele>
			</trkpt>
			<trkpt lat="39.704711" lon="2.613801">
				<ele>596.000000</ele>
			</trkpt>
			<trkpt lat="39.704704" lon="2.613846">
				<ele>597.000000</ele>
			</trkpt>
			<trkpt lat="39.704670" lon="2.613810">
				<ele>599.000000</ele>
			</trkpt>
			<trkpt lat="39.704455" lon="2.613676">
				<ele>612.000000</ele>
			</trkpt>
			<trkpt lat="39.704165" lon="2.612831">
				<ele>632.000000</ele>
			</trkpt>
			<trkpt lat="39.703882" lon="2.613082">
				<ele>639.000000</ele>
			</trkpt>
			<trkpt lat="39.703626" lon="2.612840">
				<ele>649.000000</ele>
			</trkpt>
			<trkpt lat="39.703654" lon="2.612606">
				<ele>651.000000</ele>
			</trkpt>
			<trkpt lat="39.703715" lon="2.612185">
				<ele>653.000000</ele>
			</trkpt>
			<trkpt lat="39.703675" lon="2.611420">
				<ele>657.000000</ele>
			</trkpt>
			<trkpt lat="39.703633" lon="2.611080">
				<ele>659.000000</ele>
			</trkpt>
			<trkpt lat="39.703508" lon="2.610837">
				<ele>660.000000</ele>
			</trkpt>
			<trkpt lat="39.703446" lon="2.610818">
				<ele>663.000000</ele>
			</trkpt>
			<trkpt lat="39.703301" lon="2.610801">
				<ele>668.000000</ele>
			</trkpt>
			<trkpt lat="39.703280" lon="2.610873">
				<ele>670.000000</ele>
			</trkpt>
			<trkpt lat="39.703232" lon="2.610846">
				<ele>671.000000</ele>
			</trkpt>
			<trkpt lat="39.703225" lon="2.610774">
				<ele>673.000000</ele>
			</trkpt>
			<trkpt lat="39.703156" lon="2.610747">
				<ele>675.000000</ele>
			</trkpt>
			<trkpt lat="39.702990" lon="2.610441">
				<ele>681.000000</ele>
			</trkpt>
			<trkpt lat="39.702914" lon="2.610172">
				<ele>685.000000</ele>
			</trkpt>
			<trkpt lat="39.702831" lon="2.610082">
				<ele>687.000000</ele>
			</trkpt>
			<trkpt lat="39.702686" lon="2.609921">
				<ele>690.000000</ele>
			</trkpt>
			<trkpt lat="39.702637" lon="2.609866">
				<ele>690.000000</ele>
			</trkpt>
			<trkpt lat="39.702388" lon="2.609489">
				<ele>690.000000</ele>
			</trkpt>
			<trkpt lat="39.702244" lon="2.609219">
				<ele>690.000000</ele>
			</trkpt>
			<trkpt lat="39.702133" lon="2.609003">
				<ele>690.000000</ele>
			</trkpt>
			<trkpt lat="39.702126" lon="2.608887">
				<ele>690.000000</ele>
			</trkpt>
			<trkpt lat="39.701960" lon="2.608537">
				<ele>690.000000</ele>
			</trkpt>
			<trkpt lat="39.701919" lon="2.608313">
				<ele>690.000000</ele>
			</trkpt>
			<trkpt lat="39.701788" lon="2.608016">
				<ele>690.000000</ele>
			</trkpt>
			<trkpt lat="39.701491" lon="2.607890">
				<ele>689.000000</ele>
			</trkpt>
			<trkpt lat="39.701470" lon="2.607441">
				<ele>686.000000</ele>
			</trkpt>
			<trkpt lat="39.701117" lon="2.606489">
				<ele>678.000000</ele>
			</trkpt>
			<trkpt lat="39.701151" lon="2.605294">
				<ele>664.000000</ele>
			</trkpt>
			<trkpt lat="39.701186" lon="2.605177">
				<ele>662.000000</ele>
			</trkpt>
			<trkpt lat="39.701214" lon="2.604638">
				<ele>652.000000</ele>
			</trkpt>
			<trkpt lat="39.701117" lon="2.604468">
				<ele>646.000000</ele>
			</trkpt>
			<trkpt lat="39.701103" lon="2.604243">
				<ele>641.000000</ele>
			</trkpt>
			<trkpt lat="39.701000" lon="2.603749">
				<ele>627.000000</ele>
			</trkpt>
			<trkpt lat="39.700944" lon="2.603327">
				<ele>616.000000</ele>
			</trkpt>
			<trkpt lat="39.700882" lon="2.603201">
				<ele>612.000000</ele>
			</trkpt>
			<trkpt lat="39.701027" lon="2.602923">
				<ele>603.000000</ele>
			</trkpt>
			<trkpt lat="39.700944" lon="2.602688">
				<ele>597.000000</ele>
			</trkpt>
			<trkpt lat="39.700516" lon="2.602716">
				<ele>588.000000</ele>
			</trkpt>
			<trkpt lat="39.700294" lon="2.603003">
				<ele>585.000000</ele>
			</trkpt>
			<trkpt lat="39.700170" lon="2.603264">
				<ele>583.000000</ele>
			</trkpt>
			<trkpt lat="39.700032" lon="2.603470">
				<ele>581.000000</ele>
			</trkpt>
			<trkpt lat="39.699914" lon="2.603552">
				<ele>580.000000</ele>
			</trkpt>
			<trkpt lat="39.699776" lon="2.603669">
				<ele>577.000000</ele>
			</trkpt>
			<trkpt lat="39.699652" lon="2.603982">
				<ele>571.000000</ele>
			</trkpt>
			<trkpt lat="39.699596" lon="2.604055">
				<ele>569.000000</ele>
			</trkpt>
			<trkpt lat="39.699493" lon="2.604180">
				<ele>566.000000</ele>
			</trkpt>
			<trkpt lat="39.699500" lon="2.604019">
				<ele>564.000000</ele>
			</trkpt>
			<trkpt lat="39.699548" lon="2.603866">
				<ele>561.000000</ele>
			</trkpt>
			<trkpt lat="39.699541" lon="2.603776">
				<ele>560.000000</ele>
			</trkpt>
			<trkpt lat="39.699445" lon="2.603866">
				<ele>555.000000</ele>
			</trkpt>
			<trkpt lat="39.699417" lon="2.603677">
				<ele>549.000000</ele>
			</trkpt>
			<trkpt lat="39.699292" lon="2.603713">
				<ele>542.000000</ele>
			</trkpt>
			<trkpt lat="39.699119" lon="2.603713">
				<ele>533.000000</ele>
			</trkpt>
			<trkpt lat="39.698912" lon="2.603848">
				<ele>524.000000</ele>
			</trkpt>
			<trkpt lat="39.698808" lon="2.603973">
				<ele>520.000000</ele>
			</trkpt>
			<trkpt lat="39.698733" lon="2.604108">
				<ele>516.000000</ele>
			</trkpt>
			<trkpt lat="39.698553" lon="2.604288">
				<ele>510.000000</ele>
			</trkpt>
			<trkpt lat="39.698518" lon="2.604208">
				<ele>509.000000</ele>
			</trkpt>
			<trkpt lat="39.698505" lon="2.603902">
				<ele>504.000000</ele>
			</trkpt>
			<trkpt lat="39.698428" lon="2.603919">
				<ele>503.000000</ele>
			</trkpt>
			<trkpt lat="39.698221" lon="2.604063">
				<ele>498.000000</ele>
			</trkpt>
			<trkpt lat="39.698062" lon="2.604296">
				<ele>493.000000</ele>
			</trkpt>
			<trkpt lat="39.697896" lon="2.604594">
				<ele>490.000000</ele>
			</trkpt>
			<trkpt lat="39.697786" lon="2.604674">
				<ele>490.000000</ele>
			</trkpt>
			<trkpt lat="39.697592" lon="2.604719">
				<ele>490.000000</ele>
			</trkpt>
			<trkpt lat="39.697564" lon="2.604728">
				<ele>490.000000</ele>
			</trkpt>
			<trkpt lat="39.697350" lon="2.604782">
				<ele>490.000000</ele>
			</trkpt>
			<trkpt lat="39.697288" lon="2.604791">
				<ele>490.000000</ele>
			</trkpt>
			<trkpt lat="39.697191" lon="2.604809">
				<ele>490.000000</ele>
			</trkpt>
			<trkpt lat="39.697191" lon="2.604845">
				<ele>490.000000</ele>
			</trkpt>
			<trkpt lat="39.696714" lon="2.605007">
				<ele>490.000000</ele>
			</trkpt>
			<trkpt lat="39.696583" lon="2.605007">
				<ele>490.000000</ele>
			</trkpt>
			<trkpt lat="39.696417" lon="2.604890">
				<ele>490.000000</ele>
			</trkpt>
			<trkpt lat="39.695961" lon="2.604862">
				<ele>492.000000</ele>
			</trkpt>
			<trkpt lat="39.695740" lon="2.604845">
				<ele>495.000000</ele>
			</trkpt>
			<trkpt lat="39.695629" lon="2.604827">
				<ele>496.000000</ele>
			</trkpt>
			<trkpt lat="39.695435" lon="2.604800">
				<ele>497.000000</ele>
			</trkpt>
			<trkpt lat="39.695291" lon="2.604755">
				<ele>499.000000</ele>
			</trkpt>
			<trkpt lat="39.695201" lon="2.604558">
				<ele>501.000000</ele>
			</trkpt>
			<trkpt lat="39.695069" lon="2.604441">
				<ele>502.000000</ele>
			</trkpt>
			<trkpt lat="39.694917" lon="2.604082">
				<ele>504.000000</ele>
			</trkpt>
			<trkpt lat="39.694813" lon="2.603740">
				<ele>507.000000</ele>
			</trkpt>
			<trkpt lat="39.694489" lon="2.603506">
				<ele>510.000000</ele>
			</trkpt>
			<trkpt lat="39.694495" lon="2.603407">
				<ele>510.000000</ele>
			</trkpt>
			<trkpt lat="39.694447" lon="2.603399">
				<ele>511.000000</ele>
			</trkpt>
			<trkpt lat="39.694502" lon="2.603300">
				<ele>513.000000</ele>
			</trkpt>
			<trkpt lat="39.694454" lon="2.603192">
				<ele>516.000000</ele>
			</trkpt>
			<trkpt lat="39.694253" lon="2.603137">
				<ele>520.000000</ele>
			</trkpt>
			<trkpt lat="39.694081" lon="2.603076">
				<ele>526.000000</ele>
			</trkpt>
			<trkpt lat="39.693894" lon="2.602850">
				<ele>534.000000</ele>
			</trkpt>
			<trkpt lat="39.693742" lon="2.602806">
				<ele>539.000000</ele>
			</trkpt>
			<trkpt lat="39.693707" lon="2.602734">
				<ele>543.000000</ele>
			</trkpt>
			<trkpt lat="39.693597" lon="2.602474">
				<ele>554.000000</ele>
			</trkpt>
			<trkpt lat="39.693438" lon="2.602258">
				<ele>563.000000</ele>
			</trkpt>
			<trkpt lat="39.693237" lon="2.602204">
				<ele>569.000000</ele>
			</trkpt>
			<trkpt lat="39.693203" lon="2.602095">
				<ele>571.000000</ele>
			</trkpt>
			<trkpt lat="39.693286" lon="2.601808">
				<ele>575.000000</ele>
			</trkpt>
			<trkpt lat="39.693410" lon="2.601602">
				<ele>578.000000</ele>
			</trkpt>
			<trkpt lat="39.693583" lon="2.601269">
				<ele>582.000000</ele>
			</trkpt>
			<trkpt lat="39.693666" lon="2.601019">
				<ele>584.000000</ele>
			</trkpt>
			<trkpt lat="39.693680" lon="2.600793">
				<ele>586.000000</ele>
			</trkpt>
			<trkpt lat="39.693722" lon="2.600057">
				<ele>593.000000</ele>
			</trkpt>
			<trkpt lat="39.693638" lon="2.599688">
				<ele>598.000000</ele>
			</trkpt>
			<trkpt lat="39.693563" lon="2.599518">
				<ele>600.000000</ele>
			</trkpt>
			<trkpt lat="39.693459" lon="2.599384">
				<ele>600.000000</ele>
			</trkpt>
			<trkpt lat="39.693258" lon="2.599266">
				<ele>600.000000</ele>
			</trkpt>
			<trkpt lat="39.693058" lon="2.599069">
				<ele>600.000000</ele>
			</trkpt>
			<trkpt lat="39.692885" lon="2.598979">
				<ele>600.000000</ele>
			</trkpt>
			<trkpt lat="39.692608" lon="2.598763">
				<ele>600.000000</ele>
			</trkpt>
			<trkpt lat="39.692498" lon="2.598755">
				<ele>600.000000</ele>
			</trkpt>
			<trkpt lat="39.692401" lon="2.598755">
				<ele>600.000000</ele>
			</trkpt>
			<trkpt lat="39.692276" lon="2.598719">
				<ele>600.000000</ele>
			</trkpt>
			<trkpt lat="39.692124" lon="2.598790">
				<ele>600.000000</ele>
			</trkpt>
			<trkpt lat="39.692021" lon="2.598916">
				<ele>600.000000</ele>
			</trkpt>
			<trkpt lat="39.691965" lon="2.599095">
				<ele>600.000000</ele>
			</trkpt>
			<trkpt lat="39.691806" lon="2.599311">
				<ele>598.000000</ele>
			</trkpt>
			<trkpt lat="39.691751" lon="2.599445">
				<ele>597.000000</ele>
			</trkpt>
			<trkpt lat="39.691523" lon="2.599554">
				<ele>595.000000</ele>
			</trkpt>
			<trkpt lat="39.691295" lon="2.599850">
				<ele>592.000000</ele>
			</trkpt>
			<trkpt lat="39.691136" lon="2.599948">
				<ele>590.000000</ele>
			</trkpt>
			<trkpt lat="39.691004" lon="2.600084">
				<ele>590.000000</ele>
			</trkpt>
			<trkpt lat="39.690901" lon="2.600164">
				<ele>590.000000</ele>
			</trkpt>
			<trkpt lat="39.690776" lon="2.600390">
				<ele>589.000000</ele>
			</trkpt>
			<trkpt lat="39.690611" lon="2.600497">
				<ele>589.000000</ele>
			</trkpt>
			<trkpt lat="39.690341" lon="2.600560">
				<ele>588.000000</ele>
			</trkpt>
			<trkpt lat="39.690003" lon="2.600757">
				<ele>587.000000</ele>
			</trkpt>
			<trkpt lat="39.689781" lon="2.600883">
				<ele>587.000000</ele>
			</trkpt>
			<trkpt lat="39.689567" lon="2.600919">
				<ele>587.000000</ele>
			</trkpt>
			<trkpt lat="39.689207" lon="2.601090">
				<ele>586.000000</ele>
			</trkpt>
			<trkpt lat="39.689103" lon="2.601162">
				<ele>586.000000</ele>
			</trkpt>
			<trkpt lat="39.689090" lon="2.601260">
				<ele>585.000000</ele>
			</trkpt>
			<trkpt lat="39.688931" lon="2.601378">
				<ele>585.000000</ele>
			</trkpt>
			<trkpt lat="39.688779" lon="2.601413">
				<ele>585.000000</ele>
			</trkpt>
			<trkpt lat="39.688516" lon="2.601548">
				<ele>584.000000</ele>
			</trkpt>
			<trkpt lat="39.688343" lon="2.601818">
				<ele>584.000000</ele>
			</trkpt>
			<trkpt lat="39.688212" lon="2.602042">
				<ele>583.000000</ele>
			</trkpt>
			<trkpt lat="39.688122" lon="2.601656">
				<ele>583.000000</ele>
			</trkpt>
			<trkpt lat="39.687929" lon="2.601323">
				<ele>582.000000</ele>
			</trkpt>
			<trkpt lat="39.687880" lon="2.601143">
				<ele>582.000000</ele>
			</trkpt>
			<trkpt lat="39.687977" lon="2.600839">
				<ele>581.000000</ele>
			</trkpt>
			<trkpt lat="39.687984" lon="2.600453">
				<ele>581.000000</ele>
			</trkpt>
			<trkpt lat="39.687956" lon="2.600164">
				<ele>580.000000</ele>
			</trkpt>
			<trkpt lat="39.687672" lon="2.600011">
				<ele>575.000000</ele>
			</trkpt>
			<trkpt lat="39.687701" lon="2.599734">
				<ele>570.000000</ele>
			</trkpt>
			<trkpt lat="39.687632" lon="2.599527">
				<ele>566.000000</ele>
			</trkpt>
			<trkpt lat="39.687680" lon="2.599311">
				<ele>561.000000</ele>
			</trkpt>
			<trkpt lat="39.687770" lon="2.599032">
				<ele>560.000000</ele>
			</trkpt>
			<trkpt lat="39.687887" lon="2.598799">
				<ele>560.000000</ele>
			</trkpt>
			<trkpt lat="39.687943" lon="2.598782">
				<ele>560.000000</ele>
			</trkpt>
			<trkpt lat="39.688004" lon="2.598745">
				<ele>560.000000</ele>
			</trkpt>
			<trkpt lat="39.688067" lon="2.598583">
				<ele>560.000000</ele>
			</trkpt>
			<trkpt lat="39.688060" lon="2.598485">
				<ele>560.000000</ele>
			</trkpt>
			<trkpt lat="39.687839" lon="2.598260">
				<ele>555.000000</ele>
			</trkpt>
			<trkpt lat="39.687597" lon="2.598143">
				<ele>550.000000</ele>
			</trkpt>
			<trkpt lat="39.687258" lon="2.597954">
				<ele>542.000000</ele>
			</trkpt>
			<trkpt lat="39.687044" lon="2.597740">
				<ele>537.000000</ele>
			</trkpt>
			<trkpt lat="39.686926" lon="2.597541">
				<ele>533.000000</ele>
			</trkpt>
			<trkpt lat="39.686836" lon="2.597533">
				<ele>531.000000</ele>
			</trkpt>
			<trkpt lat="39.686740" lon="2.597550">
				<ele>529.000000</ele>
			</trkpt>
			<trkpt lat="39.686698" lon="2.597604">
				<ele>527.000000</ele>
			</trkpt>
			<trkpt lat="39.686608" lon="2.597793">
				<ele>522.000000</ele>
			</trkpt>
			<trkpt lat="39.686518" lon="2.597820">
				<ele>519.000000</ele>
			</trkpt>
			<trkpt lat="39.686484" lon="2.597721">
				<ele>517.000000</ele>
			</trkpt>
			<trkpt lat="39.686256" lon="2.597730">
				<ele>510.000000</ele>
			</trkpt>
			<trkpt lat="39.686034" lon="2.597864">
				<ele>504.000000</ele>
			</trkpt>
			<trkpt lat="39.685813" lon="2.597954">
				<ele>499.000000</ele>
			</trkpt>
			<trkpt lat="39.685661" lon="2.597892">
				<ele>496.000000</ele>
			</trkpt>
			<trkpt lat="39.685516" lon="2.597766">
				<ele>492.000000</ele>
			</trkpt>
			<trkpt lat="39.685468" lon="2.597658">
				<ele>491.000000</ele>
			</trkpt>
			<trkpt lat="39.685219" lon="2.597550">
				<ele>483.000000</ele>
			</trkpt>
			<trkpt lat="39.685170" lon="2.597470">
				<ele>480.000000</ele>
			</trkpt>
			<trkpt lat="39.684998" lon="2.597407">
				<ele>474.000000</ele>
			</trkpt>
			<trkpt lat="39.684929" lon="2.597254">
				<ele>469.000000</ele>
			</trkpt>
			<trkpt lat="39.684741" lon="2.597200">
				<ele>464.000000</ele>
			</trkpt>
			<trkpt lat="39.684700" lon="2.597074">
				<ele>460.000000</ele>
			</trkpt>
			<trkpt lat="39.684631" lon="2.596858">
				<ele>460.000000</ele>
			</trkpt>
			<trkpt lat="39.684666" lon="2.596778">
				<ele>460.000000</ele>
			</trkpt>
			<trkpt lat="39.684811" lon="2.596724">
				<ele>460.000000</ele>
			</trkpt>
			<trkpt lat="39.685122" lon="2.596571">
				<ele>463.000000</ele>
			</trkpt>
			<trkpt lat="39.685378" lon="2.596302">
				<ele>467.000000</ele>
			</trkpt>
			<trkpt lat="39.685481" lon="2.596229">
				<ele>468.000000</ele>
			</trkpt>
			<trkpt lat="39.685585" lon="2.596221">
				<ele>469.000000</ele>
			</trkpt>
			<trkpt lat="39.685710" lon="2.596248">
				<ele>470.000000</ele>
			</trkpt>
			<trkpt lat="39.685855" lon="2.596149">
				<ele>470.000000</ele>
			</trkpt>
			<trkpt lat="39.685917" lon="2.595916">
				<ele>470.000000</ele>
			</trkpt>
			<trkpt lat="39.686117" lon="2.595700">
				<ele>470.000000</ele>
			</trkpt>
			<trkpt lat="39.686249" lon="2.595610">
				<ele>470.000000</ele>
			</trkpt>
			<trkpt lat="39.686283" lon="2.595503">
				<ele>470.000000</ele>
			</trkpt>
			<trkpt lat="39.686256" lon="2.595422">
				<ele>470.000000</ele>
			</trkpt>
			<trkpt lat="39.686145" lon="2.595350">
				<ele>468.000000</ele>
			</trkpt>
			<trkpt lat="39.686090" lon="2.595323">
				<ele>467.000000</ele>
			</trkpt>
			<trkpt lat="39.686069" lon="2.595476">
				<ele>465.000000</ele>
			</trkpt>
			<trkpt lat="39.686000" lon="2.595583">
				<ele>464.000000</ele>
			</trkpt>
			<trkpt lat="39.685731" lon="2.595780">
				<ele>460.000000</ele>
			</trkpt>
			<trkpt lat="39.685301" lon="2.596050">
				<ele>456.000000</ele>
			</trkpt>
			<trkpt lat="39.685170" lon="2.596113">
				<ele>455.000000</ele>
			</trkpt>
			<trkpt lat="39.685108" lon="2.596105">
				<ele>454.000000</ele>
			</trkpt>
			<trkpt lat="39.684984" lon="2.596015">
				<ele>453.000000</ele>
			</trkpt>
			<trkpt lat="39.684839" lon="2.595816">
				<ele>452.000000</ele>
			</trkpt>
			<trkpt lat="39.684562" lon="2.595512">
				<ele>448.000000</ele>
			</trkpt>
			<trkpt lat="39.684361" lon="2.595260">
				<ele>444.000000</ele>
			</trkpt>
			<trkpt lat="39.684258" lon="2.594874">
				<ele>439.000000</ele>
			</trkpt>
			<trkpt lat="39.684209" lon="2.594424">
				<ele>430.000000</ele>
			</trkpt>
			<trkpt lat="39.684188" lon="2.594254">
				<ele>428.000000</ele>
			</trkpt>
			<trkpt lat="39.684064" lon="2.593696">
				<ele>421.000000</ele>
			</trkpt>
			<trkpt lat="39.683981" lon="2.593463">
				<ele>419.000000</ele>
			</trkpt>
			<trkpt lat="39.683484" lon="2.592790">
				<ele>414.000000</ele>
			</trkpt>
			<trkpt lat="39.683407" lon="2.592592">
				<ele>412.000000</ele>
			</trkpt>
			<trkpt lat="39.683373" lon="2.592421">
				<ele>411.000000</ele>
			</trkpt>
			<trkpt lat="39.683352" lon="2.591971">
				<ele>407.000000</ele>
			</trkpt>
			<trkpt lat="39.683172" lon="2.590992">
				<ele>394.000000</ele>
			</trkpt>
			<trkpt lat="39.683068" lon="2.590337">
				<ele>388.000000</ele>
			</trkpt>
			<trkpt lat="39.683006" lon="2.590013">
				<ele>385.000000</ele>
			</trkpt>
			<trkpt lat="39.682702" lon="2.589115">
				<ele>376.000000</ele>
			</trkpt>
			<trkpt lat="39.682661" lon="2.588747">
				<ele>371.000000</ele>
			</trkpt>
			<trkpt lat="39.682585" lon="2.588532">
				<ele>370.000000</ele>
			</trkpt>
			<trkpt lat="39.682460" lon="2.588379">
				<ele>370.000000</ele>
			</trkpt>
			<trkpt lat="39.682274" lon="2.588289">
				<ele>370.000000</ele>
			</trkpt>
			<trkpt lat="39.682053" lon="2.588208">
				<ele>370.000000</ele>
			</trkpt>
			<trkpt lat="39.681907" lon="2.588226">
				<ele>370.000000</ele>
			</trkpt>
			<trkpt lat="39.681748" lon="2.588226">
				<ele>370.000000</ele>
			</trkpt>
			<trkpt lat="39.681589" lon="2.588172">
				<ele>370.000000</ele>
			</trkpt>
			<trkpt lat="39.681485" lon="2.588092">
				<ele>370.000000</ele>
			</trkpt>
			<trkpt lat="39.681423" lon="2.587966">
				<ele>370.000000</ele>
			</trkpt>
			<trkpt lat="39.681403" lon="2.587822">
				<ele>370.000000</ele>
			</trkpt>
			<trkpt lat="39.681465" lon="2.587417">
				<ele>363.000000</ele>
			</trkpt>
			<trkpt lat="39.681686" lon="2.586717">
				<ele>348.000000</ele>
			</trkpt>
			<trkpt lat="39.681762" lon="2.586367">
				<ele>342.000000</ele>
			</trkpt>
			<trkpt lat="39.681824" lon="2.585981">
				<ele>338.000000</ele>
			</trkpt>
			<trkpt lat="39.681831" lon="2.585738">
				<ele>335.000000</ele>
			</trkpt>
			<trkpt lat="39.681783" lon="2.585415">
				<ele>332.000000</ele>
			</trkpt>
			<trkpt lat="39.681672" lon="2.585046">
				<ele>329.000000</ele>
			</trkpt>
			<trkpt lat="39.681568" lon="2.584803">
				<ele>328.000000</ele>
			</trkpt>
			<trkpt lat="39.681403" lon="2.584480">
				<ele>326.000000</ele>
			</trkpt>
			<trkpt lat="39.681140" lon="2.584103">
				<ele>323.000000</ele>
			</trkpt>
			<trkpt lat="39.680884" lon="2.583842">
				<ele>321.000000</ele>
			</trkpt>
			<trkpt lat="39.680608" lon="2.583564">
				<ele>319.000000</ele>
			</trkpt>
			<trkpt lat="39.680538" lon="2.583482">
				<ele>318.000000</ele>
			</trkpt>
			<trkpt lat="39.680469" lon="2.583304">
				<ele>317.000000</ele>
			</trkpt>
			<trkpt lat="39.680455" lon="2.583205">
				<ele>316.000000</ele>
			</trkpt>
			<trkpt lat="39.680490" lon="2.583061">
				<ele>316.000000</ele>
			</trkpt>
			<trkpt lat="39.680524" lon="2.583006">
				<ele>315.000000</ele>
			</trkpt>
			<trkpt lat="39.680683" lon="2.582702">
				<ele>314.000000</ele>
			</trkpt>
			<trkpt lat="39.680732" lon="2.582620">
				<ele>313.000000</ele>
			</trkpt>
			<trkpt lat="39.680614" lon="2.582513">
				<ele>312.000000</ele>
			</trkpt>
			<trkpt lat="39.680400" lon="2.582387">
				<ele>311.000000</ele>
			</trkpt>
			<trkpt lat="39.680179" lon="2.582297">
				<ele>309.000000</ele>
			</trkpt>
			<trkpt lat="39.679681" lon="2.581956">
				<ele>305.000000</ele>
			</trkpt>
			<trkpt lat="39.679543" lon="2.581893">
				<ele>304.000000</ele>
			</trkpt>
			<trkpt lat="39.679384" lon="2.581866">
				<ele>303.000000</ele>
			</trkpt>
			<trkpt lat="39.679287" lon="2.581874">
				<ele>303.000000</ele>
			</trkpt>
			<trkpt lat="39.679259" lon="2.581956">
				<ele>302.000000</ele>
			</trkpt>
			<trkpt lat="39.679238" lon="2.582010">
				<ele>302.000000</ele>
			</trkpt>
			<trkpt lat="39.679204" lon="2.582046">
				<ele>302.000000</ele>
			</trkpt>
			<trkpt lat="39.679148" lon="2.582082">
				<ele>301.000000</ele>
			</trkpt>
			<trkpt lat="39.679100" lon="2.582090">
				<ele>301.000000</ele>
			</trkpt>
			<trkpt lat="39.678935" lon="2.582100">
				<ele>300.000000</ele>
			</trkpt>
			<trkpt lat="39.678879" lon="2.582126">
				<ele>300.000000</ele>
			</trkpt>
			<trkpt lat="39.678796" lon="2.582180">
				<ele>300.000000</ele>
			</trkpt>
			<trkpt lat="39.678713" lon="2.582243">
				<ele>300.000000</ele>
			</trkpt>
			<trkpt lat="39.678298" lon="2.582476">
				<ele>300.000000</ele>
			</trkpt>
			<trkpt lat="39.677752" lon="2.582683">
				<ele>300.000000</ele>
			</trkpt>
			<trkpt lat="39.677544" lon="2.582773">
				<ele>300.000000</ele>
			</trkpt>
			<trkpt lat="39.677441" lon="2.582826">
				<ele>300.000000</ele>
			</trkpt>
			<trkpt lat="39.677400" lon="2.582845">
				<ele>300.000000</ele>
			</trkpt>
			<trkpt lat="39.677296" lon="2.582953">
				<ele>300.000000</ele>
			</trkpt>
			<trkpt lat="39.677275" lon="2.582998">
				<ele>300.000000</ele>
			</trkpt>
			<trkpt lat="39.677247" lon="2.583052">
				<ele>300.000000</ele>
			</trkpt>
			<trkpt lat="39.677178" lon="2.583222">
				<ele>300.000000</ele>
			</trkpt>
			<trkpt lat="39.676964" lon="2.583744">
				<ele>300.000000</ele>
			</trkpt>
			<trkpt lat="39.676950" lon="2.583780">
				<ele>300.000000</ele>
			</trkpt>
			<trkpt lat="39.676784" lon="2.584193">
				<ele>300.000000</ele>
			</trkpt>
			<trkpt lat="39.676604" lon="2.584534">
				<ele>300.000000</ele>
			</trkpt>
			<trkpt lat="39.676542" lon="2.584669">
				<ele>300.000000</ele>
			</trkpt>
			<trkpt lat="39.676487" lon="2.584767">
				<ele>300.000000</ele>
			</trkpt>
			<trkpt lat="39.676404" lon="2.584849">
				<ele>300.000000</ele>
			</trkpt>
			<trkpt lat="39.676321" lon="2.584893">
				<ele>300.000000</ele>
			</trkpt>
			<trkpt lat="39.676141" lon="2.584974">
				<ele>300.000000</ele>
			</trkpt>
			<trkpt lat="39.675989" lon="2.585055">
				<ele>299.000000</ele>
			</trkpt>
			<trkpt lat="39.675678" lon="2.585208">
				<ele>296.000000</ele>
			</trkpt>
			<trkpt lat="39.675554" lon="2.585279">
				<ele>294.000000</ele>
			</trkpt>
			<trkpt lat="39.675485" lon="2.585325">
				<ele>293.000000</ele>
			</trkpt>
			<trkpt lat="39.675387" lon="2.585442">
				<ele>292.000000</ele>
			</trkpt>
			<trkpt lat="39.675312" lon="2.585540">
				<ele>290.000000</ele>
			</trkpt>
			<trkpt lat="39.675277" lon="2.585612">
				<ele>290.000000</ele>
			</trkpt>
			<trkpt lat="39.675263" lon="2.585738">
				<ele>290.000000</ele>
			</trkpt>
			<trkpt lat="39.675263" lon="2.585872">
				<ele>290.000000</ele>
			</trkpt>
			<trkpt lat="39.675256" lon="2.585945">
				<ele>290.000000</ele>
			</trkpt>
			<trkpt lat="39.675228" lon="2.586071">
				<ele>290.000000</ele>
			</trkpt>
			<trkpt lat="39.675180" lon="2.586340">
				<ele>290.000000</ele>
			</trkpt>
			<trkpt lat="39.675139" lon="2.586457">
				<ele>290.000000</ele>
			</trkpt>
			<trkpt lat="39.675028" lon="2.586555">
				<ele>290.000000</ele>
			</trkpt>
			<trkpt lat="39.674890" lon="2.586663">
				<ele>287.000000</ele>
			</trkpt>
			<trkpt lat="39.674841" lon="2.586698">
				<ele>286.000000</ele>
			</trkpt>
			<trkpt lat="39.674814" lon="2.586726">
				<ele>286.000000</ele>
			</trkpt>
			<trkpt lat="39.674800" lon="2.586734">
				<ele>285.000000</ele>
			</trkpt>
			<trkpt lat="39.674067" lon="2.586205">
				<ele>269.000000</ele>
			</trkpt>
			<trkpt lat="39.674005" lon="2.586178">
				<ele>268.000000</ele>
			</trkpt>
			<trkpt lat="39.673921" lon="2.586205">
				<ele>268.000000</ele>
			</trkpt>
			<trkpt lat="39.673894" lon="2.586222">
				<ele>267.000000</ele>
			</trkpt>
			<trkpt lat="39.673811" lon="2.586375">
				<ele>266.000000</ele>
			</trkpt>
			<trkpt lat="39.673763" lon="2.586520">
				<ele>265.000000</ele>
			</trkpt>
			<trkpt lat="39.673679" lon="2.586834">
				<ele>263.000000</ele>
			</trkpt>
			<trkpt lat="39.673610" lon="2.586914">
				<ele>263.000000</ele>
			</trkpt>
			<trkpt lat="39.673549" lon="2.586960">
				<ele>262.000000</ele>
			</trkpt>
			<trkpt lat="39.673514" lon="2.586987">
				<ele>262.000000</ele>
			</trkpt>
			<trkpt lat="39.673445" lon="2.587004">
				<ele>261.000000</ele>
			</trkpt>
			<trkpt lat="39.673403" lon="2.586906">
				<ele>261.000000</ele>
			</trkpt>
			<trkpt lat="39.673078" lon="2.586268">
				<ele>254.000000</ele>
			</trkpt>
			<trkpt lat="39.672857" lon="2.585899">
				<ele>250.000000</ele>
			</trkpt>
			<trkpt lat="39.672733" lon="2.585639">
				<ele>247.000000</ele>
			</trkpt>
			<trkpt lat="39.672635" lon="2.585316">
				<ele>244.000000</ele>
			</trkpt>
			<trkpt lat="39.672594" lon="2.585100">
				<ele>242.000000</ele>
			</trkpt>
			<trkpt lat="39.672574" lon="2.584947">
				<ele>240.000000</ele>
			</trkpt>
			<trkpt lat="39.672594" lon="2.584740">
				<ele>238.000000</ele>
			</trkpt>
			<trkpt lat="39.672574" lon="2.584669">
				<ele>238.000000</ele>
			</trkpt>
			<trkpt lat="39.672297" lon="2.584327">
				<ele>233.000000</ele>
			</trkpt>
			<trkpt lat="39.672027" lon="2.583834">
				<ele>228.000000</ele>
			</trkpt>
			<trkpt lat="39.672006" lon="2.583744">
				<ele>227.000000</ele>
			</trkpt>
			<trkpt lat="39.671965" lon="2.583708">
				<ele>227.000000</ele>
			</trkpt>
			<trkpt lat="39.671744" lon="2.583780">
				<ele>225.000000</ele>
			</trkpt>
			<trkpt lat="39.671689" lon="2.583807">
				<ele>224.000000</ele>
			</trkpt>
			<trkpt lat="39.671585" lon="2.583788">
				<ele>223.000000</ele>
			</trkpt>
			<trkpt lat="39.671522" lon="2.583725">
				<ele>222.000000</ele>
			</trkpt>
			<trkpt lat="39.671384" lon="2.583402">
				<ele>220.000000</ele>
			</trkpt>
			<trkpt lat="39.671288" lon="2.583151">
				<ele>217.000000</ele>
			</trkpt>
			<trkpt lat="39.671177" lon="2.582998">
				<ele>215.000000</ele>
			</trkpt>
			<trkpt lat="39.671025" lon="2.582719">
				<ele>212.000000</ele>
			</trkpt>
			<trkpt lat="39.670983" lon="2.582612">
				<ele>211.000000</ele>
			</trkpt>
			<trkpt lat="39.670969" lon="2.582566">
				<ele>211.000000</ele>
			</trkpt>
			<trkpt lat="39.670969" lon="2.582495">
				<ele>210.000000</ele>
			</trkpt>
			<trkpt lat="39.670983" lon="2.582216">
				<ele>208.000000</ele>
			</trkpt>
			<trkpt lat="39.670976" lon="2.582027">
				<ele>207.000000</ele>
			</trkpt>
			<trkpt lat="39.670956" lon="2.581937">
				<ele>207.000000</ele>
			</trkpt>
			<trkpt lat="39.670914" lon="2.581821">
				<ele>206.000000</ele>
			</trkpt>
			<trkpt lat="39.670831" lon="2.581687">
				<ele>205.000000</ele>
			</trkpt>
			<trkpt lat="39.670797" lon="2.581623">
				<ele>204.000000</ele>
			</trkpt>
			<trkpt lat="39.670630" lon="2.581516">
				<ele>203.000000</ele>
			</trkpt>
			<trkpt lat="39.670714" lon="2.581318">
				<ele>201.000000</ele>
			</trkpt>
			<trkpt lat="39.670492" lon="2.581130">
				<ele>199.000000</ele>
			</trkpt>
			<trkpt lat="39.670333" lon="2.580985">
				<ele>198.000000</ele>
			</trkpt>
			<trkpt lat="39.670112" lon="2.580339">
				<ele>195.000000</ele>
			</trkpt>
			<trkpt lat="39.670001" lon="2.580006">
				<ele>193.000000</ele>
			</trkpt>
			<trkpt lat="39.669981" lon="2.579943">
				<ele>193.000000</ele>
			</trkpt>
			<trkpt lat="39.669912" lon="2.579729">
				<ele>192.000000</ele>
			</trkpt>
			<trkpt lat="39.669904" lon="2.579700">
				<ele>192.000000</ele>
			</trkpt>
			<trkpt lat="39.669856" lon="2.579539">
				<ele>191.000000</ele>
			</trkpt>
			<trkpt lat="39.669856" lon="2.579333">
				<ele>190.000000</ele>
			</trkpt>
			<trkpt lat="39.669904" lon="2.579045">
				<ele>190.000000</ele>
			</trkpt>
			<trkpt lat="39.669822" lon="2.578884">
				<ele>190.000000</ele>
			</trkpt>
			<trkpt lat="39.669814" lon="2.578866">
				<ele>190.000000</ele>
			</trkpt>
			<trkpt lat="39.669690" lon="2.578668">
				<ele>190.000000</ele>
			</trkpt>
			<trkpt lat="39.669600" lon="2.578560">
				<ele>190.000000</ele>
			</trkpt>
			<trkpt lat="39.669572" lon="2.578524">
				<ele>190.000000</ele>
			</trkpt>
			<trkpt lat="39.669490" lon="2.578398">
				<ele>190.000000</ele>
			</trkpt>
			<trkpt lat="39.669081" lon="2.577832">
				<ele>190.000000</ele>
			</trkpt>
			<trkpt lat="39.668819" lon="2.577446">
				<ele>191.000000</ele>
			</trkpt>
			<trkpt lat="39.668667" lon="2.577509">
				<ele>191.000000</ele>
			</trkpt>
			<trkpt lat="39.668660" lon="2.576934">
				<ele>195.000000</ele>
			</trkpt>
			<trkpt lat="39.668680" lon="2.576899">
				<ele>195.000000</ele>
			</trkpt>
			<trkpt lat="39.668722" lon="2.576737">
				<ele>196.000000</ele>
			</trkpt>
			<trkpt lat="39.668743" lon="2.576458">
				<ele>198.000000</ele>
			</trkpt>
			<trkpt lat="39.668833" lon="2.576098">
				<ele>201.000000</ele>
			</trkpt>
			<trkpt lat="39.668847" lon="2.575821">
				<ele>207.000000</ele>
			</trkpt>
			<trkpt lat="39.668902" lon="2.575677">
				<ele>210.000000</ele>
			</trkpt>
			<trkpt lat="39.668916" lon="2.575542">
				<ele>213.000000</ele>
			</trkpt>
			<trkpt lat="39.668860" lon="2.575299">
				<ele>218.000000</ele>
			</trkpt>
			<trkpt lat="39.668853" lon="2.575218">
				<ele>220.000000</ele>
			</trkpt>
			<trkpt lat="39.668868" lon="2.575209">
				<ele>220.000000</ele>
			</trkpt>
			<trkpt lat="39.668868" lon="2.575174">
				<ele>221.000000</ele>
			</trkpt>
			<trkpt lat="39.668839" lon="2.575056">
				<ele>223.000000</ele>
			</trkpt>
			<trkpt lat="39.668667" lon="2.574769">
				<ele>229.000000</ele>
			</trkpt>
			<trkpt lat="39.668556" lon="2.574410">
				<ele>234.000000</ele>
			</trkpt>
			<trkpt lat="39.668438" lon="2.574132">
				<ele>239.000000</ele>
			</trkpt>
			<trkpt lat="39.668376" lon="2.573960">
				<ele>242.000000</ele>
			</trkpt>
			<trkpt lat="39.668404" lon="2.573871">
				<ele>244.000000</ele>
			</trkpt>
			<trkpt lat="39.668605" lon="2.573637">
				<ele>250.000000</ele>
			</trkpt>
			<trkpt lat="39.668591" lon="2.573314">
				<ele>250.000000</ele>
			</trkpt>
			<trkpt lat="39.668515" lon="2.572775">
				<ele>250.000000</ele>
			</trkpt>
			<trkpt lat="39.668466" lon="2.572631">
				<ele>250.000000</ele>
			</trkpt>
			<trkpt lat="39.668446" lon="2.572559">
				<ele>250.000000</ele>
			</trkpt>
			<trkpt lat="39.668411" lon="2.572398">
				<ele>250.000000</ele>
			</trkpt>
			<trkpt lat="39.668418" lon="2.572263">
				<ele>250.000000</ele>
			</trkpt>
			<trkpt lat="39.668563" lon="2.571859">
				<ele>250.000000</ele>
			</trkpt>
			<trkpt lat="39.668597" lon="2.571599">
				<ele>250.000000</ele>
			</trkpt>
			<trkpt lat="39.668591" lon="2.571356">
				<ele>250.000000</ele>
			</trkpt>
			<trkpt lat="39.668570" lon="2.571194">
				<ele>250.000000</ele>
			</trkpt>
			<trkpt lat="39.668591" lon="2.571094">
				<ele>250.000000</ele>
			</trkpt>
			<trkpt lat="39.668632" lon="2.570997">
				<ele>250.000000</ele>
			</trkpt>
			<trkpt lat="39.668618" lon="2.570565">
				<ele>250.000000</ele>
			</trkpt>
			<trkpt lat="39.668839" lon="2.569765">
				<ele>250.000000</ele>
			</trkpt>
			<trkpt lat="39.668874" lon="2.569595">
				<ele>250.000000</ele>
			</trkpt>
			<trkpt lat="39.668895" lon="2.569425">
				<ele>250.000000</ele>
			</trkpt>
			<trkpt lat="39.668853" lon="2.569253">
				<ele>250.000000</ele>
			</trkpt>
			<trkpt lat="39.668646" lon="2.568976">
				<ele>250.000000</ele>
			</trkpt>
			<trkpt lat="39.668542" lon="2.568714">
				<ele>250.000000</ele>
			</trkpt>
			<trkpt lat="39.668522" lon="2.568652">
				<ele>250.000000</ele>
			</trkpt>
			<trkpt lat="39.668494" lon="2.568391">
				<ele>250.000000</ele>
			</trkpt>
			<trkpt lat="39.668570" lon="2.568167">
				<ele>247.000000</ele>
			</trkpt>
			<trkpt lat="39.668695" lon="2.568068">
				<ele>243.000000</ele>
			</trkpt>
			<trkpt lat="39.668778" lon="2.567951">
				<ele>240.000000</ele>
			</trkpt>
			<trkpt lat="39.668874" lon="2.567897">
				<ele>240.000000</ele>
			</trkpt>
			<trkpt lat="39.668950" lon="2.567618">
				<ele>240.000000</ele>
			</trkpt>
			<trkpt lat="39.669075" lon="2.567385">
				<ele>240.000000</ele>
			</trkpt>
			<trkpt lat="39.669165" lon="2.567188">
				<ele>240.000000</ele>
			</trkpt>
			<trkpt lat="39.669248" lon="2.567071">
				<ele>241.000000</ele>
			</trkpt>
			<trkpt lat="39.669282" lon="2.567079">
				<ele>242.000000</ele>
			</trkpt>
			<trkpt lat="39.669469" lon="2.567089">
				<ele>244.000000</ele>
			</trkpt>
			<trkpt lat="39.669490" lon="2.566989">
				<ele>244.000000</ele>
			</trkpt>
			<trkpt lat="39.669511" lon="2.566873">
				<ele>245.000000</ele>
			</trkpt>
			<trkpt lat="39.669531" lon="2.566865">
				<ele>245.000000</ele>
			</trkpt>
			<trkpt lat="39.669572" lon="2.566676">
				<ele>247.000000</ele>
			</trkpt>
			<trkpt lat="39.669607" lon="2.566676">
				<ele>247.000000</ele>
			</trkpt>
			<trkpt lat="39.669912" lon="2.565823">
				<ele>251.000000</ele>
			</trkpt>
			<trkpt lat="39.669932" lon="2.565768">
				<ele>251.000000</ele>
			</trkpt>
			<trkpt lat="39.669946" lon="2.565741">
				<ele>252.000000</ele>
			</trkpt>
			<trkpt lat="39.669953" lon="2.565733">
				<ele>252.000000</ele>
			</trkpt>
			<trkpt lat="39.669960" lon="2.565750">
				<ele>252.000000</ele>
			</trkpt>
			<trkpt lat="39.669953" lon="2.565804">
				<ele>252.000000</ele>
			</trkpt>
			<trkpt lat="39.669967" lon="2.565823">
				<ele>252.000000</ele>
			</trkpt>
			<trkpt lat="39.669973" lon="2.565786">
				<ele>252.000000</ele>
			</trkpt>
			<trkpt lat="39.669987" lon="2.565733">
				<ele>252.000000</ele>
			</trkpt>
			<trkpt lat="39.670008" lon="2.565651">
				<ele>252.000000</ele>
			</trkpt>
			<trkpt lat="39.670064" lon="2.565454">
				<ele>253.000000</ele>
			</trkpt>
			<trkpt lat="39.670444" lon="2.564762">
				<ele>255.000000</ele>
			</trkpt>
			<trkpt lat="39.670492" lon="2.564601">
				<ele>255.000000</ele>
			</trkpt>
			<trkpt lat="39.670499" lon="2.564519">
				<ele>255.000000</ele>
			</trkpt>
			<trkpt lat="39.670471" lon="2.564331">
				<ele>256.000000</ele>
			</trkpt>
			<trkpt lat="39.670395" lon="2.563953">
				<ele>257.000000</ele>
			</trkpt>
			<trkpt lat="39.670313" lon="2.563621">
				<ele>258.000000</ele>
			</trkpt>
			<trkpt lat="39.670298" lon="2.563469">
				<ele>258.000000</ele>
			</trkpt>
			<trkpt lat="39.670298" lon="2.563334">
				<ele>258.000000</ele>
			</trkpt>
			<trkpt lat="39.670292" lon="2.563181">
				<ele>259.000000</ele>
			</trkpt>
			<trkpt lat="39.670298" lon="2.563055">
				<ele>259.000000</ele>
			</trkpt>
			<trkpt lat="39.670340" lon="2.562894">
				<ele>259.000000</ele>
			</trkpt>
			<trkpt lat="39.670395" lon="2.562768">
				<ele>260.000000</ele>
			</trkpt>
			<trkpt lat="39.670526" lon="2.562435">
				<ele>261.000000</ele>
			</trkpt>
			<trkpt lat="39.670575" lon="2.562301">
				<ele>261.000000</ele>
			</trkpt>
			<trkpt lat="39.670665" lon="2.562157">
				<ele>262.000000</ele>
			</trkpt>
			<trkpt lat="39.670797" lon="2.562022">
				<ele>263.000000</ele>
			</trkpt>
			<trkpt lat="39.670921" lon="2.561941">
				<ele>263.000000</ele>
			</trkpt>
			<trkpt lat="39.671177" lon="2.561861">
				<ele>265.000000</ele>
			</trkpt>
			<trkpt lat="39.671426" lon="2.561834">
				<ele>266.000000</ele>
			</trkpt>
			<trkpt lat="39.671702" lon="2.561789">
				<ele>267.000000</ele>
			</trkpt>
			<trkpt lat="39.672041" lon="2.561735">
				<ele>268.000000</ele>
			</trkpt>
			<trkpt lat="39.672234" lon="2.561591">
				<ele>269.000000</ele>
			</trkpt>
			<trkpt lat="39.672394" lon="2.561447">
				<ele>271.000000</ele>
			</trkpt>
			<trkpt lat="39.672525" lon="2.561286">
				<ele>274.000000</ele>
			</trkpt>
			<trkpt lat="39.672649" lon="2.561115">
				<ele>276.000000</ele>
			</trkpt>
			<trkpt lat="39.672656" lon="2.561060">
				<ele>277.000000</ele>
			</trkpt>
			<trkpt lat="39.672580" lon="2.560854">
				<ele>279.000000</ele>
			</trkpt>
			<trkpt lat="39.672580" lon="2.560800">
				<ele>280.000000</ele>
			</trkpt>
			<trkpt lat="39.672622" lon="2.560666">
				<ele>281.000000</ele>
			</trkpt>
			<trkpt lat="39.672622" lon="2.560647">
				<ele>281.000000</ele>
			</trkpt>
			<trkpt lat="39.672580" lon="2.560603">
				<ele>281.000000</ele>
			</trkpt>
			<trkpt lat="39.672539" lon="2.560567">
				<ele>282.000000</ele>
			</trkpt>
			<trkpt lat="39.672518" lon="2.560557">
				<ele>282.000000</ele>
			</trkpt>
			<trkpt lat="39.672491" lon="2.560630">
				<ele>282.000000</ele>
			</trkpt>
			<trkpt lat="39.672435" lon="2.560612">
				<ele>283.000000</ele>
			</trkpt>
			<trkpt lat="39.672387" lon="2.560576">
				<ele>283.000000</ele>
			</trkpt>
			<trkpt lat="39.672318" lon="2.560576">
				<ele>284.000000</ele>
			</trkpt>
			<trkpt lat="39.672255" lon="2.560603">
				<ele>284.000000</ele>
			</trkpt>
			<trkpt lat="39.672207" lon="2.560657">
				<ele>285.000000</ele>
			</trkpt>
			<trkpt lat="39.672138" lon="2.560693">
				<ele>285.000000</ele>
			</trkpt>
			<trkpt lat="39.671923" lon="2.560747">
				<ele>287.000000</ele>
			</trkpt>
			<trkpt lat="39.671875" lon="2.560720">
				<ele>288.000000</ele>
			</trkpt>
			<trkpt lat="39.671882" lon="2.560594">
				<ele>288.000000</ele>
			</trkpt>
			<trkpt lat="39.671889" lon="2.560468">
				<ele>289.000000</ele>
			</trkpt>
			<trkpt lat="39.671813" lon="2.560351">
				<ele>290.000000</ele>
			</trkpt>
			<trkpt lat="39.671751" lon="2.560226">
				<ele>291.000000</ele>
			</trkpt>
			<trkpt lat="39.671744" lon="2.560136">
				<ele>292.000000</ele>
			</trkpt>
			<trkpt lat="39.671917" lon="2.559965">
				<ele>295.000000</ele>
			</trkpt>
			<trkpt lat="39.672200" lon="2.559597">
				<ele>299.000000</ele>
			</trkpt>
			<trkpt lat="39.672283" lon="2.559498">
				<ele>301.000000</ele>
			</trkpt>
			<trkpt lat="39.672373" lon="2.559462">
				<ele>302.000000</ele>
			</trkpt>
			<trkpt lat="39.672961" lon="2.558932">
				<ele>309.000000</ele>
			</trkpt>
			<trkpt lat="39.673140" lon="2.558680">
				<ele>314.000000</ele>
			</trkpt>
			<trkpt lat="39.673286" lon="2.558456">
				<ele>318.000000</ele>
			</trkpt>
			<trkpt lat="39.673403" lon="2.558204">
				<ele>321.000000</ele>
			</trkpt>
			<trkpt lat="39.673465" lon="2.558123">
				<ele>322.000000</ele>
			</trkpt>
			<trkpt lat="39.673520" lon="2.558114">
				<ele>323.000000</ele>
			</trkpt>
			<trkpt lat="39.673569" lon="2.558114">
				<ele>323.000000</ele>
			</trkpt>
			<trkpt lat="39.673604" lon="2.558079">
				<ele>324.000000</ele>
			</trkpt>
			<trkpt lat="39.673638" lon="2.558033">
				<ele>324.000000</ele>
			</trkpt>
			<trkpt lat="39.673652" lon="2.557980">
				<ele>325.000000</ele>
			</trkpt>
			<trkpt lat="39.673631" lon="2.557873">
				<ele>326.000000</ele>
			</trkpt>
			<trkpt lat="39.673528" lon="2.557783">
				<ele>327.000000</ele>
			</trkpt>
			<trkpt lat="39.673514" lon="2.557693">
				<ele>328.000000</ele>
			</trkpt>
			<trkpt lat="39.673514" lon="2.557441">
				<ele>329.000000</ele>
			</trkpt>
			<trkpt lat="39.673528" lon="2.557368">
				<ele>330.000000</ele>
			</trkpt>
			<trkpt lat="39.673514" lon="2.557244">
				<ele>332.000000</ele>
			</trkpt>
			<trkpt lat="39.673459" lon="2.557037">
				<ele>335.000000</ele>
			</trkpt>
			<trkpt lat="39.673424" lon="2.556812">
				<ele>338.000000</ele>
			</trkpt>
			<trkpt lat="39.673396" lon="2.556462">
				<ele>344.000000</ele>
			</trkpt>
			<trkpt lat="39.673341" lon="2.556129">
				<ele>350.000000</ele>
			</trkpt>
			<trkpt lat="39.673389" lon="2.556012">
				<ele>350.000000</ele>
			</trkpt>
			<trkpt lat="39.673604" lon="2.555913">
				<ele>350.000000</ele>
			</trkpt>
			<trkpt lat="39.673631" lon="2.555815">
				<ele>350.000000</ele>
			</trkpt>
			<trkpt lat="39.673597" lon="2.555617">
				<ele>355.000000</ele>
			</trkpt>
			<trkpt lat="39.673555" lon="2.555223">
				<ele>364.000000</ele>
			</trkpt>
			<trkpt lat="39.673618" lon="2.555070">
				<ele>367.000000</ele>
			</trkpt>
			<trkpt lat="39.673562" lon="2.554871">
				<ele>370.000000</ele>
			</trkpt>
			<trkpt lat="39.673549" lon="2.554800">
				<ele>371.000000</ele>
			</trkpt>
			<trkpt lat="39.673562" lon="2.554737">
				<ele>371.000000</ele>
			</trkpt>
			<trkpt lat="39.673631" lon="2.554718">
				<ele>372.000000</ele>
			</trkpt>
			<trkpt lat="39.673708" lon="2.554746">
				<ele>372.000000</ele>
			</trkpt>
			<trkpt lat="39.673866" lon="2.554746">
				<ele>373.000000</ele>
			</trkpt>
			<trkpt lat="39.674025" lon="2.554611">
				<ele>374.000000</ele>
			</trkpt>
			<trkpt lat="39.674067" lon="2.554548">
				<ele>375.000000</ele>
			</trkpt>
			<trkpt lat="39.674101" lon="2.554531">
				<ele>375.000000</ele>
			</trkpt>
			<trkpt lat="39.674240" lon="2.554485">
				<ele>376.000000</ele>
			</trkpt>
			<trkpt lat="39.674322" lon="2.554431">
				<ele>377.000000</ele>
			</trkpt>
			<trkpt lat="39.674399" lon="2.554395">
				<ele>377.000000</ele>
			</trkpt>
			<trkpt lat="39.674599" lon="2.554395">
				<ele>378.000000</ele>
			</trkpt>
			<trkpt lat="39.674668" lon="2.554368">
				<ele>379.000000</ele>
			</trkpt>
			<trkpt lat="39.674723" lon="2.554225">
				<ele>380.000000</ele>
			</trkpt>
			<trkpt lat="39.674911" lon="2.553560">
				<ele>389.000000</ele>
			</trkpt>
			<trkpt lat="39.675084" lon="2.553309">
				<ele>392.000000</ele>
			</trkpt>
			<trkpt lat="39.675222" lon="2.553183">
				<ele>393.000000</ele>
			</trkpt>
			<trkpt lat="39.675374" lon="2.553093">
				<ele>394.000000</ele>
			</trkpt>
			<trkpt lat="39.675616" lon="2.552716">
				<ele>397.000000</ele>
			</trkpt>
			<trkpt lat="39.675788" lon="2.552464">
				<ele>399.000000</ele>
			</trkpt>
			<trkpt lat="39.675899" lon="2.552294">
				<ele>401.000000</ele>
			</trkpt>
			<trkpt lat="39.675982" lon="2.552158">
				<ele>402.000000</ele>
			</trkpt>
			<trkpt lat="39.676038" lon="2.552068">
				<ele>402.000000</ele>
			</trkpt>
			<trkpt lat="39.676093" lon="2.552041">
				<ele>403.000000</ele>
			</trkpt>
			<trkpt lat="39.676259" lon="2.551952">
				<ele>404.000000</ele>
			</trkpt>
			<trkpt lat="39.676349" lon="2.551997">
				<ele>405.000000</ele>
			</trkpt>
			<trkpt lat="39.676473" lon="2.552104">
				<ele>406.000000</ele>
			</trkpt>
			<trkpt lat="39.676529" lon="2.552131">
				<ele>407.000000</ele>
			</trkpt>
			<trkpt lat="39.676604" lon="2.552141">
				<ele>407.000000</ele>
			</trkpt>
			<trkpt lat="39.676722" lon="2.552078">
				<ele>408.000000</ele>
			</trkpt>
			<trkpt lat="39.676798" lon="2.551970">
				<ele>409.000000</ele>
			</trkpt>
			<trkpt lat="39.676846" lon="2.551827">
				<ele>410.000000</ele>
			</trkpt>
			<trkpt lat="39.676936" lon="2.551467">
				<ele>416.000000</ele>
			</trkpt>
			<trkpt lat="39.677005" lon="2.551179">
				<ele>420.000000</ele>
			</trkpt>
			<trkpt lat="39.676991" lon="2.550793">
				<ele>423.000000</ele>
			</trkpt>
			<trkpt lat="39.676936" lon="2.550739">
				<ele>424.000000</ele>
			</trkpt>
			<trkpt lat="39.676840" lon="2.550785">
				<ele>425.000000</ele>
			</trkpt>
			<trkpt lat="39.676653" lon="2.550973">
				<ele>428.000000</ele>
			</trkpt>
			<trkpt lat="39.676632" lon="2.550955">
				<ele>428.000000</ele>
			</trkpt>
			<trkpt lat="39.676618" lon="2.550928">
				<ele>428.000000</ele>
			</trkpt>
			<trkpt lat="39.676881" lon="2.550209">
				<ele>432.000000</ele>
			</trkpt>
			<trkpt lat="39.676812" lon="2.550156">
				<ele>433.000000</ele>
			</trkpt>
			<trkpt lat="39.676888" lon="2.550057">
				<ele>433.000000</ele>
			</trkpt>
			<trkpt lat="39.676936" lon="2.549984">
				<ele>434.000000</ele>
			</trkpt>
			<trkpt lat="39.676895" lon="2.549904">
				<ele>434.000000</ele>
			</trkpt>
			<trkpt lat="39.677005" lon="2.549787">
				<ele>435.000000</ele>
			</trkpt>
			<trkpt lat="39.677206" lon="2.549661">
				<ele>436.000000</ele>
			</trkpt>
			<trkpt lat="39.677337" lon="2.549554">
				<ele>437.000000</ele>
			</trkpt>
			<trkpt lat="39.677365" lon="2.549473">
				<ele>437.000000</ele>
			</trkpt>
			<trkpt lat="39.677351" lon="2.549357">
				<ele>438.000000</ele>
			</trkpt>
			<trkpt lat="39.677302" lon="2.549032">
				<ele>439.000000</ele>
			</trkpt>
			<trkpt lat="39.677261" lon="2.548915">
				<ele>440.000000</ele>
			</trkpt>
			<trkpt lat="39.677241" lon="2.548799">
				<ele>440.000000</ele>
			</trkpt>
			<trkpt lat="39.677227" lon="2.548556">
				<ele>440.000000</ele>
			</trkpt>
			<trkpt lat="39.677289" lon="2.548431">
				<ele>440.000000</ele>
			</trkpt>
			<trkpt lat="39.677448" lon="2.548196">
				<ele>438.000000</ele>
			</trkpt>
			<trkpt lat="39.677600" lon="2.547900">
				<ele>436.000000</ele>
			</trkpt>
			<trkpt lat="39.677773" lon="2.547631">
				<ele>434.000000</ele>
			</trkpt>
			<trkpt lat="39.677863" lon="2.547244">
				<ele>432.000000</ele>
			</trkpt>
			<trkpt lat="39.678112" lon="2.547317">
				<ele>430.000000</ele>
			</trkpt>
			<trkpt lat="39.678361" lon="2.547074">
				<ele>430.000000</ele>
			</trkpt>
			<trkpt lat="39.678755" lon="2.546921">
				<ele>430.000000</ele>
			</trkpt>
			<trkpt lat="39.679218" lon="2.546625">
				<ele>430.000000</ele>
			</trkpt>
			<trkpt lat="39.679557" lon="2.546588">
				<ele>430.000000</ele>
			</trkpt>
			<trkpt lat="39.679653" lon="2.546491">
				<ele>430.000000</ele>
			</trkpt>
			<trkpt lat="39.679854" lon="2.545862">
				<ele>433.000000</ele>
			</trkpt>
			<trkpt lat="39.680075" lon="2.545359">
				<ele>436.000000</ele>
			</trkpt>
			<trkpt lat="39.680137" lon="2.545160">
				<ele>438.000000</ele>
			</trkpt>
			<trkpt lat="39.680082" lon="2.544407">
				<ele>443.000000</ele>
			</trkpt>
			<trkpt lat="39.679923" lon="2.544028">
				<ele>448.000000</ele>
			</trkpt>
			<trkpt lat="39.679757" lon="2.543732">
				<ele>450.000000</ele>
			</trkpt>
			<trkpt lat="39.679722" lon="2.543229">
				<ele>450.000000</ele>
			</trkpt>
			<trkpt lat="39.679681" lon="2.542843">
				<ele>450.000000</ele>
			</trkpt>
			<trkpt lat="39.679750" lon="2.542493">
				<ele>450.000000</ele>
			</trkpt>
			<trkpt lat="39.679881" lon="2.542313">
				<ele>450.000000</ele>
			</trkpt>
			<trkpt lat="39.680103" lon="2.542269">
				<ele>446.000000</ele>
			</trkpt>
			<trkpt lat="39.680282" lon="2.541738">
				<ele>440.000000</ele>
			</trkpt>
			<trkpt lat="39.680276" lon="2.541577">
				<ele>443.000000</ele>
			</trkpt>
			<trkpt lat="39.680227" lon="2.541433">
				<ele>448.000000</ele>
			</trkpt>
			<trkpt lat="39.680186" lon="2.541280">
				<ele>450.000000</ele>
			</trkpt>
			<trkpt lat="39.680317" lon="2.541047">
				<ele>450.000000</ele>
			</trkpt>
			<trkpt lat="39.680351" lon="2.540885">
				<ele>450.000000</ele>
			</trkpt>
			<trkpt lat="39.680407" lon="2.540768">
				<ele>450.000000</ele>
			</trkpt>
			<trkpt lat="39.680407" lon="2.540499">
				<ele>451.000000</ele>
			</trkpt>
			<trkpt lat="39.680635" lon="2.539430">
				<ele>456.000000</ele>
			</trkpt>
			<trkpt lat="39.680656" lon="2.539017">
				<ele>458.000000</ele>
			</trkpt>
			<trkpt lat="39.680559" lon="2.538630">
				<ele>460.000000</ele>
			</trkpt>
			<trkpt lat="39.680462" lon="2.538101">
				<ele>460.000000</ele>
			</trkpt>
			<trkpt lat="39.680441" lon="2.537705">
				<ele>460.000000</ele>
			</trkpt>
			<trkpt lat="39.680317" lon="2.537516">
				<ele>460.000000</ele>
			</trkpt>
			<trkpt lat="39.680310" lon="2.537273">
				<ele>460.000000</ele>
			</trkpt>
			<trkpt lat="39.680324" lon="2.537139">
				<ele>460.000000</ele>
			</trkpt>
			<trkpt lat="39.680144" lon="2.536869">
				<ele>460.000000</ele>
			</trkpt>
			<trkpt lat="39.679895" lon="2.536393">
				<ele>457.000000</ele>
			</trkpt>
			<trkpt lat="39.679578" lon="2.535747">
				<ele>447.000000</ele>
			</trkpt>
			<trkpt lat="39.679480" lon="2.535243">
				<ele>441.000000</ele>
			</trkpt>
			<trkpt lat="39.679605" lon="2.534848">
				<ele>437.000000</ele>
			</trkpt>
			<trkpt lat="39.679695" lon="2.534120">
				<ele>430.000000</ele>
			</trkpt>
			<trkpt lat="39.679799" lon="2.533600">
				<ele>427.000000</ele>
			</trkpt>
			<trkpt lat="39.680227" lon="2.532979">
				<ele>423.000000</ele>
			</trkpt>
			<trkpt lat="39.680338" lon="2.532764">
				<ele>421.000000</ele>
			</trkpt>
			<trkpt lat="39.680455" lon="2.532522">
				<ele>420.000000</ele>
			</trkpt>
			<trkpt lat="39.680531" lon="2.532369">
				<ele>420.000000</ele>
			</trkpt>
			<trkpt lat="39.680531" lon="2.532036">
				<ele>420.000000</ele>
			</trkpt>
			<trkpt lat="39.680504" lon="2.531803">
				<ele>420.000000</ele>
			</trkpt>
			<trkpt lat="39.680566" lon="2.531551">
				<ele>418.000000</ele>
			</trkpt>
			<trkpt lat="39.680587" lon="2.531219">
				<ele>415.000000</ele>
			</trkpt>
			<trkpt lat="39.680504" lon="2.530940">
				<ele>412.000000</ele>
			</trkpt>
			<trkpt lat="39.680414" lon="2.530717">
				<ele>409.000000</ele>
			</trkpt>
			<trkpt lat="39.680338" lon="2.530564">
				<ele>406.000000</ele>
			</trkpt>
			<trkpt lat="39.680324" lon="2.530518">
				<ele>405.000000</ele>
			</trkpt>
			<trkpt lat="39.680338" lon="2.530464">
				<ele>404.000000</ele>
			</trkpt>
			<trkpt lat="39.680365" lon="2.530455">
				<ele>403.000000</ele>
			</trkpt>
			<trkpt lat="39.680441" lon="2.530438">
				<ele>402.000000</ele>
			</trkpt>
			<trkpt lat="39.680462" lon="2.530357">
				<ele>401.000000</ele>
			</trkpt>
			<trkpt lat="39.680476" lon="2.530151">
				<ele>397.000000</ele>
			</trkpt>
			<trkpt lat="39.680490" lon="2.529826">
				<ele>392.000000</ele>
			</trkpt>
			<trkpt lat="39.680497" lon="2.529683">
				<ele>390.000000</ele>
			</trkpt>
			<trkpt lat="39.680524" lon="2.529646">
				<ele>389.000000</ele>
			</trkpt>
			<trkpt lat="39.680511" lon="2.529619">
				<ele>389.000000</ele>
			</trkpt>
			<trkpt lat="39.680490" lon="2.529566">
				<ele>388.000000</ele>
			</trkpt>
			<trkpt lat="39.680469" lon="2.529512">
				<ele>388.000000</ele>
			</trkpt>
			<trkpt lat="39.680428" lon="2.529432">
				<ele>387.000000</ele>
			</trkpt>
			<trkpt lat="39.680428" lon="2.529306">
				<ele>386.000000</ele>
			</trkpt>
			<trkpt lat="39.680400" lon="2.529170">
				<ele>385.000000</ele>
			</trkpt>
			<trkpt lat="39.680359" lon="2.528982">
				<ele>384.000000</ele>
			</trkpt>
			<trkpt lat="39.680303" lon="2.528784">
				<ele>383.000000</ele>
			</trkpt>
			<trkpt lat="39.680262" lon="2.528677">
				<ele>382.000000</ele>
			</trkpt>
			<trkpt lat="39.680227" lon="2.528640">
				<ele>381.000000</ele>
			</trkpt>
			<trkpt lat="39.680179" lon="2.528650">
				<ele>381.000000</ele>
			</trkpt>
			<trkpt lat="39.680172" lon="2.528623">
				<ele>381.000000</ele>
			</trkpt>
			<trkpt lat="39.680165" lon="2.528596">
				<ele>380.000000</ele>
			</trkpt>
			<trkpt lat="39.680186" lon="2.528551">
				<ele>380.000000</ele>
			</trkpt>
			<trkpt lat="39.680213" lon="2.528514">
				<ele>380.000000</ele>
			</trkpt>
			<trkpt lat="39.680186" lon="2.528497">
				<ele>380.000000</ele>
			</trkpt>
			<trkpt lat="39.680158" lon="2.528524">
				<ele>380.000000</ele>
			</trkpt>
			<trkpt lat="39.680075" lon="2.528577">
				<ele>383.000000</ele>
			</trkpt>
			<trkpt lat="39.680013" lon="2.528631">
				<ele>385.000000</ele>
			</trkpt>
			<trkpt lat="39.679958" lon="2.528667">
				<ele>387.000000</ele>
			</trkpt>
			<trkpt lat="39.679820" lon="2.528650">
				<ele>390.000000</ele>
			</trkpt>
			<trkpt lat="39.679750" lon="2.528587">
				<ele>390.000000</ele>
			</trkpt>
			<trkpt lat="39.679688" lon="2.528461">
				<ele>390.000000</ele>
			</trkpt>
			<trkpt lat="39.679605" lon="2.528417">
				<ele>390.000000</ele>
			</trkpt>
			<trkpt lat="39.679557" lon="2.528273">
				<ele>389.000000</ele>
			</trkpt>
			<trkpt lat="39.679522" lon="2.528147">
				<ele>386.000000</ele>
			</trkpt>
			<trkpt lat="39.679543" lon="2.528084">
				<ele>385.000000</ele>
			</trkpt>
			<trkpt lat="39.679563" lon="2.527985">
				<ele>382.000000</ele>
			</trkpt>
			<trkpt lat="39.679619" lon="2.527788">
				<ele>377.000000</ele>
			</trkpt>
			<trkpt lat="39.679633" lon="2.527589">
				<ele>372.000000</ele>
			</trkpt>
			<trkpt lat="39.679653" lon="2.527419">
				<ele>368.000000</ele>
			</trkpt>
			<trkpt lat="39.679709" lon="2.527248">
				<ele>364.000000</ele>
			</trkpt>
			<trkpt lat="39.679716" lon="2.527141">
				<ele>362.000000</ele>
			</trkpt>
			<trkpt lat="39.679702" lon="2.527069">
				<ele>361.000000</ele>
			</trkpt>
			<trkpt lat="39.679702" lon="2.526969">
				<ele>360.000000</ele>
			</trkpt>
			<trkpt lat="39.679639" lon="2.526880">
				<ele>360.000000</ele>
			</trkpt>
			<trkpt lat="39.679605" lon="2.526826">
				<ele>360.000000</ele>
			</trkpt>
			<trkpt lat="39.679549" lon="2.526772">
				<ele>360.000000</ele>
			</trkpt>
			<trkpt lat="39.679446" lon="2.526619">
				<ele>360.000000</ele>
			</trkpt>
			<trkpt lat="39.679390" lon="2.526575">
				<ele>360.000000</ele>
			</trkpt>
			<trkpt lat="39.679377" lon="2.526503">
				<ele>360.000000</ele>
			</trkpt>
			<trkpt lat="39.679204" lon="2.526369">
				<ele>360.000000</ele>
			</trkpt>
			<trkpt lat="39.679156" lon="2.526233">
				<ele>360.000000</ele>
			</trkpt>
			<trkpt lat="39.679156" lon="2.526063">
				<ele>360.000000</ele>
			</trkpt>
			<trkpt lat="39.679211" lon="2.525893">
				<ele>360.000000</ele>
			</trkpt>
			<trkpt lat="39.679266" lon="2.525830">
				<ele>360.000000</ele>
			</trkpt>
			<trkpt lat="39.679349" lon="2.525730">
				<ele>359.000000</ele>
			</trkpt>
			<trkpt lat="39.679390" lon="2.525658">
				<ele>359.000000</ele>
			</trkpt>
			<trkpt lat="39.679390" lon="2.525560">
				<ele>358.000000</ele>
			</trkpt>
			<trkpt lat="39.679349" lon="2.525371">
				<ele>357.000000</ele>
			</trkpt>
			<trkpt lat="39.679301" lon="2.525191">
				<ele>356.000000</ele>
			</trkpt>
			<trkpt lat="39.679301" lon="2.525084">
				<ele>355.000000</ele>
			</trkpt>
			<trkpt lat="39.679425" lon="2.524598">
				<ele>353.000000</ele>
			</trkpt>
			<trkpt lat="39.679570" lon="2.524373">
				<ele>351.000000</ele>
			</trkpt>
			<trkpt lat="39.679695" lon="2.523969">
				<ele>350.000000</ele>
			</trkpt>
			<trkpt lat="39.679722" lon="2.523556">
				<ele>354.000000</ele>
			</trkpt>
			<trkpt lat="39.679764" lon="2.523466">
				<ele>355.000000</ele>
			</trkpt>
			<trkpt lat="39.679791" lon="2.522954">
				<ele>360.000000</ele>
			</trkpt>
			<trkpt lat="39.679861" lon="2.522703">
				<ele>361.000000</ele>
			</trkpt>
			<trkpt lat="39.679826" lon="2.522407">
				<ele>363.000000</ele>
			</trkpt>
			<trkpt lat="39.679791" lon="2.522029">
				<ele>364.000000</ele>
			</trkpt>
			<trkpt lat="39.679771" lon="2.521805">
				<ele>365.000000</ele>
			</trkpt>
			<trkpt lat="39.679799" lon="2.521643">
				<ele>366.000000</ele>
			</trkpt>
			<trkpt lat="39.679847" lon="2.521545">
				<ele>366.000000</ele>
			</trkpt>
			<trkpt lat="39.679889" lon="2.521373">
				<ele>367.000000</ele>
			</trkpt>
			<trkpt lat="39.679605" lon="2.520780">
				<ele>369.000000</ele>
			</trkpt>
			<trkpt lat="39.679522" lon="2.520619">
				<ele>370.000000</ele>
			</trkpt>
			<trkpt lat="39.679425" lon="2.520457">
				<ele>371.000000</ele>
			</trkpt>
			<trkpt lat="39.679259" lon="2.520178">
				<ele>373.000000</ele>
			</trkpt>
			<trkpt lat="39.679004" lon="2.519801">
				<ele>375.000000</ele>
			</trkpt>
			<trkpt lat="39.678824" lon="2.519505">
				<ele>376.000000</ele>
			</trkpt>
			<trkpt lat="39.678969" lon="2.519029">
				<ele>378.000000</ele>
			</trkpt>
			<trkpt lat="39.678983" lon="2.518921">
				<ele>379.000000</ele>
			</trkpt>
			<trkpt lat="39.678962" lon="2.518687">
				<ele>380.000000</ele>
			</trkpt>
			<trkpt lat="39.678976" lon="2.518606">
				<ele>380.000000</ele>
			</trkpt>
			<trkpt lat="39.679031" lon="2.518553">
				<ele>380.000000</ele>
			</trkpt>
			<trkpt lat="39.679460" lon="2.518203">
				<ele>380.000000</ele>
			</trkpt>
			<trkpt lat="39.679992" lon="2.517735">
				<ele>380.000000</ele>
			</trkpt>
			<trkpt lat="39.680040" lon="2.517654">
				<ele>380.000000</ele>
			</trkpt>
			<trkpt lat="39.680082" lon="2.517448">
				<ele>380.000000</ele>
			</trkpt>
			<trkpt lat="39.680103" lon="2.517358">
				<ele>380.000000</ele>
			</trkpt>
			<trkpt lat="39.680110" lon="2.517268">
				<ele>380.000000</ele>
			</trkpt>
			<trkpt lat="39.680075" lon="2.517115">
				<ele>380.000000</ele>
			</trkpt>
			<trkpt lat="39.680068" lon="2.516945">
				<ele>380.000000</ele>
			</trkpt>
			<trkpt lat="39.680040" lon="2.516811">
				<ele>380.000000</ele>
			</trkpt>
			<trkpt lat="39.680027" lon="2.516693">
				<ele>380.000000</ele>
			</trkpt>
			<trkpt lat="39.680034" lon="2.516558">
				<ele>380.000000</ele>
			</trkpt>
			<trkpt lat="39.680179" lon="2.516343">
				<ele>380.000000</ele>
			</trkpt>
			<trkpt lat="39.680207" lon="2.516235">
				<ele>380.000000</ele>
			</trkpt>
			<trkpt lat="39.680165" lon="2.516073">
				<ele>380.000000</ele>
			</trkpt>
			<trkpt lat="39.680082" lon="2.515975">
				<ele>380.000000</ele>
			</trkpt>
			<trkpt lat="39.679557" lon="2.515975">
				<ele>380.000000</ele>
			</trkpt>
			<trkpt lat="39.679287" lon="2.516029">
				<ele>380.000000</ele>
			</trkpt>
			<trkpt lat="39.679211" lon="2.516029">
				<ele>380.000000</ele>
			</trkpt>
			<trkpt lat="39.679163" lon="2.515966">
				<ele>380.000000</ele>
			</trkpt>
			<trkpt lat="39.678747" lon="2.515247">
				<ele>380.000000</ele>
			</trkpt>
			<trkpt lat="39.678858" lon="2.514995">
				<ele>380.000000</ele>
			</trkpt>
			<trkpt lat="39.678989" lon="2.514798">
				<ele>378.000000</ele>
			</trkpt>
			<trkpt lat="39.679211" lon="2.514637">
				<ele>375.000000</ele>
			</trkpt>
			<trkpt lat="39.679280" lon="2.514528">
				<ele>374.000000</ele>
			</trkpt>
			<trkpt lat="39.679287" lon="2.514222">
				<ele>370.000000</ele>
			</trkpt>
			<trkpt lat="39.679328" lon="2.513882">
				<ele>370.000000</ele>
			</trkpt>
			<trkpt lat="39.679377" lon="2.513549">
				<ele>370.000000</ele>
			</trkpt>
			<trkpt lat="39.679321" lon="2.513406">
				<ele>370.000000</ele>
			</trkpt>
			<trkpt lat="39.679211" lon="2.513235">
				<ele>370.000000</ele>
			</trkpt>
			<trkpt lat="39.679142" lon="2.513180">
				<ele>370.000000</ele>
			</trkpt>
			<trkpt lat="39.678707" lon="2.512759">
				<ele>370.000000</ele>
			</trkpt>
			<trkpt lat="39.678506" lon="2.512463">
				<ele>370.000000</ele>
			</trkpt>
			<trkpt lat="39.678436" lon="2.512283">
				<ele>370.000000</ele>
			</trkpt>
			<trkpt lat="39.678409" lon="2.512174">
				<ele>370.000000</ele>
			</trkpt>
			<trkpt lat="39.678450" lon="2.512031">
				<ele>370.000000</ele>
			</trkpt>
			<trkpt lat="39.678678" lon="2.511582">
				<ele>370.000000</ele>
			</trkpt>
			<trkpt lat="39.678720" lon="2.511492">
				<ele>370.000000</ele>
			</trkpt>
			<trkpt lat="39.678776" lon="2.511295">
				<ele>370.000000</ele>
			</trkpt>
			<trkpt lat="39.678734" lon="2.510882">
				<ele>370.000000</ele>
			</trkpt>
			<trkpt lat="39.678707" lon="2.510656">
				<ele>370.000000</ele>
			</trkpt>
			<trkpt lat="39.678644" lon="2.510522">
				<ele>370.000000</ele>
			</trkpt>
			<trkpt lat="39.678589" lon="2.510414">
				<ele>370.000000</ele>
			</trkpt>
			<trkpt lat="39.678492" lon="2.510297">
				<ele>370.000000</ele>
			</trkpt>
			<trkpt lat="39.678430" lon="2.510136">
				<ele>370.000000</ele>
			</trkpt>
			<trkpt lat="39.678450" lon="2.509956">
				<ele>370.000000</ele>
			</trkpt>
			<trkpt lat="39.678492" lon="2.509830">
				<ele>370.000000</ele>
			</trkpt>
			<trkpt lat="39.678665" lon="2.509794">
				<ele>370.000000</ele>
			</trkpt>
			<trkpt lat="39.678927" lon="2.509911">
				<ele>363.000000</ele>
			</trkpt>
			<trkpt lat="39.679017" lon="2.509920">
				<ele>361.000000</ele>
			</trkpt>
			<trkpt lat="39.679301" lon="2.509668">
				<ele>360.000000</ele>
			</trkpt>
			<trkpt lat="39.679681" lon="2.509471">
				<ele>360.000000</ele>
			</trkpt>
			<trkpt lat="39.680061" lon="2.509345">
				<ele>360.000000</ele>
			</trkpt>
			<trkpt lat="39.680234" lon="2.509255">
				<ele>360.000000</ele>
			</trkpt>
			<trkpt lat="39.680656" lon="2.509148">
				<ele>360.000000</ele>
			</trkpt>
			<trkpt lat="39.680725" lon="2.509058">
				<ele>360.000000</ele>
			</trkpt>
			<trkpt lat="39.680912" lon="2.508779">
				<ele>360.000000</ele>
			</trkpt>
			<trkpt lat="39.680960" lon="2.508708">
				<ele>360.000000</ele>
			</trkpt>
			<trkpt lat="39.681299" lon="2.507907">
				<ele>360.000000</ele>
			</trkpt>
			<trkpt lat="39.681306" lon="2.507710">
				<ele>360.000000</ele>
			</trkpt>
			<trkpt lat="39.681292" lon="2.507603">
				<ele>360.000000</ele>
			</trkpt>
			<trkpt lat="39.681243" lon="2.507530">
				<ele>360.000000</ele>
			</trkpt>
			<trkpt lat="39.681174" lon="2.507486">
				<ele>360.000000</ele>
			</trkpt>
			<trkpt lat="39.681057" lon="2.507513">
				<ele>360.000000</ele>
			</trkpt>
			<trkpt lat="39.680919" lon="2.507647">
				<ele>360.000000</ele>
			</trkpt>
			<trkpt lat="39.680559" lon="2.507719">
				<ele>360.000000</ele>
			</trkpt>
			<trkpt lat="39.680144" lon="2.507782">
				<ele>360.000000</ele>
			</trkpt>
			<trkpt lat="39.679985" lon="2.507727">
				<ele>360.000000</ele>
			</trkpt>
			<trkpt lat="39.679785" lon="2.507566">
				<ele>360.000000</ele>
			</trkpt>
			<trkpt lat="39.679598" lon="2.507404">
				<ele>360.000000</ele>
			</trkpt>
			<trkpt lat="39.679543" lon="2.507360">
				<ele>360.000000</ele>
			</trkpt>
			<trkpt lat="39.679522" lon="2.507306">
				<ele>360.000000</ele>
			</trkpt>
			<trkpt lat="39.679536" lon="2.507207">
				<ele>360.000000</ele>
			</trkpt>
			<trkpt lat="39.679785" lon="2.506811">
				<ele>355.000000</ele>
			</trkpt>
			<trkpt lat="39.679820" lon="2.506624">
				<ele>352.000000</ele>
			</trkpt>
			<trkpt lat="39.679826" lon="2.506452">
				<ele>350.000000</ele>
			</trkpt>
			<trkpt lat="39.679826" lon="2.506308">
				<ele>349.000000</ele>
			</trkpt>
			<trkpt lat="39.679826" lon="2.506245">
				<ele>349.000000</ele>
			</trkpt>
			<trkpt lat="39.679868" lon="2.506182">
				<ele>349.000000</ele>
			</trkpt>
			<trkpt lat="39.679861" lon="2.505706">
				<ele>348.000000</ele>
			</trkpt>
			<trkpt lat="39.679716" lon="2.505257">
				<ele>346.000000</ele>
			</trkpt>
			<trkpt lat="39.679633" lon="2.505050">
				<ele>345.000000</ele>
			</trkpt>
			<trkpt lat="39.679612" lon="2.504926">
				<ele>345.000000</ele>
			</trkpt>
			<trkpt lat="39.679598" lon="2.504278">
				<ele>343.000000</ele>
			</trkpt>
			<trkpt lat="39.679515" lon="2.504008">
				<ele>342.000000</ele>
			</trkpt>
			<trkpt lat="39.679549" lon="2.503775">
				<ele>341.000000</ele>
			</trkpt>
			<trkpt lat="39.679584" lon="2.503614">
				<ele>341.000000</ele>
			</trkpt>
			<trkpt lat="39.679660" lon="2.503479">
				<ele>340.000000</ele>
			</trkpt>
			<trkpt lat="39.679771" lon="2.503408">
				<ele>337.000000</ele>
			</trkpt>
			<trkpt lat="39.679889" lon="2.503353">
				<ele>333.000000</ele>
			</trkpt>
			<trkpt lat="39.680096" lon="2.503129">
				<ele>328.000000</ele>
			</trkpt>
			<trkpt lat="39.680200" lon="2.502877">
				<ele>326.000000</ele>
			</trkpt>
			<trkpt lat="39.680276" lon="2.502635">
				<ele>324.000000</ele>
			</trkpt>
			<trkpt lat="39.680380" lon="2.502400">
				<ele>322.000000</ele>
			</trkpt>
			<trkpt lat="39.680566" lon="2.502356">
				<ele>319.000000</ele>
			</trkpt>
			<trkpt lat="39.680656" lon="2.502186">
				<ele>316.000000</ele>
			</trkpt>
			<trkpt lat="39.680760" lon="2.501844">
				<ele>311.000000</ele>
			</trkpt>
			<trkpt lat="39.680628" lon="2.501844">
				<ele>315.000000</ele>
			</trkpt>
			<trkpt lat="39.680400" lon="2.501781">
				<ele>320.000000</ele>
			</trkpt>
			<trkpt lat="39.679979" lon="2.501484">
				<ele>320.000000</ele>
			</trkpt>
			<trkpt lat="39.679806" lon="2.501350">
				<ele>320.000000</ele>
			</trkpt>
			<trkpt lat="39.679750" lon="2.501215">
				<ele>320.000000</ele>
			</trkpt>
			<trkpt lat="39.679702" lon="2.501018">
				<ele>320.000000</ele>
			</trkpt>
			<trkpt lat="39.679660" lon="2.500865">
				<ele>317.000000</ele>
			</trkpt>
			<trkpt lat="39.679647" lon="2.500712">
				<ele>313.000000</ele>
			</trkpt>
			<trkpt lat="39.679674" lon="2.500613">
				<ele>310.000000</ele>
			</trkpt>
			<trkpt lat="39.679709" lon="2.500488">
				<ele>310.000000</ele>
			</trkpt>
			<trkpt lat="39.679653" lon="2.500433">
				<ele>310.000000</ele>
			</trkpt>
			<trkpt lat="39.679591" lon="2.500398">
				<ele>310.000000</ele>
			</trkpt>
			<trkpt lat="39.678920" lon="2.500263">
				<ele>313.000000</ele>
			</trkpt>
			<trkpt lat="39.678678" lon="2.500209">
				<ele>315.000000</ele>
			</trkpt>
			<trkpt lat="39.678554" lon="2.500226">
				<ele>316.000000</ele>
			</trkpt>
			<trkpt lat="39.678277" lon="2.500155">
				<ele>318.000000</ele>
			</trkpt>
			<trkpt lat="39.677974" lon="2.499993">
				<ele>320.000000</ele>
			</trkpt>
			<trkpt lat="39.677897" lon="2.499922">
				<ele>320.000000</ele>
			</trkpt>
			<trkpt lat="39.677738" lon="2.499643">
				<ele>320.000000</ele>
			</trkpt>
			<trkpt lat="39.677642" lon="2.499563">
				<ele>320.000000</ele>
			</trkpt>
			<trkpt lat="39.677524" lon="2.499463">
				<ele>320.000000</ele>
			</trkpt>
			<trkpt lat="39.677302" lon="2.499329">
				<ele>320.000000</ele>
			</trkpt>
			<trkpt lat="39.677220" lon="2.499301">
				<ele>320.000000</ele>
			</trkpt>
			<trkpt lat="39.676999" lon="2.499221">
				<ele>320.000000</ele>
			</trkpt>
			<trkpt lat="39.676777" lon="2.499194">
				<ele>320.000000</ele>
			</trkpt>
			<trkpt lat="39.676742" lon="2.499194">
				<ele>320.000000</ele>
			</trkpt>
			<trkpt lat="39.676231" lon="2.499041">
				<ele>320.000000</ele>
			</trkpt>
			<trkpt lat="39.675927" lon="2.498897">
				<ele>320.000000</ele>
			</trkpt>
			<trkpt lat="39.675802" lon="2.498853">
				<ele>320.000000</ele>
			</trkpt>
			<trkpt lat="39.675609" lon="2.498880">
				<ele>320.000000</ele>
			</trkpt>
			<trkpt lat="39.675498" lon="2.498978">
				<ele>320.000000</ele>
			</trkpt>
			<trkpt lat="39.675429" lon="2.499014">
				<ele>320.000000</ele>
			</trkpt>
			<trkpt lat="39.675069" lon="2.499150">
				<ele>320.000000</ele>
			</trkpt>
			<trkpt lat="39.674869" lon="2.499203">
				<ele>320.000000</ele>
			</trkpt>
			<trkpt lat="39.674779" lon="2.499284">
				<ele>320.000000</ele>
			</trkpt>
			<trkpt lat="39.674613" lon="2.499311">
				<ele>320.000000</ele>
			</trkpt>
			<trkpt lat="39.674516" lon="2.499437">
				<ele>320.000000</ele>
			</trkpt>
			<trkpt lat="39.673991" lon="2.499840">
				<ele>320.000000</ele>
			</trkpt>
			<trkpt lat="39.673839" lon="2.499876">
				<ele>320.000000</ele>
			</trkpt>
			<trkpt lat="39.673652" lon="2.499876">
				<ele>320.000000</ele>
			</trkpt>
			<trkpt lat="39.673528" lon="2.499813">
				<ele>320.000000</ele>
			</trkpt>
			<trkpt lat="39.673382" lon="2.499670">
				<ele>320.000000</ele>
			</trkpt>
			<trkpt lat="39.673327" lon="2.499653">
				<ele>320.000000</ele>
			</trkpt>
			<trkpt lat="39.673023" lon="2.499716">
				<ele>320.000000</ele>
			</trkpt>
			<trkpt lat="39.672808" lon="2.499733">
				<ele>320.000000</ele>
			</trkpt>
			<trkpt lat="39.672622" lon="2.499724">
				<ele>320.000000</ele>
			</trkpt>
			<trkpt lat="39.672456" lon="2.499750">
				<ele>320.000000</ele>
			</trkpt>
			<trkpt lat="39.672290" lon="2.499724">
				<ele>320.000000</ele>
			</trkpt>
			<trkpt lat="39.672138" lon="2.499733">
				<ele>317.000000</ele>
			</trkpt>
			<trkpt lat="39.672006" lon="2.499697">
				<ele>314.000000</ele>
			</trkpt>
			<trkpt lat="39.671862" lon="2.499599">
				<ele>310.000000</ele>
			</trkpt>
			<trkpt lat="39.671772" lon="2.499509">
				<ele>306.000000</ele>
			</trkpt>
			<trkpt lat="39.671862" lon="2.499419">
				<ele>302.000000</ele>
			</trkpt>
			<trkpt lat="39.671841" lon="2.499347">
				<ele>301.000000</ele>
			</trkpt>
			<trkpt lat="39.671799" lon="2.499301">
				<ele>300.000000</ele>
			</trkpt>
			<trkpt lat="39.671702" lon="2.499257">
				<ele>299.000000</ele>
			</trkpt>
			<trkpt lat="39.671585" lon="2.499311">
				<ele>298.000000</ele>
			</trkpt>
			<trkpt lat="39.671446" lon="2.499500">
				<ele>296.000000</ele>
			</trkpt>
			<trkpt lat="39.671100" lon="2.499823">
				<ele>293.000000</ele>
			</trkpt>
			<trkpt lat="39.670935" lon="2.499886">
				<ele>291.000000</ele>
			</trkpt>
			<trkpt lat="39.670797" lon="2.499913">
				<ele>290.000000</ele>
			</trkpt>
			<trkpt lat="39.670727" lon="2.499867">
				<ele>287.000000</ele>
			</trkpt>
			<trkpt lat="39.670734" lon="2.499777">
				<ele>285.000000</ele>
			</trkpt>
			<trkpt lat="39.670817" lon="2.499634">
				<ele>280.000000</ele>
			</trkpt>
			<trkpt lat="39.670769" lon="2.499553">
				<ele>279.000000</ele>
			</trkpt>
			<trkpt lat="39.670651" lon="2.499599">
				<ele>277.000000</ele>
			</trkpt>
			<trkpt lat="39.670596" lon="2.499643">
				<ele>276.000000</ele>
			</trkpt>
			<trkpt lat="39.670541" lon="2.499653">
				<ele>275.000000</ele>
			</trkpt>
			<trkpt lat="39.670486" lon="2.499599">
				<ele>273.000000</ele>
			</trkpt>
			<trkpt lat="39.670465" lon="2.499454">
				<ele>271.000000</ele>
			</trkpt>
			<trkpt lat="39.670375" lon="2.499167">
				<ele>268.000000</ele>
			</trkpt>
			<trkpt lat="39.670319" lon="2.498924">
				<ele>265.000000</ele>
			</trkpt>
			<trkpt lat="39.670368" lon="2.498781">
				<ele>263.000000</ele>
			</trkpt>
			<trkpt lat="39.670492" lon="2.498314">
				<ele>256.000000</ele>
			</trkpt>
			<trkpt lat="39.670707" lon="2.497928">
				<ele>250.000000</ele>
			</trkpt>
			<trkpt lat="39.670769" lon="2.497792">
				<ele>250.000000</ele>
			</trkpt>
			<trkpt lat="39.670927" lon="2.497505">
				<ele>250.000000</ele>
			</trkpt>
			<trkpt lat="39.670948" lon="2.497253">
				<ele>250.000000</ele>
			</trkpt>
			<trkpt lat="39.670914" lon="2.497002">
				<ele>250.000000</ele>
			</trkpt>
			<trkpt lat="39.670810" lon="2.496750">
				<ele>250.000000</ele>
			</trkpt>
			<trkpt lat="39.670789" lon="2.496410">
				<ele>250.000000</ele>
			</trkpt>
			<trkpt lat="39.670699" lon="2.496203">
				<ele>250.000000</ele>
			</trkpt>
			<trkpt lat="39.670686" lon="2.495879">
				<ele>250.000000</ele>
			</trkpt>
			<trkpt lat="39.670927" lon="2.495547">
				<ele>249.000000</ele>
			</trkpt>
			<trkpt lat="39.671073" lon="2.495313">
				<ele>248.000000</ele>
			</trkpt>
			<trkpt lat="39.671115" lon="2.495152">
				<ele>248.000000</ele>
			</trkpt>
			<trkpt lat="39.671115" lon="2.495016">
				<ele>247.000000</ele>
			</trkpt>
			<trkpt lat="39.670962" lon="2.494693">
				<ele>246.000000</ele>
			</trkpt>
			<trkpt lat="39.670817" lon="2.494559">
				<ele>245.000000</ele>
			</trkpt>
			<trkpt lat="39.670672" lon="2.494244">
				<ele>244.000000</ele>
			</trkpt>
			<trkpt lat="39.670658" lon="2.493760">
				<ele>242.000000</ele>
			</trkpt>
			<trkpt lat="39.670596" lon="2.493517">
				<ele>242.000000</ele>
			</trkpt>
			<trkpt lat="39.670451" lon="2.493400">
				<ele>241.000000</ele>
			</trkpt>
			<trkpt lat="39.670264" lon="2.493345">
				<ele>242.000000</ele>
			</trkpt>
			<trkpt lat="39.670209" lon="2.493301">
				<ele>243.000000</ele>
			</trkpt>
			<trkpt lat="39.670022" lon="2.493328">
				<ele>245.000000</ele>
			</trkpt>
			<trkpt lat="39.669662" lon="2.493175">
				<ele>250.000000</ele>
			</trkpt>
			<trkpt lat="39.669531" lon="2.492932">
				<ele>250.000000</ele>
			</trkpt>
			<trkpt lat="39.669365" lon="2.492825">
				<ele>250.000000</ele>
			</trkpt>
			<trkpt lat="39.669344" lon="2.492718">
				<ele>250.000000</ele>
			</trkpt>
			<trkpt lat="39.669551" lon="2.492385">
				<ele>250.000000</ele>
			</trkpt>
			<trkpt lat="39.669559" lon="2.492242">
				<ele>250.000000</ele>
			</trkpt>
			<trkpt lat="39.669524" lon="2.492089">
				<ele>250.000000</ele>
			</trkpt>
			<trkpt lat="39.669421" lon="2.491855">
				<ele>253.000000</ele>
			</trkpt>
			<trkpt lat="39.669275" lon="2.491765">
				<ele>256.000000</ele>
			</trkpt>
			<trkpt lat="39.668895" lon="2.491774">
				<ele>260.000000</ele>
			</trkpt>
			<trkpt lat="39.668660" lon="2.491594">
				<ele>260.000000</ele>
			</trkpt>
			<trkpt lat="39.668597" lon="2.490884">
				<ele>260.000000</ele>
			</trkpt>
			<trkpt lat="39.667941" lon="2.489968">
				<ele>260.000000</ele>
			</trkpt>
			<trkpt lat="39.666869" lon="2.488926">
				<ele>260.000000</ele>
			</trkpt>
			<trkpt lat="39.666751" lon="2.488881">
				<ele>260.000000</ele>
			</trkpt>
			<trkpt lat="39.666689" lon="2.488854">
				<ele>260.000000</ele>
			</trkpt>
			<trkpt lat="39.666551" lon="2.488747">
				<ele>260.000000</ele>
			</trkpt>
			<trkpt lat="39.666163" lon="2.488441">
				<ele>250.000000</ele>
			</trkpt>
			<trkpt lat="39.666012" lon="2.488450">
				<ele>253.000000</ele>
			</trkpt>
			<trkpt lat="39.665873" lon="2.488513">
				<ele>256.000000</ele>
			</trkpt>
			<trkpt lat="39.665762" lon="2.488603">
				<ele>259.000000</ele>
			</trkpt>
			<trkpt lat="39.665569" lon="2.488810">
				<ele>260.000000</ele>
			</trkpt>
			<trkpt lat="39.665465" lon="2.488890">
				<ele>260.000000</ele>
			</trkpt>
			<trkpt lat="39.665106" lon="2.488917">
				<ele>260.000000</ele>
			</trkpt>
			<trkpt lat="39.664884" lon="2.488881">
				<ele>253.000000</ele>
			</trkpt>
			<trkpt lat="39.664663" lon="2.488800">
				<ele>244.000000</ele>
			</trkpt>
			<trkpt lat="39.664628" lon="2.488773">
				<ele>242.000000</ele>
			</trkpt>
			<trkpt lat="39.664601" lon="2.488720">
				<ele>240.000000</ele>
			</trkpt>
			<trkpt lat="39.664538" lon="2.488576">
				<ele>237.000000</ele>
			</trkpt>
			<trkpt lat="39.664490" lon="2.488513">
				<ele>236.000000</ele>
			</trkpt>
			<trkpt lat="39.664276" lon="2.488414">
				<ele>231.000000</ele>
			</trkpt>
			<trkpt lat="39.664152" lon="2.488351">
				<ele>229.000000</ele>
			</trkpt>
			<trkpt lat="39.664123" lon="2.488343">
				<ele>228.000000</ele>
			</trkpt>
			<trkpt lat="39.664068" lon="2.488351">
				<ele>228.000000</ele>
			</trkpt>
			<trkpt lat="39.664061" lon="2.488360">
				<ele>227.000000</ele>
			</trkpt>
			<trkpt lat="39.664034" lon="2.488387">
				<ele>227.000000</ele>
			</trkpt>
			<trkpt lat="39.663971" lon="2.488513">
				<ele>226.000000</ele>
			</trkpt>
			<trkpt lat="39.663937" lon="2.488611">
				<ele>224.000000</ele>
			</trkpt>
			<trkpt lat="39.663909" lon="2.488603">
				<ele>224.000000</ele>
			</trkpt>
			<trkpt lat="39.663806" lon="2.488307">
				<ele>221.000000</ele>
			</trkpt>
			<trkpt lat="39.663757" lon="2.488253">
				<ele>220.000000</ele>
			</trkpt>
			<trkpt lat="39.663750" lon="2.488198">
				<ele>220.000000</ele>
			</trkpt>
			<trkpt lat="39.663743" lon="2.488018">
				<ele>218.000000</ele>
			</trkpt>
			<trkpt lat="39.663771" lon="2.487947">
				<ele>218.000000</ele>
			</trkpt>
			<trkpt lat="39.663826" lon="2.487884">
				<ele>217.000000</ele>
			</trkpt>
			<trkpt lat="39.663875" lon="2.487812">
				<ele>217.000000</ele>
			</trkpt>
			<trkpt lat="39.663937" lon="2.487714">
				<ele>216.000000</ele>
			</trkpt>
			<trkpt lat="39.663999" lon="2.487552">
				<ele>215.000000</ele>
			</trkpt>
			<trkpt lat="39.664048" lon="2.487336">
				<ele>214.000000</ele>
			</trkpt>
			<trkpt lat="39.664061" lon="2.487192">
				<ele>213.000000</ele>
			</trkpt>
			<trkpt lat="39.664041" lon="2.487112">
				<ele>212.000000</ele>
			</trkpt>
			<trkpt lat="39.663971" lon="2.487139">
				<ele>212.000000</ele>
			</trkpt>
			<trkpt lat="39.663889" lon="2.487246">
				<ele>211.000000</ele>
			</trkpt>
			<trkpt lat="39.663799" lon="2.487328">
				<ele>209.000000</ele>
			</trkpt>
			<trkpt lat="39.663598" lon="2.487435">
				<ele>205.000000</ele>
			</trkpt>
			<trkpt lat="39.663328" lon="2.487588">
				<ele>200.000000</ele>
			</trkpt>
			<trkpt lat="39.663038" lon="2.487731">
				<ele>197.000000</ele>
			</trkpt>
			<trkpt lat="39.662962" lon="2.487804">
				<ele>196.000000</ele>
			</trkpt>
			<trkpt lat="39.662865" lon="2.487821">
				<ele>195.000000</ele>
			</trkpt>
			<trkpt lat="39.662775" lon="2.487921">
				<ele>194.000000</ele>
			</trkpt>
			<trkpt lat="39.662685" lon="2.488010">
				<ele>194.000000</ele>
			</trkpt>
			<trkpt lat="39.662643" lon="2.488045">
				<ele>193.000000</ele>
			</trkpt>
			<trkpt lat="39.662595" lon="2.488081">
				<ele>193.000000</ele>
			</trkpt>
			<trkpt lat="39.662554" lon="2.488100">
				<ele>193.000000</ele>
			</trkpt>
			<trkpt lat="39.662505" lon="2.488118">
				<ele>192.000000</ele>
			</trkpt>
			<trkpt lat="39.662464" lon="2.488118">
				<ele>192.000000</ele>
			</trkpt>
			<trkpt lat="39.662430" lon="2.488118">
				<ele>192.000000</ele>
			</trkpt>
			<trkpt lat="39.662395" lon="2.488108">
				<ele>192.000000</ele>
			</trkpt>
			<trkpt lat="39.662353" lon="2.488091">
				<ele>192.000000</ele>
			</trkpt>
			<trkpt lat="39.662319" lon="2.488073">
				<ele>191.000000</ele>
			</trkpt>
			<trkpt lat="39.662284" lon="2.488045">
				<ele>191.000000</ele>
			</trkpt>
			<trkpt lat="39.662257" lon="2.488010">
				<ele>191.000000</ele>
			</trkpt>
			<trkpt lat="39.662236" lon="2.487974">
				<ele>191.000000</ele>
			</trkpt>
			<trkpt lat="39.662215" lon="2.487921">
				<ele>190.000000</ele>
			</trkpt>
			<trkpt lat="39.662208" lon="2.487867">
				<ele>190.000000</ele>
			</trkpt>
			<trkpt lat="39.662201" lon="2.487794">
				<ele>190.000000</ele>
			</trkpt>
			<trkpt lat="39.662201" lon="2.487642">
				<ele>189.000000</ele>
			</trkpt>
			<trkpt lat="39.662208" lon="2.487328">
				<ele>186.000000</ele>
			</trkpt>
			<trkpt lat="39.662208" lon="2.487229">
				<ele>185.000000</ele>
			</trkpt>
			<trkpt lat="39.662208" lon="2.487165">
				<ele>185.000000</ele>
			</trkpt>
			<trkpt lat="39.662194" lon="2.487093">
				<ele>184.000000</ele>
			</trkpt>
			<trkpt lat="39.662180" lon="2.487049">
				<ele>184.000000</ele>
			</trkpt>
			<trkpt lat="39.662159" lon="2.486986">
				<ele>183.000000</ele>
			</trkpt>
			<trkpt lat="39.662049" lon="2.486716">
				<ele>180.000000</ele>
			</trkpt>
			<trkpt lat="39.661987" lon="2.486555">
				<ele>180.000000</ele>
			</trkpt>
			<trkpt lat="39.661917" lon="2.486420">
				<ele>179.000000</ele>
			</trkpt>
			<trkpt lat="39.661856" lon="2.486313">
				<ele>179.000000</ele>
			</trkpt>
			<trkpt lat="39.661814" lon="2.486250">
				<ele>178.000000</ele>
			</trkpt>
			<trkpt lat="39.661766" lon="2.486177">
				<ele>178.000000</ele>
			</trkpt>
			<trkpt lat="39.661710" lon="2.486141">
				<ele>178.000000</ele>
			</trkpt>
			<trkpt lat="39.661655" lon="2.486097">
				<ele>178.000000</ele>
			</trkpt>
			<trkpt lat="39.661579" lon="2.486051">
				<ele>177.000000</ele>
			</trkpt>
			<trkpt lat="39.661309" lon="2.485890">
				<ele>176.000000</ele>
			</trkpt>
			<trkpt lat="39.661205" lon="2.485836">
				<ele>176.000000</ele>
			</trkpt>
			<trkpt lat="39.661178" lon="2.485818">
				<ele>175.000000</ele>
			</trkpt>
			<trkpt lat="39.661143" lon="2.485800">
				<ele>175.000000</ele>
			</trkpt>
			<trkpt lat="39.661109" lon="2.485791">
				<ele>175.000000</ele>
			</trkpt>
			<trkpt lat="39.660984" lon="2.485791">
				<ele>175.000000</ele>
			</trkpt>
			<trkpt lat="39.660921" lon="2.485791">
				<ele>174.000000</ele>
			</trkpt>
			<trkpt lat="39.660880" lon="2.485791">
				<ele>174.000000</ele>
			</trkpt>
			<trkpt lat="39.660846" lon="2.485781">
				<ele>174.000000</ele>
			</trkpt>
			<trkpt lat="39.660804" lon="2.485764">
				<ele>174.000000</ele>
			</trkpt>
			<trkpt lat="39.660783" lon="2.485747">
				<ele>174.000000</ele>
			</trkpt>
			<trkpt lat="39.660756" lon="2.485720">
				<ele>174.000000</ele>
			</trkpt>
			<trkpt lat="39.660728" lon="2.485684">
				<ele>173.000000</ele>
			</trkpt>
			<trkpt lat="39.660700" lon="2.485647">
				<ele>173.000000</ele>
			</trkpt>
			<trkpt lat="39.660666" lon="2.485548">
				<ele>173.000000</ele>
			</trkpt>
			<trkpt lat="39.660583" lon="2.485351">
				<ele>172.000000</ele>
			</trkpt>
			<trkpt lat="39.660520" lon="2.485225">
				<ele>172.000000</ele>
			</trkpt>
			<trkpt lat="39.660465" lon="2.485099">
				<ele>171.000000</ele>
			</trkpt>
			<trkpt lat="39.660403" lon="2.484974">
				<ele>171.000000</ele>
			</trkpt>
			<trkpt lat="39.660341" lon="2.484865">
				<ele>170.000000</ele>
			</trkpt>
			<trkpt lat="39.660286" lon="2.484758">
				<ele>170.000000</ele>
			</trkpt>
			<trkpt lat="39.660237" lon="2.484686">
				<ele>170.000000</ele>
			</trkpt>
			<trkpt lat="39.660189" lon="2.484623">
				<ele>170.000000</ele>
			</trkpt>
			<trkpt lat="39.660140" lon="2.484569">
				<ele>170.000000</ele>
			</trkpt>
			<trkpt lat="39.660065" lon="2.484489">
				<ele>170.000000</ele>
			</trkpt>
			<trkpt lat="39.659954" lon="2.484381">
				<ele>170.000000</ele>
			</trkpt>
			<trkpt lat="39.659822" lon="2.484255">
				<ele>170.000000</ele>
			</trkpt>
			<trkpt lat="39.659698" lon="2.484129">
				<ele>170.000000</ele>
			</trkpt>
			<trkpt lat="39.659621" lon="2.484049">
				<ele>170.000000</ele>
			</trkpt>
			<trkpt lat="39.659580" lon="2.484013">
				<ele>170.000000</ele>
			</trkpt>
			<trkpt lat="39.659539" lon="2.483976">
				<ele>170.000000</ele>
			</trkpt>
			<trkpt lat="39.659483" lon="2.483940">
				<ele>170.000000</ele>
			</trkpt>
			<trkpt lat="39.659442" lon="2.483923">
				<ele>170.000000</ele>
			</trkpt>
			<trkpt lat="39.659407" lon="2.483905">
				<ele>170.000000</ele>
			</trkpt>
			<trkpt lat="39.659366" lon="2.483896">
				<ele>170.000000</ele>
			</trkpt>
			<trkpt lat="39.659331" lon="2.483896">
				<ele>170.000000</ele>
			</trkpt>
			<trkpt lat="39.659297" lon="2.483905">
				<ele>170.000000</ele>
			</trkpt>
			<trkpt lat="39.659255" lon="2.483913">
				<ele>170.000000</ele>
			</trkpt>
			<trkpt lat="39.659214" lon="2.483932">
				<ele>170.000000</ele>
			</trkpt>
			<trkpt lat="39.659172" lon="2.483959">
				<ele>170.000000</ele>
			</trkpt>
			<trkpt lat="39.659110" lon="2.484013">
				<ele>170.000000</ele>
			</trkpt>
			<trkpt lat="39.659027" lon="2.484093">
				<ele>170.000000</ele>
			</trkpt>
			<trkpt lat="39.658861" lon="2.484173">
				<ele>166.000000</ele>
			</trkpt>
			<trkpt lat="39.658744" lon="2.484120">
				<ele>164.000000</ele>
			</trkpt>
			<trkpt lat="39.658702" lon="2.484013">
				<ele>162.000000</ele>
			</trkpt>
			<trkpt lat="39.658640" lon="2.483932">
				<ele>160.000000</ele>
			</trkpt>
			<trkpt lat="39.658605" lon="2.483905">
				<ele>160.000000</ele>
			</trkpt>
			<trkpt lat="39.658577" lon="2.483913">
				<ele>160.000000</ele>
			</trkpt>
			<trkpt lat="39.658563" lon="2.483950">
				<ele>160.000000</ele>
			</trkpt>
			<trkpt lat="39.658563" lon="2.483995">
				<ele>160.000000</ele>
			</trkpt>
			<trkpt lat="39.658550" lon="2.484066">
				<ele>160.000000</ele>
			</trkpt>
			<trkpt lat="39.658460" lon="2.484291">
				<ele>160.000000</ele>
			</trkpt>
			<trkpt lat="39.658363" lon="2.484452">
				<ele>160.000000</ele>
			</trkpt>
			<trkpt lat="39.658252" lon="2.484542">
				<ele>160.000000</ele>
			</trkpt>
			<trkpt lat="39.658149" lon="2.484605">
				<ele>160.000000</ele>
			</trkpt>
			<trkpt lat="39.658024" lon="2.484785">
				<ele>160.000000</ele>
			</trkpt>
			<trkpt lat="39.658010" lon="2.484802">
				<ele>160.000000</ele>
			</trkpt>
			<trkpt lat="39.657948" lon="2.484938">
				<ele>160.000000</ele>
			</trkpt>
			<trkpt lat="39.657893" lon="2.485009">
				<ele>160.000000</ele>
			</trkpt>
			<trkpt lat="39.657830" lon="2.485037">
				<ele>160.000000</ele>
			</trkpt>
			<trkpt lat="39.657740" lon="2.485055">
				<ele>160.000000</ele>
			</trkpt>
			<trkpt lat="39.657575" lon="2.484947">
				<ele>157.000000</ele>
			</trkpt>
			<trkpt lat="39.657333" lon="2.484713">
				<ele>154.000000</ele>
			</trkpt>
			<trkpt lat="39.657111" lon="2.484695">
				<ele>151.000000</ele>
			</trkpt>
			<trkpt lat="39.656993" lon="2.484713">
				<ele>150.000000</ele>
			</trkpt>
			<trkpt lat="39.656911" lon="2.484839">
				<ele>150.000000</ele>
			</trkpt>
			<trkpt lat="39.656807" lon="2.484857">
				<ele>150.000000</ele>
			</trkpt>
			<trkpt lat="39.656648" lon="2.484919">
				<ele>150.000000</ele>
			</trkpt>
			<trkpt lat="39.656475" lon="2.484955">
				<ele>150.000000</ele>
			</trkpt>
			<trkpt lat="39.655991" lon="2.484992">
				<ele>150.000000</ele>
			</trkpt>
			<trkpt lat="39.655963" lon="2.485009">
				<ele>150.000000</ele>
			</trkpt>
			<trkpt lat="39.655853" lon="2.485118">
				<ele>150.000000</ele>
			</trkpt>
			<trkpt lat="39.655825" lon="2.485135">
				<ele>150.000000</ele>
			</trkpt>
			<trkpt lat="39.655770" lon="2.485135">
				<ele>150.000000</ele>
			</trkpt>
			<trkpt lat="39.655672" lon="2.485099">
				<ele>150.000000</ele>
			</trkpt>
			<trkpt lat="39.655652" lon="2.485091">
				<ele>150.000000</ele>
			</trkpt>
			<trkpt lat="39.655624" lon="2.485064">
				<ele>150.000000</ele>
			</trkpt>
			<trkpt lat="39.655611" lon="2.485037">
				<ele>150.000000</ele>
			</trkpt>
			<trkpt lat="39.655597" lon="2.485037">
				<ele>150.000000</ele>
			</trkpt>
			<trkpt lat="39.655590" lon="2.484911">
				<ele>150.000000</ele>
			</trkpt>
			<trkpt lat="39.655472" lon="2.484659">
				<ele>150.000000</ele>
			</trkpt>
			<trkpt lat="39.655403" lon="2.484498">
				<ele>150.000000</ele>
			</trkpt>
			<trkpt lat="39.655382" lon="2.484408">
				<ele>150.000000</ele>
			</trkpt>
			<trkpt lat="39.655348" lon="2.484300">
				<ele>150.000000</ele>
			</trkpt>
			<trkpt lat="39.655244" lon="2.484057">
				<ele>150.000000</ele>
			</trkpt>
			<trkpt lat="39.655223" lon="2.484030">
				<ele>150.000000</ele>
			</trkpt>
			<trkpt lat="39.655182" lon="2.484013">
				<ele>150.000000</ele>
			</trkpt>
			<trkpt lat="39.655167" lon="2.483986">
				<ele>150.000000</ele>
			</trkpt>
			<trkpt lat="39.655140" lon="2.483950">
				<ele>150.000000</ele>
			</trkpt>
			<trkpt lat="39.655127" lon="2.483932">
				<ele>150.000000</ele>
			</trkpt>
			<trkpt lat="39.655106" lon="2.483913">
				<ele>150.000000</ele>
			</trkpt>
			<trkpt lat="39.655071" lon="2.483896">
				<ele>150.000000</ele>
			</trkpt>
			<trkpt lat="39.655036" lon="2.483886">
				<ele>150.000000</ele>
			</trkpt>
			<trkpt lat="39.654711" lon="2.483815">
				<ele>150.000000</ele>
			</trkpt>
			<trkpt lat="39.654573" lon="2.483787">
				<ele>150.000000</ele>
			</trkpt>
			<trkpt lat="39.654365" lon="2.483770">
				<ele>150.000000</ele>
			</trkpt>
			<trkpt lat="39.654282" lon="2.483760">
				<ele>150.000000</ele>
			</trkpt>
			<trkpt lat="39.654248" lon="2.483760">
				<ele>150.000000</ele>
			</trkpt>
			<trkpt lat="39.654207" lon="2.483760">
				<ele>150.000000</ele>
			</trkpt>
			<trkpt lat="39.654172" lon="2.483760">
				<ele>150.000000</ele>
			</trkpt>
			<trkpt lat="39.654130" lon="2.483770">
				<ele>150.000000</ele>
			</trkpt>
			<trkpt lat="39.654061" lon="2.483797">
				<ele>150.000000</ele>
			</trkpt>
			<trkpt lat="39.653798" lon="2.483923">
				<ele>150.000000</ele>
			</trkpt>
			<trkpt lat="39.653694" lon="2.483967">
				<ele>150.000000</ele>
			</trkpt>
			<trkpt lat="39.653660" lon="2.483976">
				<ele>150.000000</ele>
			</trkpt>
			<trkpt lat="39.653625" lon="2.483967">
				<ele>150.000000</ele>
			</trkpt>
			<trkpt lat="39.653598" lon="2.483959">
				<ele>150.000000</ele>
			</trkpt>
			<trkpt lat="39.653563" lon="2.483940">
				<ele>150.000000</ele>
			</trkpt>
			<trkpt lat="39.653529" lon="2.483923">
				<ele>150.000000</ele>
			</trkpt>
			<trkpt lat="39.653473" lon="2.483869">
				<ele>150.000000</ele>
			</trkpt>
			<trkpt lat="39.653460" lon="2.483860">
				<ele>150.000000</ele>
			</trkpt>
			<trkpt lat="39.653432" lon="2.483823">
				<ele>150.000000</ele>
			</trkpt>
			<trkpt lat="39.653418" lon="2.483806">
				<ele>150.000000</ele>
			</trkpt>
			<trkpt lat="39.653411" lon="2.483787">
				<ele>150.000000</ele>
			</trkpt>
			<trkpt lat="39.653404" lon="2.483760">
				<ele>150.000000</ele>
			</trkpt>
			<trkpt lat="39.653397" lon="2.483726">
				<ele>150.000000</ele>
			</trkpt>
			<trkpt lat="39.653397" lon="2.483707">
				<ele>150.000000</ele>
			</trkpt>
			<trkpt lat="39.653397" lon="2.483689">
				<ele>150.000000</ele>
			</trkpt>
			<trkpt lat="39.653404" lon="2.483663">
				<ele>150.000000</ele>
			</trkpt>
			<trkpt lat="39.653418" lon="2.483617">
				<ele>150.000000</ele>
			</trkpt>
			<trkpt lat="39.653480" lon="2.483519">
				<ele>150.000000</ele>
			</trkpt>
			<trkpt lat="39.653508" lon="2.483464">
				<ele>150.000000</ele>
			</trkpt>
			<trkpt lat="39.653522" lon="2.483429">
				<ele>150.000000</ele>
			</trkpt>
			<trkpt lat="39.653535" lon="2.483401">
				<ele>150.000000</ele>
			</trkpt>
			<trkpt lat="39.653543" lon="2.483374">
				<ele>150.000000</ele>
			</trkpt>
			<trkpt lat="39.653543" lon="2.483339">
				<ele>150.000000</ele>
			</trkpt>
			<trkpt lat="39.653543" lon="2.483294">
				<ele>150.000000</ele>
			</trkpt>
			<trkpt lat="39.653535" lon="2.483150">
				<ele>150.000000</ele>
			</trkpt>
			<trkpt lat="39.653522" lon="2.483024">
				<ele>150.000000</ele>
			</trkpt>
			<trkpt lat="39.653515" lon="2.482907">
				<ele>150.000000</ele>
			</trkpt>
			<trkpt lat="39.653501" lon="2.482791">
				<ele>150.000000</ele>
			</trkpt>
			<trkpt lat="39.653452" lon="2.482512">
				<ele>150.000000</ele>
			</trkpt>
			<trkpt lat="39.653411" lon="2.482269">
				<ele>150.000000</ele>
			</trkpt>
			<trkpt lat="39.653397" lon="2.482198">
				<ele>150.000000</ele>
			</trkpt>
			<trkpt lat="39.653370" lon="2.481946">
				<ele>151.000000</ele>
			</trkpt>
			<trkpt lat="39.653342" lon="2.481793">
				<ele>151.000000</ele>
			</trkpt>
			<trkpt lat="39.653335" lon="2.481731">
				<ele>151.000000</ele>
			</trkpt>
			<trkpt lat="39.653314" lon="2.481668">
				<ele>152.000000</ele>
			</trkpt>
			<trkpt lat="39.653293" lon="2.481641">
				<ele>152.000000</ele>
			</trkpt>
			<trkpt lat="39.653272" lon="2.481605">
				<ele>152.000000</ele>
			</trkpt>
			<trkpt lat="39.653190" lon="2.481515">
				<ele>152.000000</ele>
			</trkpt>
			<trkpt lat="39.653051" lon="2.481363">
				<ele>153.000000</ele>
			</trkpt>
			<trkpt lat="39.653017" lon="2.481336">
				<ele>153.000000</ele>
			</trkpt>
			<trkpt lat="39.652830" lon="2.481120">
				<ele>154.000000</ele>
			</trkpt>
			<trkpt lat="39.652740" lon="2.480986">
				<ele>155.000000</ele>
			</trkpt>
			<trkpt lat="39.652685" lon="2.480877">
				<ele>155.000000</ele>
			</trkpt>
			<trkpt lat="39.652698" lon="2.480841">
				<ele>155.000000</ele>
			</trkpt>
			<trkpt lat="39.652733" lon="2.479961">
				<ele>150.000000</ele>
			</trkpt>
			<trkpt lat="39.652747" lon="2.479799">
				<ele>150.000000</ele>
			</trkpt>
			<trkpt lat="39.652747" lon="2.479781">
				<ele>150.000000</ele>
			</trkpt>
			<trkpt lat="39.652747" lon="2.479628">
				<ele>150.000000</ele>
			</trkpt>
			<trkpt lat="39.652747" lon="2.479584">
				<ele>150.000000</ele>
			</trkpt>
			<trkpt lat="39.652747" lon="2.479502">
				<ele>150.000000</ele>
			</trkpt>
			<trkpt lat="39.652740" lon="2.479413">
				<ele>150.000000</ele>
			</trkpt>
			<trkpt lat="39.652719" lon="2.479368">
				<ele>150.000000</ele>
			</trkpt>
			<trkpt lat="39.652698" lon="2.479323">
				<ele>150.000000</ele>
			</trkpt>
			<trkpt lat="39.652615" lon="2.479233">
				<ele>150.000000</ele>
			</trkpt>
			<trkpt lat="39.652574" lon="2.479198">
				<ele>150.000000</ele>
			</trkpt>
			<trkpt lat="39.652546" lon="2.479179">
				<ele>150.000000</ele>
			</trkpt>
			<trkpt lat="39.652525" lon="2.479171">
				<ele>150.000000</ele>
			</trkpt>
			<trkpt lat="39.652470" lon="2.479126">
				<ele>150.000000</ele>
			</trkpt>
			<trkpt lat="39.652367" lon="2.479063">
				<ele>150.000000</ele>
			</trkpt>
			<trkpt lat="39.652021" lon="2.478873">
				<ele>150.000000</ele>
			</trkpt>
			<trkpt lat="39.651897" lon="2.478793">
				<ele>150.000000</ele>
			</trkpt>
			<trkpt lat="39.651855" lon="2.478757">
				<ele>150.000000</ele>
			</trkpt>
			<trkpt lat="39.651807" lon="2.478695">
				<ele>150.000000</ele>
			</trkpt>
			<trkpt lat="39.651778" lon="2.478632">
				<ele>150.000000</ele>
			</trkpt>
			<trkpt lat="39.651668" lon="2.478371">
				<ele>150.000000</ele>
			</trkpt>
			<trkpt lat="39.651565" lon="2.478156">
				<ele>150.000000</ele>
			</trkpt>
			<trkpt lat="39.651509" lon="2.478030">
				<ele>150.000000</ele>
			</trkpt>
			<trkpt lat="39.651502" lon="2.477957">
				<ele>150.000000</ele>
			</trkpt>
			<trkpt lat="39.651509" lon="2.477894">
				<ele>150.000000</ele>
			</trkpt>
			<trkpt lat="39.651516" lon="2.477877">
				<ele>150.000000</ele>
			</trkpt>
			<trkpt lat="39.651523" lon="2.477805">
				<ele>150.000000</ele>
			</trkpt>
			<trkpt lat="39.651544" lon="2.477697">
				<ele>150.000000</ele>
			</trkpt>
			<trkpt lat="39.651571" lon="2.477518">
				<ele>150.000000</ele>
			</trkpt>
			<trkpt lat="39.651578" lon="2.477445">
				<ele>150.000000</ele>
			</trkpt>
			<trkpt lat="39.651592" lon="2.477328">
				<ele>150.000000</ele>
			</trkpt>
			<trkpt lat="39.651661" lon="2.477158">
				<ele>150.000000</ele>
			</trkpt>
			<trkpt lat="39.651717" lon="2.476969">
				<ele>150.000000</ele>
			</trkpt>
			<trkpt lat="39.651751" lon="2.476772">
				<ele>150.000000</ele>
			</trkpt>
			<trkpt lat="39.651778" lon="2.476583">
				<ele>150.000000</ele>
			</trkpt>
			<trkpt lat="39.651778" lon="2.476476">
				<ele>150.000000</ele>
			</trkpt>
			<trkpt lat="39.651778" lon="2.476376">
				<ele>150.000000</ele>
			</trkpt>
			<trkpt lat="39.651730" lon="2.476286">
				<ele>150.000000</ele>
			</trkpt>
			<trkpt lat="39.651661" lon="2.476197">
				<ele>150.000000</ele>
			</trkpt>
			<trkpt lat="39.651191" lon="2.475784">
				<ele>150.000000</ele>
			</trkpt>
			<trkpt lat="39.651052" lon="2.475623">
				<ele>150.000000</ele>
			</trkpt>
			<trkpt lat="39.651031" lon="2.475560">
				<ele>150.000000</ele>
			</trkpt>
			<trkpt lat="39.651018" lon="2.475497">
				<ele>150.000000</ele>
			</trkpt>
			<trkpt lat="39.651018" lon="2.475451">
				<ele>150.000000</ele>
			</trkpt>
			<trkpt lat="39.651025" lon="2.475407">
				<ele>150.000000</ele>
			</trkpt>
			<trkpt lat="39.651073" lon="2.475299">
				<ele>150.000000</ele>
			</trkpt>
			<trkpt lat="39.651184" lon="2.475065">
				<ele>150.000000</ele>
			</trkpt>
			<trkpt lat="39.651198" lon="2.474984">
				<ele>150.000000</ele>
			</trkpt>
			<trkpt lat="39.651198" lon="2.474904">
				<ele>150.000000</ele>
			</trkpt>
			<trkpt lat="39.651191" lon="2.474841">
				<ele>150.000000</ele>
			</trkpt>
			<trkpt lat="39.651163" lon="2.474778">
				<ele>150.000000</ele>
			</trkpt>
			<trkpt lat="39.651108" lon="2.474688">
				<ele>150.000000</ele>
			</trkpt>
			<trkpt lat="39.650852" lon="2.474382">
				<ele>155.000000</ele>
			</trkpt>
			<trkpt lat="39.650776" lon="2.474302">
				<ele>157.000000</ele>
			</trkpt>
			<trkpt lat="39.650714" lon="2.474265">
				<ele>159.000000</ele>
			</trkpt>
			<trkpt lat="39.650679" lon="2.474248">
				<ele>160.000000</ele>
			</trkpt>
			<trkpt lat="39.650486" lon="2.474131">
				<ele>166.000000</ele>
			</trkpt>
			<trkpt lat="39.650388" lon="2.474041">
				<ele>170.000000</ele>
			</trkpt>
			<trkpt lat="39.650347" lon="2.473952">
				<ele>170.000000</ele>
			</trkpt>
			<trkpt lat="39.650340" lon="2.473862">
				<ele>170.000000</ele>
			</trkpt>
			<trkpt lat="39.650368" lon="2.473753">
				<ele>170.000000</ele>
			</trkpt>
			<trkpt lat="39.650555" lon="2.473449">
				<ele>170.000000</ele>
			</trkpt>
			<trkpt lat="39.650804" lon="2.473134">
				<ele>170.000000</ele>
			</trkpt>
			<trkpt lat="39.650879" lon="2.472954">
				<ele>170.000000</ele>
			</trkpt>
			<trkpt lat="39.650914" lon="2.472793">
				<ele>170.000000</ele>
			</trkpt>
			<trkpt lat="39.650949" lon="2.472694">
				<ele>170.000000</ele>
			</trkpt>
			<trkpt lat="39.651004" lon="2.472604">
				<ele>170.000000</ele>
			</trkpt>
			<trkpt lat="39.651135" lon="2.472577">
				<ele>170.000000</ele>
			</trkpt>
			<trkpt lat="39.651260" lon="2.472613">
				<ele>170.000000</ele>
			</trkpt>
			<trkpt lat="39.651571" lon="2.472730">
				<ele>170.000000</ele>
			</trkpt>
			<trkpt lat="39.651613" lon="2.472747">
				<ele>170.000000</ele>
			</trkpt>
			<trkpt lat="39.651661" lon="2.472774">
				<ele>170.000000</ele>
			</trkpt>
			<trkpt lat="39.651778" lon="2.472864">
				<ele>170.000000</ele>
			</trkpt>
			<trkpt lat="39.651793" lon="2.472873">
				<ele>170.000000</ele>
			</trkpt>
			<trkpt lat="39.651813" lon="2.472883">
				<ele>170.000000</ele>
			</trkpt>
			<trkpt lat="39.651827" lon="2.472873">
				<ele>170.000000</ele>
			</trkpt>
			<trkpt lat="39.651841" lon="2.472864">
				<ele>170.000000</ele>
			</trkpt>
			<trkpt lat="39.651855" lon="2.472847">
				<ele>170.000000</ele>
			</trkpt>
			<trkpt lat="39.651855" lon="2.472820">
				<ele>170.000000</ele>
			</trkpt>
			<trkpt lat="39.651855" lon="2.472783">
				<ele>170.000000</ele>
			</trkpt>
			<trkpt lat="39.651813" lon="2.472649">
				<ele>170.000000</ele>
			</trkpt>
			<trkpt lat="39.651799" lon="2.472560">
				<ele>170.000000</ele>
			</trkpt>
			<trkpt lat="39.651793" lon="2.472514">
				<ele>170.000000</ele>
			</trkpt>
			<trkpt lat="39.651799" lon="2.472470">
				<ele>170.000000</ele>
			</trkpt>
			<trkpt lat="39.651827" lon="2.472370">
				<ele>170.000000</ele>
			</trkpt>
			<trkpt lat="39.651848" lon="2.472344">
				<ele>170.000000</ele>
			</trkpt>
			<trkpt lat="39.651862" lon="2.472325">
				<ele>170.000000</ele>
			</trkpt>
			<trkpt lat="39.651882" lon="2.472307">
				<ele>170.000000</ele>
			</trkpt>
			<trkpt lat="39.651910" lon="2.472298">
				<ele>170.000000</ele>
			</trkpt>
			<trkpt lat="39.651931" lon="2.472298">
				<ele>170.000000</ele>
			</trkpt>
			<trkpt lat="39.652014" lon="2.472307">
				<ele>170.000000</ele>
			</trkpt>
			<trkpt lat="39.652076" lon="2.472325">
				<ele>170.000000</ele>
			</trkpt>
			<trkpt lat="39.652152" lon="2.472352">
				<ele>170.000000</ele>
			</trkpt>
			<trkpt lat="39.652214" lon="2.472370">
				<ele>170.000000</ele>
			</trkpt>
			<trkpt lat="39.652477" lon="2.472433">
				<ele>170.000000</ele>
			</trkpt>
			<trkpt lat="39.652491" lon="2.472424">
				<ele>170.000000</ele>
			</trkpt>
			<trkpt lat="39.652512" lon="2.472415">
				<ele>170.000000</ele>
			</trkpt>
			<trkpt lat="39.652525" lon="2.472397">
				<ele>170.000000</ele>
			</trkpt>
			<trkpt lat="39.652525" lon="2.472370">
				<ele>170.000000</ele>
			</trkpt>
			<trkpt lat="39.652525" lon="2.472344">
				<ele>170.000000</ele>
			</trkpt>
			<trkpt lat="39.652519" lon="2.472325">
				<ele>170.000000</ele>
			</trkpt>
			<trkpt lat="39.652498" lon="2.472317">
				<ele>170.000000</ele>
			</trkpt>
			<trkpt lat="39.652477" lon="2.472307">
				<ele>171.000000</ele>
			</trkpt>
			<trkpt lat="39.652325" lon="2.472271">
				<ele>175.000000</ele>
			</trkpt>
			<trkpt lat="39.652270" lon="2.472244">
				<ele>177.000000</ele>
			</trkpt>
			<trkpt lat="39.652235" lon="2.472218">
				<ele>178.000000</ele>
			</trkpt>
			<trkpt lat="39.652014" lon="2.472074">
				<ele>181.000000</ele>
			</trkpt>
			<trkpt lat="39.651855" lon="2.471975">
				<ele>182.000000</ele>
			</trkpt>
			<trkpt lat="39.651820" lon="2.471957">
				<ele>183.000000</ele>
			</trkpt>
			<trkpt lat="39.651786" lon="2.471957">
				<ele>183.000000</ele>
			</trkpt>
			<trkpt lat="39.651758" lon="2.471957">
				<ele>183.000000</ele>
			</trkpt>
			<trkpt lat="39.651675" lon="2.471975">
				<ele>184.000000</ele>
			</trkpt>
			<trkpt lat="39.651613" lon="2.472011">
				<ele>184.000000</ele>
			</trkpt>
			<trkpt lat="39.651578" lon="2.472028">
				<ele>184.000000</ele>
			</trkpt>
			<trkpt lat="39.651502" lon="2.472118">
				<ele>185.000000</ele>
			</trkpt>
			<trkpt lat="39.651481" lon="2.472128">
				<ele>185.000000</ele>
			</trkpt>
			<trkpt lat="39.651467" lon="2.472128">
				<ele>185.000000</ele>
			</trkpt>
			<trkpt lat="39.651447" lon="2.472118">
				<ele>185.000000</ele>
			</trkpt>
			<trkpt lat="39.651440" lon="2.472110">
				<ele>186.000000</ele>
			</trkpt>
			<trkpt lat="39.651433" lon="2.472083">
				<ele>186.000000</ele>
			</trkpt>
			<trkpt lat="39.651433" lon="2.472055">
				<ele>186.000000</ele>
			</trkpt>
			<trkpt lat="39.651440" lon="2.472028">
				<ele>186.000000</ele>
			</trkpt>
			<trkpt lat="39.651454" lon="2.472002">
				<ele>186.000000</ele>
			</trkpt>
			<trkpt lat="39.651475" lon="2.471965">
				<ele>186.000000</ele>
			</trkpt>
			<trkpt lat="39.651509" lon="2.471931">
				<ele>187.000000</ele>
			</trkpt>
			<trkpt lat="39.651647" lon="2.471841">
				<ele>188.000000</ele>
			</trkpt>
			<trkpt lat="39.651682" lon="2.471822">
				<ele>188.000000</ele>
			</trkpt>
			<trkpt lat="39.651730" lon="2.471822">
				<ele>188.000000</ele>
			</trkpt>
			<trkpt lat="39.651772" lon="2.471822">
				<ele>189.000000</ele>
			</trkpt>
			<trkpt lat="39.652360" lon="2.472011">
				<ele>190.000000</ele>
			</trkpt>
			<trkpt lat="39.652373" lon="2.472011">
				<ele>190.000000</ele>
			</trkpt>
			<trkpt lat="39.652394" lon="2.472002">
				<ele>190.000000</ele>
			</trkpt>
			<trkpt lat="39.652401" lon="2.471984">
				<ele>190.000000</ele>
			</trkpt>
			<trkpt lat="39.652408" lon="2.471965">
				<ele>190.000000</ele>
			</trkpt>
			<trkpt lat="39.652408" lon="2.471939">
				<ele>190.000000</ele>
			</trkpt>
			<trkpt lat="39.652394" lon="2.471921">
				<ele>190.000000</ele>
			</trkpt>
			<trkpt lat="39.652381" lon="2.471912">
				<ele>190.000000</ele>
			</trkpt>
			<trkpt lat="39.652187" lon="2.471831">
				<ele>190.000000</ele>
			</trkpt>
			<trkpt lat="39.652014" lon="2.471759">
				<ele>194.000000</ele>
			</trkpt>
			<trkpt lat="39.651959" lon="2.471732">
				<ele>195.000000</ele>
			</trkpt>
			<trkpt lat="39.651841" lon="2.471652">
				<ele>198.000000</ele>
			</trkpt>
			<trkpt lat="39.651799" lon="2.471625">
				<ele>199.000000</ele>
			</trkpt>
			<trkpt lat="39.651751" lon="2.471607">
				<ele>200.000000</ele>
			</trkpt>
			<trkpt lat="39.651613" lon="2.471562">
				<ele>200.000000</ele>
			</trkpt>
			<trkpt lat="39.651592" lon="2.471544">
				<ele>200.000000</ele>
			</trkpt>
			<trkpt lat="39.651585" lon="2.471517">
				<ele>200.000000</ele>
			</trkpt>
			<trkpt lat="39.651585" lon="2.471499">
				<ele>200.000000</ele>
			</trkpt>
			<trkpt lat="39.651585" lon="2.471481">
				<ele>200.000000</ele>
			</trkpt>
			<trkpt lat="39.651599" lon="2.471462">
				<ele>200.000000</ele>
			</trkpt>
			<trkpt lat="39.651620" lon="2.471454">
				<ele>200.000000</ele>
			</trkpt>
			<trkpt lat="39.651647" lon="2.471454">
				<ele>200.000000</ele>
			</trkpt>
			<trkpt lat="39.651848" lon="2.471535">
				<ele>200.000000</ele>
			</trkpt>
			<trkpt lat="39.651917" lon="2.471571">
				<ele>200.000000</ele>
			</trkpt>
			<trkpt lat="39.651972" lon="2.471598">
				<ele>200.000000</ele>
			</trkpt>
			<trkpt lat="39.652104" lon="2.471625">
				<ele>200.000000</ele>
			</trkpt>
			<trkpt lat="39.652304" lon="2.471688">
				<ele>200.000000</ele>
			</trkpt>
			<trkpt lat="39.652318" lon="2.471697">
				<ele>200.000000</ele>
			</trkpt>
			<trkpt lat="39.652332" lon="2.471688">
				<ele>200.000000</ele>
			</trkpt>
			<trkpt lat="39.652346" lon="2.471678">
				<ele>200.000000</ele>
			</trkpt>
			<trkpt lat="39.652346" lon="2.471669">
				<ele>200.000000</ele>
			</trkpt>
			<trkpt lat="39.652353" lon="2.471652">
				<ele>200.000000</ele>
			</trkpt>
			<trkpt lat="39.652346" lon="2.471625">
				<ele>200.000000</ele>
			</trkpt>
			<trkpt lat="39.652332" lon="2.471615">
				<ele>200.000000</ele>
			</trkpt>
			<trkpt lat="39.652325" lon="2.471607">
				<ele>200.000000</ele>
			</trkpt>
			<trkpt lat="39.652076" lon="2.471508">
				<ele>200.000000</ele>
			</trkpt>
			<trkpt lat="39.652028" lon="2.471481">
				<ele>202.000000</ele>
			</trkpt>
			<trkpt lat="39.651972" lon="2.471436">
				<ele>204.000000</ele>
			</trkpt>
			<trkpt lat="39.651931" lon="2.471373">
				<ele>206.000000</ele>
			</trkpt>
			<trkpt lat="39.651876" lon="2.471319">
				<ele>208.000000</ele>
			</trkpt>
			<trkpt lat="39.651820" lon="2.471292">
				<ele>209.000000</ele>
			</trkpt>
			<trkpt lat="39.651758" lon="2.471275">
				<ele>210.000000</ele>
			</trkpt>
			<trkpt lat="39.651613" lon="2.471248">
				<ele>212.000000</ele>
			</trkpt>
			<trkpt lat="39.651536" lon="2.471248">
				<ele>212.000000</ele>
			</trkpt>
			<trkpt lat="39.651467" lon="2.471265">
				<ele>213.000000</ele>
			</trkpt>
			<trkpt lat="39.651392" lon="2.471292">
				<ele>214.000000</ele>
			</trkpt>
			<trkpt lat="39.651350" lon="2.471338">
				<ele>214.000000</ele>
			</trkpt>
			<trkpt lat="39.651294" lon="2.471365">
				<ele>215.000000</ele>
			</trkpt>
			<trkpt lat="39.651156" lon="2.471428">
				<ele>216.000000</ele>
			</trkpt>
			<trkpt lat="39.651094" lon="2.471454">
				<ele>217.000000</ele>
			</trkpt>
			<trkpt lat="39.651004" lon="2.471462">
				<ele>218.000000</ele>
			</trkpt>
			<trkpt lat="39.650714" lon="2.471445">
				<ele>221.000000</ele>
			</trkpt>
			<trkpt lat="39.650375" lon="2.471562">
				<ele>228.000000</ele>
			</trkpt>
			<trkpt lat="39.650354" lon="2.471472">
				<ele>230.000000</ele>
			</trkpt>
			<trkpt lat="39.651392" lon="2.471013">
				<ele>230.000000</ele>
			</trkpt>
			<trkpt lat="39.651793" lon="2.470825">
				<ele>230.000000</ele>
			</trkpt>
			<trkpt lat="39.651848" lon="2.470799">
				<ele>230.000000</ele>
			</trkpt>
			<trkpt lat="39.651889" lon="2.470772">
				<ele>230.000000</ele>
			</trkpt>
			<trkpt lat="39.651924" lon="2.470744">
				<ele>230.000000</ele>
			</trkpt>
			<trkpt lat="39.651951" lon="2.470699">
				<ele>230.000000</ele>
			</trkpt>
			<trkpt lat="39.651980" lon="2.470646">
				<ele>230.000000</ele>
			</trkpt>
			<trkpt lat="39.652007" lon="2.470565">
				<ele>230.000000</ele>
			</trkpt>
			<trkpt lat="39.652028" lon="2.470483">
				<ele>231.000000</ele>
			</trkpt>
			<trkpt lat="39.652035" lon="2.470430">
				<ele>232.000000</ele>
			</trkpt>
			<trkpt lat="39.652041" lon="2.470376">
				<ele>233.000000</ele>
			</trkpt>
			<trkpt lat="39.652035" lon="2.470296">
				<ele>234.000000</ele>
			</trkpt>
			<trkpt lat="39.652028" lon="2.470151">
				<ele>237.000000</ele>
			</trkpt>
			<trkpt lat="39.652007" lon="2.469765">
				<ele>241.000000</ele>
			</trkpt>
			<trkpt lat="39.652000" lon="2.469550">
				<ele>242.000000</ele>
			</trkpt>
			<trkpt lat="39.651993" lon="2.469478">
				<ele>242.000000</ele>
			</trkpt>
			<trkpt lat="39.651980" lon="2.469424">
				<ele>243.000000</ele>
			</trkpt>
			<trkpt lat="39.651959" lon="2.469370">
				<ele>243.000000</ele>
			</trkpt>
			<trkpt lat="39.651951" lon="2.469352">
				<ele>243.000000</ele>
			</trkpt>
			<trkpt lat="39.651938" lon="2.469325">
				<ele>243.000000</ele>
			</trkpt>
			<trkpt lat="39.651924" lon="2.469281">
				<ele>243.000000</ele>
			</trkpt>
			<trkpt lat="39.651897" lon="2.469235">
				<ele>244.000000</ele>
			</trkpt>
			<trkpt lat="39.651868" lon="2.469199">
				<ele>244.000000</ele>
			</trkpt>
			<trkpt lat="39.651834" lon="2.469164">
				<ele>244.000000</ele>
			</trkpt>
			<trkpt lat="39.651765" lon="2.468984">
				<ele>245.000000</ele>
			</trkpt>
			<trkpt lat="39.651620" lon="2.468804">
				<ele>245.000000</ele>
			</trkpt>
			<trkpt lat="39.651371" lon="2.468678">
				<ele>246.000000</ele>
			</trkpt>
			<trkpt lat="39.650893" lon="2.468552">
				<ele>248.000000</ele>
			</trkpt>
			<trkpt lat="39.650631" lon="2.468508">
				<ele>249.000000</ele>
			</trkpt>
			<trkpt lat="39.650333" lon="2.468445">
				<ele>250.000000</ele>
			</trkpt>
			<trkpt lat="39.649932" lon="2.468786">
				<ele>260.000000</ele>
			</trkpt>
			<trkpt lat="39.649718" lon="2.468732">
				<ele>260.000000</ele>
			</trkpt>
			<trkpt lat="39.649614" lon="2.468615">
				<ele>260.000000</ele>
			</trkpt>
			<trkpt lat="39.649510" lon="2.468363">
				<ele>257.000000</ele>
			</trkpt>
			<trkpt lat="39.649399" lon="2.468229">
				<ele>253.000000</ele>
			</trkpt>
			<trkpt lat="39.649324" lon="2.468103">
				<ele>250.000000</ele>
			</trkpt>
			<trkpt lat="39.649220" lon="2.468032">
				<ele>250.000000</ele>
			</trkpt>
			<trkpt lat="39.649171" lon="2.468032">
				<ele>250.000000</ele>
			</trkpt>
			<trkpt lat="39.648750" lon="2.467807">
				<ele>250.000000</ele>
			</trkpt>
			<trkpt lat="39.648431" lon="2.467618">
				<ele>250.000000</ele>
			</trkpt>
			<trkpt lat="39.647968" lon="2.467214">
				<ele>250.000000</ele>
			</trkpt>
			<trkpt lat="39.647719" lon="2.466927">
				<ele>250.000000</ele>
			</trkpt>
			<trkpt lat="39.647663" lon="2.466684">
				<ele>250.000000</ele>
			</trkpt>
			<trkpt lat="39.647649" lon="2.466594">
				<ele>250.000000</ele>
			</trkpt>
			<trkpt lat="39.647643" lon="2.466388">
				<ele>250.000000</ele>
			</trkpt>
			<trkpt lat="39.647760" lon="2.466262">
				<ele>250.000000</ele>
			</trkpt>
			<trkpt lat="39.648058" lon="2.466128">
				<ele>240.000000</ele>
			</trkpt>
			<trkpt lat="39.648189" lon="2.465992">
				<ele>237.000000</ele>
			</trkpt>
			<trkpt lat="39.648231" lon="2.465866">
				<ele>235.000000</ele>
			</trkpt>
			<trkpt lat="39.648106" lon="2.465912">
				<ele>241.000000</ele>
			</trkpt>
			<trkpt lat="39.647905" lon="2.465633">
				<ele>252.000000</ele>
			</trkpt>
			<trkpt lat="39.647795" lon="2.465732">
				<ele>256.000000</ele>
			</trkpt>
			<trkpt lat="39.647477" lon="2.465669">
				<ele>265.000000</ele>
			</trkpt>
			<trkpt lat="39.647359" lon="2.465713">
				<ele>269.000000</ele>
			</trkpt>
			<trkpt lat="39.647331" lon="2.465893">
				<ele>270.000000</ele>
			</trkpt>
			<trkpt lat="39.647276" lon="2.465938">
				<ele>270.000000</ele>
			</trkpt>
			<trkpt lat="39.647255" lon="2.465776">
				<ele>270.000000</ele>
			</trkpt>
			<trkpt lat="39.647234" lon="2.465633">
				<ele>270.000000</ele>
			</trkpt>
			<trkpt lat="39.647179" lon="2.465319">
				<ele>272.000000</ele>
			</trkpt>
			<trkpt lat="39.647054" lon="2.464690">
				<ele>277.000000</ele>
			</trkpt>
			<trkpt lat="39.646951" lon="2.464151">
				<ele>280.000000</ele>
			</trkpt>
			<trkpt lat="39.646930" lon="2.464015">
				<ele>280.000000</ele>
			</trkpt>
			<trkpt lat="39.646930" lon="2.463925">
				<ele>280.000000</ele>
			</trkpt>
			<trkpt lat="39.646937" lon="2.463828">
				<ele>280.000000</ele>
			</trkpt>
			<trkpt lat="39.646958" lon="2.463684">
				<ele>280.000000</ele>
			</trkpt>
			<trkpt lat="39.647034" lon="2.463441">
				<ele>280.000000</ele>
			</trkpt>
			<trkpt lat="39.647048" lon="2.463369">
				<ele>280.000000</ele>
			</trkpt>
			<trkpt lat="39.647048" lon="2.463298">
				<ele>280.000000</ele>
			</trkpt>
			<trkpt lat="39.647048" lon="2.463225">
				<ele>280.000000</ele>
			</trkpt>
			<trkpt lat="39.647041" lon="2.463162">
				<ele>280.000000</ele>
			</trkpt>
			<trkpt lat="39.647020" lon="2.463082">
				<ele>280.000000</ele>
			</trkpt>
			<trkpt lat="39.646999" lon="2.463036">
				<ele>280.000000</ele>
			</trkpt>
			<trkpt lat="39.646979" lon="2.462992">
				<ele>280.000000</ele>
			</trkpt>
			<trkpt lat="39.646937" lon="2.462938">
				<ele>280.000000</ele>
			</trkpt>
			<trkpt lat="39.646896" lon="2.462875">
				<ele>280.000000</ele>
			</trkpt>
			<trkpt lat="39.646709" lon="2.462686">
				<ele>284.000000</ele>
			</trkpt>
			<trkpt lat="39.646598" lon="2.462713">
				<ele>288.000000</ele>
			</trkpt>
			<trkpt lat="39.646439" lon="2.462866">
				<ele>296.000000</ele>
			</trkpt>
			<trkpt lat="39.646370" lon="2.462749">
				<ele>300.000000</ele>
			</trkpt>
			<trkpt lat="39.646363" lon="2.462740">
				<ele>300.000000</ele>
			</trkpt>
			<trkpt lat="39.646294" lon="2.462956">
				<ele>301.000000</ele>
			</trkpt>
			<trkpt lat="39.646252" lon="2.463091">
				<ele>302.000000</ele>
			</trkpt>
			<trkpt lat="39.646163" lon="2.463315">
				<ele>304.000000</ele>
			</trkpt>
			<trkpt lat="39.646245" lon="2.463638">
				<ele>308.000000</ele>
			</trkpt>
			<trkpt lat="39.646273" lon="2.463818">
				<ele>309.000000</ele>
			</trkpt>
			<trkpt lat="39.646224" lon="2.463899">
				<ele>311.000000</ele>
			</trkpt>
			<trkpt lat="39.646134" lon="2.463881">
				<ele>315.000000</ele>
			</trkpt>
			<trkpt lat="39.645961" lon="2.463728">
				<ele>321.000000</ele>
			</trkpt>
			<trkpt lat="39.645851" lon="2.463369">
				<ele>325.000000</ele>
			</trkpt>
			<trkpt lat="39.645678" lon="2.462992">
				<ele>329.000000</ele>
			</trkpt>
			<trkpt lat="39.645485" lon="2.462883">
				<ele>337.000000</ele>
			</trkpt>
			<trkpt lat="39.645429" lon="2.462965">
				<ele>340.000000</ele>
			</trkpt>
			<trkpt lat="39.645512" lon="2.463441">
				<ele>346.000000</ele>
			</trkpt>
			<trkpt lat="39.645443" lon="2.463692">
				<ele>348.000000</ele>
			</trkpt>
			<trkpt lat="39.645429" lon="2.463801">
				<ele>350.000000</ele>
			</trkpt>
			<trkpt lat="39.645402" lon="2.463908">
				<ele>351.000000</ele>
			</trkpt>
			<trkpt lat="39.645346" lon="2.463925">
				<ele>353.000000</ele>
			</trkpt>
			<trkpt lat="39.645229" lon="2.463665">
				<ele>359.000000</ele>
			</trkpt>
			<trkpt lat="39.645180" lon="2.463638">
				<ele>360.000000</ele>
			</trkpt>
			<trkpt lat="39.645153" lon="2.463711">
				<ele>361.000000</ele>
			</trkpt>
			<trkpt lat="39.645166" lon="2.463962">
				<ele>365.000000</ele>
			</trkpt>
			<trkpt lat="39.645104" lon="2.464420">
				<ele>371.000000</ele>
			</trkpt>
			<trkpt lat="39.645104" lon="2.465183">
				<ele>378.000000</ele>
			</trkpt>
			<trkpt lat="39.645083" lon="2.465265">
				<ele>379.000000</ele>
			</trkpt>
			<trkpt lat="39.645007" lon="2.465363">
				<ele>380.000000</ele>
			</trkpt>
			<trkpt lat="39.644945" lon="2.465283">
				<ele>382.000000</ele>
			</trkpt>
			<trkpt lat="39.644738" lon="2.465040">
				<ele>388.000000</ele>
			</trkpt>
			<trkpt lat="39.644634" lon="2.464860">
				<ele>390.000000</ele>
			</trkpt>
			<trkpt lat="39.644655" lon="2.464671">
				<ele>390.000000</ele>
			</trkpt>
			<trkpt lat="39.644675" lon="2.464591">
				<ele>390.000000</ele>
			</trkpt>
			<trkpt lat="39.644655" lon="2.464465">
				<ele>390.000000</ele>
			</trkpt>
			<trkpt lat="39.644613" lon="2.464384">
				<ele>391.000000</ele>
			</trkpt>
			<trkpt lat="39.644467" lon="2.464231">
				<ele>394.000000</ele>
			</trkpt>
			<trkpt lat="39.644205" lon="2.463621">
				<ele>400.000000</ele>
			</trkpt>
			<trkpt lat="39.644177" lon="2.463478">
				<ele>400.000000</ele>
			</trkpt>
			<trkpt lat="39.644170" lon="2.463360">
				<ele>400.000000</ele>
			</trkpt>
			<trkpt lat="39.644184" lon="2.463262">
				<ele>400.000000</ele>
			</trkpt>
			<trkpt lat="39.644343" lon="2.462786">
				<ele>400.000000</ele>
			</trkpt>
			<trkpt lat="39.644323" lon="2.462749">
				<ele>400.000000</ele>
			</trkpt>
			<trkpt lat="39.644254" lon="2.462749">
				<ele>401.000000</ele>
			</trkpt>
			<trkpt lat="39.644122" lon="2.462794">
				<ele>403.000000</ele>
			</trkpt>
			<trkpt lat="39.644081" lon="2.462767">
				<ele>404.000000</ele>
			</trkpt>
			<trkpt lat="39.644060" lon="2.462713">
				<ele>405.000000</ele>
			</trkpt>
			<trkpt lat="39.644136" lon="2.462497">
				<ele>408.000000</ele>
			</trkpt>
			<trkpt lat="39.644142" lon="2.462453">
				<ele>408.000000</ele>
			</trkpt>
			<trkpt lat="39.644101" lon="2.462407">
				<ele>409.000000</ele>
			</trkpt>
			<trkpt lat="39.644004" lon="2.462417">
				<ele>411.000000</ele>
			</trkpt>
			<trkpt lat="39.643908" lon="2.462462">
				<ele>414.000000</ele>
			</trkpt>
			<trkpt lat="39.643866" lon="2.462480">
				<ele>415.000000</ele>
			</trkpt>
			<trkpt lat="39.643824" lon="2.462426">
				<ele>417.000000</ele>
			</trkpt>
			<trkpt lat="39.643824" lon="2.462300">
				<ele>420.000000</ele>
			</trkpt>
			<trkpt lat="39.643804" lon="2.462201">
				<ele>422.000000</ele>
			</trkpt>
			<trkpt lat="39.643755" lon="2.462120">
				<ele>425.000000</ele>
			</trkpt>
			<trkpt lat="39.643589" lon="2.461967">
				<ele>433.000000</ele>
			</trkpt>
			<trkpt lat="39.643458" lon="2.461851">
				<ele>440.000000</ele>
			</trkpt>
			<trkpt lat="39.643389" lon="2.461717">
				<ele>442.000000</ele>
			</trkpt>
			<trkpt lat="39.643334" lon="2.461393">
				<ele>448.000000</ele>
			</trkpt>
			<trkpt lat="39.643243" lon="2.461275">
				<ele>450.000000</ele>
			</trkpt>
			<trkpt lat="39.643167" lon="2.461132">
				<ele>452.000000</ele>
			</trkpt>
			<trkpt lat="39.643181" lon="2.460925">
				<ele>455.000000</ele>
			</trkpt>
			<trkpt lat="39.643222" lon="2.460746">
				<ele>457.000000</ele>
			</trkpt>
			<trkpt lat="39.643209" lon="2.460612">
				<ele>458.000000</ele>
			</trkpt>
			<trkpt lat="39.643146" lon="2.460629">
				<ele>459.000000</ele>
			</trkpt>
			<trkpt lat="39.643084" lon="2.460710">
				<ele>460.000000</ele>
			</trkpt>
			<trkpt lat="39.643036" lon="2.461015">
				<ele>466.000000</ele>
			</trkpt>
			<trkpt lat="39.643015" lon="2.461061">
				<ele>467.000000</ele>
			</trkpt>
			<trkpt lat="39.642980" lon="2.461078">
				<ele>468.000000</ele>
			</trkpt>
			<trkpt lat="39.642939" lon="2.461088">
				<ele>469.000000</ele>
			</trkpt>
			<trkpt lat="39.642884" lon="2.460908">
				<ele>472.000000</ele>
			</trkpt>
			<trkpt lat="39.642752" lon="2.460575">
				<ele>478.000000</ele>
			</trkpt>
			<trkpt lat="39.642725" lon="2.460449">
				<ele>480.000000</ele>
			</trkpt>
			<trkpt lat="39.642745" lon="2.460333">
				<ele>482.000000</ele>
			</trkpt>
			<trkpt lat="39.642745" lon="2.460288">
				<ele>483.000000</ele>
			</trkpt>
			<trkpt lat="39.642731" lon="2.460262">
				<ele>483.000000</ele>
			</trkpt>
			<trkpt lat="39.642711" lon="2.460233">
				<ele>484.000000</ele>
			</trkpt>
			<trkpt lat="39.642662" lon="2.460225">
				<ele>485.000000</ele>
			</trkpt>
			<trkpt lat="39.642593" lon="2.460296">
				<ele>487.000000</ele>
			</trkpt>
			<trkpt lat="39.642503" lon="2.460413">
				<ele>489.000000</ele>
			</trkpt>
			<trkpt lat="39.642441" lon="2.460558">
				<ele>493.000000</ele>
			</trkpt>
			<trkpt lat="39.642379" lon="2.460728">
				<ele>498.000000</ele>
			</trkpt>
			<trkpt lat="39.642358" lon="2.460791">
				<ele>499.000000</ele>
			</trkpt>
			<trkpt lat="39.642316" lon="2.460828">
				<ele>500.000000</ele>
			</trkpt>
			<trkpt lat="39.642275" lon="2.460799">
				<ele>501.000000</ele>
			</trkpt>
			<trkpt lat="39.642185" lon="2.460602">
				<ele>503.000000</ele>
			</trkpt>
			<trkpt lat="39.642143" lon="2.460441">
				<ele>505.000000</ele>
			</trkpt>
			<trkpt lat="39.642123" lon="2.460351">
				<ele>506.000000</ele>
			</trkpt>
			<trkpt lat="39.642143" lon="2.460180">
				<ele>507.000000</ele>
			</trkpt>
			<trkpt lat="39.642157" lon="2.460099">
				<ele>508.000000</ele>
			</trkpt>
			<trkpt lat="39.642143" lon="2.460063">
				<ele>509.000000</ele>
			</trkpt>
			<trkpt lat="39.642116" lon="2.460046">
				<ele>509.000000</ele>
			</trkpt>
			<trkpt lat="39.642026" lon="2.460082">
				<ele>510.000000</ele>
			</trkpt>
			<trkpt lat="39.641964" lon="2.460162">
				<ele>512.000000</ele>
			</trkpt>
			<trkpt lat="39.641943" lon="2.460199">
				<ele>513.000000</ele>
			</trkpt>
			<trkpt lat="39.641922" lon="2.460199">
				<ele>514.000000</ele>
			</trkpt>
			<trkpt lat="39.641915" lon="2.460172">
				<ele>514.000000</ele>
			</trkpt>
			<trkpt lat="39.641964" lon="2.459965">
				<ele>518.000000</ele>
			</trkpt>
			<trkpt lat="39.641943" lon="2.459946">
				<ele>519.000000</ele>
			</trkpt>
			<trkpt lat="39.641915" lon="2.459937">
				<ele>519.000000</ele>
			</trkpt>
			<trkpt lat="39.641860" lon="2.459956">
				<ele>520.000000</ele>
			</trkpt>
			<trkpt lat="39.641797" lon="2.460046">
				<ele>521.000000</ele>
			</trkpt>
			<trkpt lat="39.641763" lon="2.460072">
				<ele>522.000000</ele>
			</trkpt>
			<trkpt lat="39.641742" lon="2.460054">
				<ele>522.000000</ele>
			</trkpt>
			<trkpt lat="39.641728" lon="2.459992">
				<ele>523.000000</ele>
			</trkpt>
			<trkpt lat="39.641742" lon="2.459893">
				<ele>524.000000</ele>
			</trkpt>
			<trkpt lat="39.641811" lon="2.459704">
				<ele>526.000000</ele>
			</trkpt>
			<trkpt lat="39.641832" lon="2.459606">
				<ele>527.000000</ele>
			</trkpt>
			<trkpt lat="39.641811" lon="2.459560">
				<ele>528.000000</ele>
			</trkpt>
			<trkpt lat="39.641777" lon="2.459497">
				<ele>528.000000</ele>
			</trkpt>
			<trkpt lat="39.641680" lon="2.459426">
				<ele>530.000000</ele>
			</trkpt>
			<trkpt lat="39.641542" lon="2.459300">
				<ele>534.000000</ele>
			</trkpt>
			<trkpt lat="39.641473" lon="2.459084">
				<ele>540.000000</ele>
			</trkpt>
			<trkpt lat="39.641424" lon="2.459040">
				<ele>541.000000</ele>
			</trkpt>
			<trkpt lat="39.641355" lon="2.459048">
				<ele>542.000000</ele>
			</trkpt>
			<trkpt lat="39.641327" lon="2.459130">
				<ele>543.000000</ele>
			</trkpt>
			<trkpt lat="39.641327" lon="2.459336">
				<ele>545.000000</ele>
			</trkpt>
			<trkpt lat="39.641300" lon="2.459380">
				<ele>546.000000</ele>
			</trkpt>
			<trkpt lat="39.641265" lon="2.459363">
				<ele>547.000000</ele>
			</trkpt>
			<trkpt lat="39.641203" lon="2.459264">
				<ele>548.000000</ele>
			</trkpt>
			<trkpt lat="39.641133" lon="2.459067">
				<ele>550.000000</ele>
			</trkpt>
			<trkpt lat="39.641071" lon="2.458851">
				<ele>551.000000</ele>
			</trkpt>
			<trkpt lat="39.641050" lon="2.458671">
				<ele>551.000000</ele>
			</trkpt>
			<trkpt lat="39.640919" lon="2.458536">
				<ele>551.000000</ele>
			</trkpt>
			<trkpt lat="39.640871" lon="2.458428">
				<ele>551.000000</ele>
			</trkpt>
			<trkpt lat="39.640850" lon="2.458338">
				<ele>552.000000</ele>
			</trkpt>
			<trkpt lat="39.640871" lon="2.458239">
				<ele>552.000000</ele>
			</trkpt>
			<trkpt lat="39.640857" lon="2.458159">
				<ele>552.000000</ele>
			</trkpt>
			<trkpt lat="39.640787" lon="2.458088">
				<ele>552.000000</ele>
			</trkpt>
			<trkpt lat="39.640608" lon="2.457872">
				<ele>553.000000</ele>
			</trkpt>
			<trkpt lat="39.640470" lon="2.457683">
				<ele>553.000000</ele>
			</trkpt>
			<trkpt lat="39.640262" lon="2.457296">
				<ele>554.000000</ele>
			</trkpt>
			<trkpt lat="39.640186" lon="2.457225">
				<ele>554.000000</ele>
			</trkpt>
			<trkpt lat="39.640110" lon="2.457135">
				<ele>555.000000</ele>
			</trkpt>
			<trkpt lat="39.639985" lon="2.457046">
				<ele>555.000000</ele>
			</trkpt>
			<trkpt lat="39.639826" lon="2.456920">
				<ele>555.000000</ele>
			</trkpt>
			<trkpt lat="39.639460" lon="2.456749">
				<ele>556.000000</ele>
			</trkpt>
			<trkpt lat="39.639328" lon="2.456596">
				<ele>557.000000</ele>
			</trkpt>
			<trkpt lat="39.639058" lon="2.456183">
				<ele>558.000000</ele>
			</trkpt>
			<trkpt lat="39.638989" lon="2.455985">
				<ele>558.000000</ele>
			</trkpt>
			<trkpt lat="39.638906" lon="2.455671">
				<ele>559.000000</ele>
			</trkpt>
			<trkpt lat="39.638761" lon="2.455536">
				<ele>559.000000</ele>
			</trkpt>
			<trkpt lat="39.638630" lon="2.455365">
				<ele>559.000000</ele>
			</trkpt>
			<trkpt lat="39.638553" lon="2.455249">
				<ele>560.000000</ele>
			</trkpt>
			<trkpt lat="39.638339" lon="2.454970">
				<ele>562.000000</ele>
			</trkpt>
			<trkpt lat="39.638304" lon="2.454962">
				<ele>562.000000</ele>
			</trkpt>
			<trkpt lat="39.638284" lon="2.454970">
				<ele>562.000000</ele>
			</trkpt>
			<trkpt lat="39.638215" lon="2.455113">
				<ele>564.000000</ele>
			</trkpt>
			<trkpt lat="39.638186" lon="2.455122">
				<ele>564.000000</ele>
			</trkpt>
			<trkpt lat="39.638145" lon="2.455096">
				<ele>564.000000</ele>
			</trkpt>
			<trkpt lat="39.638034" lon="2.454933">
				<ele>566.000000</ele>
			</trkpt>
			<trkpt lat="39.637889" lon="2.454835">
				<ele>568.000000</ele>
			</trkpt>
			<trkpt lat="39.637460" lon="2.454629">
				<ele>573.000000</ele>
			</trkpt>
			<trkpt lat="39.637301" lon="2.454557">
				<ele>576.000000</ele>
			</trkpt>
			<trkpt lat="39.637162" lon="2.454547">
				<ele>578.000000</ele>
			</trkpt>
			<trkpt lat="39.637045" lon="2.454602">
				<ele>579.000000</ele>
			</trkpt>
			<trkpt lat="39.636928" lon="2.454593">
				<ele>581.000000</ele>
			</trkpt>
			<trkpt lat="39.636768" lon="2.454547">
				<ele>583.000000</ele>
			</trkpt>
			<trkpt lat="39.636478" lon="2.454341">
				<ele>588.000000</ele>
			</trkpt>
			<trkpt lat="39.636374" lon="2.454306">
				<ele>589.000000</ele>
			</trkpt>
			<trkpt lat="39.636298" lon="2.454333">
				<ele>590.000000</ele>
			</trkpt>
			<trkpt lat="39.636257" lon="2.454377">
				<ele>591.000000</ele>
			</trkpt>
			<trkpt lat="39.636257" lon="2.454440">
				<ele>592.000000</ele>
			</trkpt>
			<trkpt lat="39.636353" lon="2.454539">
				<ele>593.000000</ele>
			</trkpt>
			<trkpt lat="39.636422" lon="2.454637">
				<ele>595.000000</ele>
			</trkpt>
			<trkpt lat="39.636554" lon="2.454844">
				<ele>597.000000</ele>
			</trkpt>
			<trkpt lat="39.636588" lon="2.454925">
				<ele>598.000000</ele>
			</trkpt>
			<trkpt lat="39.636561" lon="2.454962">
				<ele>599.000000</ele>
			</trkpt>
			<trkpt lat="39.636457" lon="2.454899">
				<ele>601.000000</ele>
			</trkpt>
			<trkpt lat="39.636312" lon="2.454844">
				<ele>603.000000</ele>
			</trkpt>
			<trkpt lat="39.636069" lon="2.454799">
				<ele>606.000000</ele>
			</trkpt>
			<trkpt lat="39.635827" lon="2.454746">
				<ele>610.000000</ele>
			</trkpt>
			<trkpt lat="39.635288" lon="2.454610">
				<ele>615.000000</ele>
			</trkpt>
			<trkpt lat="39.635080" lon="2.454583">
				<ele>618.000000</ele>
			</trkpt>
			<trkpt lat="39.634838" lon="2.454583">
				<ele>620.000000</ele>
			</trkpt>
			<trkpt lat="39.634569" lon="2.454566">
				<ele>624.000000</ele>
			</trkpt>
			<trkpt lat="39.634396" lon="2.454583">
				<ele>627.000000</ele>
			</trkpt>
			<trkpt lat="39.634257" lon="2.454629">
				<ele>629.000000</ele>
			</trkpt>
			<trkpt lat="39.634181" lon="2.454700">
				<ele>630.000000</ele>
			</trkpt>
			<trkpt lat="39.634140" lon="2.454736">
				<ele>630.000000</ele>
			</trkpt>
			<trkpt lat="39.633731" lon="2.454746">
				<ele>634.000000</ele>
			</trkpt>
			<trkpt lat="39.633282" lon="2.454746">
				<ele>637.000000</ele>
			</trkpt>
			<trkpt lat="39.632998" lon="2.454719">
				<ele>640.000000</ele>
			</trkpt>
			<trkpt lat="39.632797" lon="2.454664">
				<ele>642.000000</ele>
			</trkpt>
			<trkpt lat="39.632701" lon="2.454664">
				<ele>643.000000</ele>
			</trkpt>
			<trkpt lat="39.632659" lon="2.454709">
				<ele>644.000000</ele>
			</trkpt>
			<trkpt lat="39.632555" lon="2.455015">
				<ele>647.000000</ele>
			</trkpt>
			<trkpt lat="39.632417" lon="2.455239">
				<ele>650.000000</ele>
			</trkpt>
			<trkpt lat="39.632382" lon="2.455491">
				<ele>651.000000</ele>
			</trkpt>
			<trkpt lat="39.632341" lon="2.455761">
				<ele>652.000000</ele>
			</trkpt>
			<trkpt lat="39.632361" lon="2.456183">
				<ele>654.000000</ele>
			</trkpt>
			<trkpt lat="39.632389" lon="2.456560">
				<ele>655.000000</ele>
			</trkpt>
			<trkpt lat="39.632292" lon="2.456551">
				<ele>655.000000</ele>
			</trkpt>
			<trkpt lat="39.632230" lon="2.456551">
				<ele>656.000000</ele>
			</trkpt>
			<trkpt lat="39.632223" lon="2.456417">
				<ele>656.000000</ele>
			</trkpt>
			<trkpt lat="39.632216" lon="2.456354">
				<ele>656.000000</ele>
			</trkpt>
			<trkpt lat="39.632196" lon="2.456317">
				<ele>656.000000</ele>
			</trkpt>
			<trkpt lat="39.632147" lon="2.456308">
				<ele>657.000000</ele>
			</trkpt>
			<trkpt lat="39.632036" lon="2.456155">
				<ele>657.000000</ele>
			</trkpt>
			<trkpt lat="39.631912" lon="2.456165">
				<ele>658.000000</ele>
			</trkpt>
			<trkpt lat="39.631863" lon="2.456120">
				<ele>658.000000</ele>
			</trkpt>
			<trkpt lat="39.631767" lon="2.456038">
				<ele>659.000000</ele>
			</trkpt>
			<trkpt lat="39.631739" lon="2.455958">
				<ele>659.000000</ele>
			</trkpt>
			<trkpt lat="39.631704" lon="2.455698">
				<ele>661.000000</ele>
			</trkpt>
			<trkpt lat="39.631642" lon="2.455671">
				<ele>663.000000</ele>
			</trkpt>
			<trkpt lat="39.631539" lon="2.455698">
				<ele>666.000000</ele>
			</trkpt>
			<trkpt lat="39.631393" lon="2.455679">
				<ele>671.000000</ele>
			</trkpt>
			<trkpt lat="39.631351" lon="2.455671">
				<ele>673.000000</ele>
			</trkpt>
			<trkpt lat="39.631303" lon="2.455608">
				<ele>675.000000</ele>
			</trkpt>
			<trkpt lat="39.631158" lon="2.455509">
				<ele>680.000000</ele>
			</trkpt>
			<trkpt lat="39.631137" lon="2.455455">
				<ele>681.000000</ele>
			</trkpt>
			<trkpt lat="39.631123" lon="2.455392">
				<ele>683.000000</ele>
			</trkpt>
			<trkpt lat="39.631103" lon="2.455365">
				<ele>683.000000</ele>
			</trkpt>
			<trkpt lat="39.631082" lon="2.455338">
				<ele>684.000000</ele>
			</trkpt>
			<trkpt lat="39.631082" lon="2.455329">
				<ele>684.000000</ele>
			</trkpt>
			<trkpt lat="39.631068" lon="2.455312">
				<ele>685.000000</ele>
			</trkpt>
			<trkpt lat="39.631020" lon="2.455329">
				<ele>686.000000</ele>
			</trkpt>
			<trkpt lat="39.630978" lon="2.455302">
				<ele>687.000000</ele>
			</trkpt>
			<trkpt lat="39.630971" lon="2.455258">
				<ele>688.000000</ele>
			</trkpt>
			<trkpt lat="39.630950" lon="2.455222">
				<ele>688.000000</ele>
			</trkpt>
			<trkpt lat="39.630943" lon="2.455186">
				<ele>689.000000</ele>
			</trkpt>
			<trkpt lat="39.630936" lon="2.455168">
				<ele>689.000000</ele>
			</trkpt>
			<trkpt lat="39.630909" lon="2.455159">
				<ele>690.000000</ele>
			</trkpt>
			<trkpt lat="39.630860" lon="2.455122">
				<ele>691.000000</ele>
			</trkpt>
			<trkpt lat="39.630847" lon="2.455069">
				<ele>693.000000</ele>
			</trkpt>
			<trkpt lat="39.630847" lon="2.455033">
				<ele>693.000000</ele>
			</trkpt>
			<trkpt lat="39.630832" lon="2.455006">
				<ele>694.000000</ele>
			</trkpt>
			<trkpt lat="39.630819" lon="2.454962">
				<ele>695.000000</ele>
			</trkpt>
			<trkpt lat="39.630805" lon="2.454907">
				<ele>696.000000</ele>
			</trkpt>
			<trkpt lat="39.630777" lon="2.454899">
				<ele>697.000000</ele>
			</trkpt>
			<trkpt lat="39.630743" lon="2.454862">
				<ele>698.000000</ele>
			</trkpt>
			<trkpt lat="39.630625" lon="2.454629">
				<ele>703.000000</ele>
			</trkpt>
			<trkpt lat="39.630570" lon="2.454602">
				<ele>705.000000</ele>
			</trkpt>
			<trkpt lat="39.630535" lon="2.454539">
				<ele>707.000000</ele>
			</trkpt>
			<trkpt lat="39.630486" lon="2.454476">
				<ele>709.000000</ele>
			</trkpt>
			<trkpt lat="39.630466" lon="2.454457">
				<ele>709.000000</ele>
			</trkpt>
			<trkpt lat="39.630431" lon="2.454449">
				<ele>710.000000</ele>
			</trkpt>
			<trkpt lat="39.630431" lon="2.454413">
				<ele>711.000000</ele>
			</trkpt>
			<trkpt lat="39.630390" lon="2.454314">
				<ele>713.000000</ele>
			</trkpt>
			<trkpt lat="39.630383" lon="2.454278">
				<ele>713.000000</ele>
			</trkpt>
			<trkpt lat="39.630313" lon="2.454216">
				<ele>715.000000</ele>
			</trkpt>
			<trkpt lat="39.630279" lon="2.454134">
				<ele>717.000000</ele>
			</trkpt>
			<trkpt lat="39.630265" lon="2.454054">
				<ele>719.000000</ele>
			</trkpt>
			<trkpt lat="39.630230" lon="2.454017">
				<ele>720.000000</ele>
			</trkpt>
			<trkpt lat="39.630203" lon="2.453964">
				<ele>720.000000</ele>
			</trkpt>
			<trkpt lat="39.630071" lon="2.453793">
				<ele>721.000000</ele>
			</trkpt>
			<trkpt lat="39.630016" lon="2.453712">
				<ele>722.000000</ele>
			</trkpt>
			<trkpt lat="39.629940" lon="2.453631">
				<ele>722.000000</ele>
			</trkpt>
			<trkpt lat="39.629933" lon="2.453587">
				<ele>722.000000</ele>
			</trkpt>
			<trkpt lat="39.629898" lon="2.453568">
				<ele>723.000000</ele>
			</trkpt>
			<trkpt lat="39.629823" lon="2.453560">
				<ele>723.000000</ele>
			</trkpt>
			<trkpt lat="39.629809" lon="2.453497">
				<ele>723.000000</ele>
			</trkpt>
			<trkpt lat="39.629774" lon="2.453407">
				<ele>724.000000</ele>
			</trkpt>
			<trkpt lat="39.629725" lon="2.453245">
				<ele>724.000000</ele>
			</trkpt>
			<trkpt lat="39.629712" lon="2.453182">
				<ele>725.000000</ele>
			</trkpt>
			<trkpt lat="39.629691" lon="2.453174">
				<ele>725.000000</ele>
			</trkpt>
			<trkpt lat="39.629622" lon="2.452994">
				<ele>726.000000</ele>
			</trkpt>
			<trkpt lat="39.629483" lon="2.452472">
				<ele>728.000000</ele>
			</trkpt>
			<trkpt lat="39.629373" lon="2.452167">
				<ele>729.000000</ele>
			</trkpt>
			<trkpt lat="39.629352" lon="2.452122">
				<ele>730.000000</ele>
			</trkpt>
			<trkpt lat="39.629331" lon="2.452006">
				<ele>730.000000</ele>
			</trkpt>
			<trkpt lat="39.629304" lon="2.451933">
				<ele>730.000000</ele>
			</trkpt>
			<trkpt lat="39.629304" lon="2.451799">
				<ele>731.000000</ele>
			</trkpt>
			<trkpt lat="39.629290" lon="2.451646">
				<ele>731.000000</ele>
			</trkpt>
			<trkpt lat="39.629283" lon="2.451530">
				<ele>732.000000</ele>
			</trkpt>
			<trkpt lat="39.629290" lon="2.451413">
				<ele>732.000000</ele>
			</trkpt>
			<trkpt lat="39.629297" lon="2.451341">
				<ele>733.000000</ele>
			</trkpt>
			<trkpt lat="39.629324" lon="2.451260">
				<ele>733.000000</ele>
			</trkpt>
			<trkpt lat="39.629373" lon="2.450972">
				<ele>734.000000</ele>
			</trkpt>
			<trkpt lat="39.629393" lon="2.450801">
				<ele>735.000000</ele>
			</trkpt>
			<trkpt lat="39.629442" lon="2.450532">
				<ele>736.000000</ele>
			</trkpt>
			<trkpt lat="39.629428" lon="2.450406">
				<ele>736.000000</ele>
			</trkpt>
			<trkpt lat="39.629366" lon="2.450119">
				<ele>737.000000</ele>
			</trkpt>
			<trkpt lat="39.629318" lon="2.449993">
				<ele>738.000000</ele>
			</trkpt>
			<trkpt lat="39.629220" lon="2.449822">
				<ele>739.000000</ele>
			</trkpt>
			<trkpt lat="39.629172" lon="2.449751">
				<ele>739.000000</ele>
			</trkpt>
			<trkpt lat="39.629158" lon="2.449679">
				<ele>739.000000</ele>
			</trkpt>
			<trkpt lat="39.629172" lon="2.449598">
				<ele>740.000000</ele>
			</trkpt>
			<trkpt lat="39.629165" lon="2.449409">
				<ele>740.000000</ele>
			</trkpt>
			<trkpt lat="39.629151" lon="2.449364">
				<ele>740.000000</ele>
			</trkpt>
			<trkpt lat="39.629151" lon="2.449113">
				<ele>740.000000</ele>
			</trkpt>
			<trkpt lat="39.629137" lon="2.449023">
				<ele>740.000000</ele>
			</trkpt>
			<trkpt lat="39.629124" lon="2.448969">
				<ele>740.000000</ele>
			</trkpt>
			<trkpt lat="39.629172" lon="2.448870">
				<ele>740.000000</ele>
			</trkpt>
			<trkpt lat="39.629193" lon="2.448826">
				<ele>740.000000</ele>
			</trkpt>
			<trkpt lat="39.629241" lon="2.448754">
				<ele>740.000000</ele>
			</trkpt>
			<trkpt lat="39.629283" lon="2.448727">
				<ele>740.000000</ele>
			</trkpt>
			<trkpt lat="39.629352" lon="2.448664">
				<ele>740.000000</ele>
			</trkpt>
			<trkpt lat="39.629470" lon="2.448591">
				<ele>740.000000</ele>
			</trkpt>
			<trkpt lat="39.629490" lon="2.448564">
				<ele>740.000000</ele>
			</trkpt>
			<trkpt lat="39.629518" lon="2.448547">
				<ele>740.000000</ele>
			</trkpt>
			<trkpt lat="39.629552" lon="2.448484">
				<ele>738.000000</ele>
			</trkpt>
			<trkpt lat="39.629594" lon="2.448440">
				<ele>737.000000</ele>
			</trkpt>
			<trkpt lat="39.629642" lon="2.448341">
				<ele>736.000000</ele>
			</trkpt>
			<trkpt lat="39.629698" lon="2.448295">
				<ele>734.000000</ele>
			</trkpt>
			<trkpt lat="39.629781" lon="2.448268">
				<ele>732.000000</ele>
			</trkpt>
			<trkpt lat="39.629829" lon="2.448197">
				<ele>731.000000</ele>
			</trkpt>
			<trkpt lat="39.629892" lon="2.448115">
				<ele>730.000000</ele>
			</trkpt>
			<trkpt lat="39.629947" lon="2.448071">
				<ele>730.000000</ele>
			</trkpt>
			<trkpt lat="39.629967" lon="2.448025">
				<ele>730.000000</ele>
			</trkpt>
			<trkpt lat="39.629961" lon="2.447972">
				<ele>730.000000</ele>
			</trkpt>
			<trkpt lat="39.629982" lon="2.447918">
				<ele>731.000000</ele>
			</trkpt>
			<trkpt lat="39.630009" lon="2.447874">
				<ele>731.000000</ele>
			</trkpt>
			<trkpt lat="39.630044" lon="2.447811">
				<ele>732.000000</ele>
			</trkpt>
			<trkpt lat="39.630051" lon="2.447738">
				<ele>732.000000</ele>
			</trkpt>
			<trkpt lat="39.630092" lon="2.447631">
				<ele>733.000000</ele>
			</trkpt>
			<trkpt lat="39.630148" lon="2.447488">
				<ele>735.000000</ele>
			</trkpt>
			<trkpt lat="39.630265" lon="2.447370">
				<ele>736.000000</ele>
			</trkpt>
			<trkpt lat="39.630293" lon="2.447272">
				<ele>737.000000</ele>
			</trkpt>
			<trkpt lat="39.630293" lon="2.447182">
				<ele>738.000000</ele>
			</trkpt>
			<trkpt lat="39.630258" lon="2.447119">
				<ele>739.000000</ele>
			</trkpt>
			<trkpt lat="39.630258" lon="2.447065">
				<ele>739.000000</ele>
			</trkpt>
			<trkpt lat="39.630224" lon="2.447029">
				<ele>739.000000</ele>
			</trkpt>
			<trkpt lat="39.630217" lon="2.447011">
				<ele>740.000000</ele>
			</trkpt>
			<trkpt lat="39.630134" lon="2.446922">
				<ele>741.000000</ele>
			</trkpt>
			<trkpt lat="39.630120" lon="2.446813">
				<ele>742.000000</ele>
			</trkpt>
			<trkpt lat="39.630134" lon="2.446769">
				<ele>743.000000</ele>
			</trkpt>
			<trkpt lat="39.630085" lon="2.446687">
				<ele>744.000000</ele>
			</trkpt>
			<trkpt lat="39.630071" lon="2.446580">
				<ele>745.000000</ele>
			</trkpt>
			<trkpt lat="39.630023" lon="2.446463">
				<ele>746.000000</ele>
			</trkpt>
			<trkpt lat="39.630002" lon="2.446356">
				<ele>747.000000</ele>
			</trkpt>
			<trkpt lat="39.629988" lon="2.446301">
				<ele>748.000000</ele>
			</trkpt>
			<trkpt lat="39.629982" lon="2.446230">
				<ele>749.000000</ele>
			</trkpt>
			<trkpt lat="39.629933" lon="2.446113">
				<ele>750.000000</ele>
			</trkpt>
			<trkpt lat="39.629927" lon="2.446059">
				<ele>751.000000</ele>
			</trkpt>
			<trkpt lat="39.629912" lon="2.446050">
				<ele>751.000000</ele>
			</trkpt>
			<trkpt lat="39.629898" lon="2.445996">
				<ele>752.000000</ele>
			</trkpt>
			<trkpt lat="39.629871" lon="2.445996">
				<ele>753.000000</ele>
			</trkpt>
			<trkpt lat="39.629857" lon="2.445941">
				<ele>753.000000</ele>
			</trkpt>
			<trkpt lat="39.629809" lon="2.445817">
				<ele>755.000000</ele>
			</trkpt>
			<trkpt lat="39.629781" lon="2.445807">
				<ele>756.000000</ele>
			</trkpt>
			<trkpt lat="39.629760" lon="2.445744">
				<ele>757.000000</ele>
			</trkpt>
			<trkpt lat="39.629725" lon="2.445700">
				<ele>758.000000</ele>
			</trkpt>
			<trkpt lat="39.629691" lon="2.445681">
				<ele>759.000000</ele>
			</trkpt>
			<trkpt lat="39.629642" lon="2.445591">
				<ele>760.000000</ele>
			</trkpt>
			<trkpt lat="39.629608" lon="2.445564">
				<ele>761.000000</ele>
			</trkpt>
			<trkpt lat="39.629573" lon="2.445511">
				<ele>762.000000</ele>
			</trkpt>
			<trkpt lat="39.629525" lon="2.445430">
				<ele>763.000000</ele>
			</trkpt>
			<trkpt lat="39.629477" lon="2.445358">
				<ele>765.000000</ele>
			</trkpt>
			<trkpt lat="39.629449" lon="2.445285">
				<ele>766.000000</ele>
			</trkpt>
			<trkpt lat="39.629435" lon="2.445205">
				<ele>767.000000</ele>
			</trkpt>
			<trkpt lat="39.629421" lon="2.445178">
				<ele>768.000000</ele>
			</trkpt>
			<trkpt lat="39.629421" lon="2.445125">
				<ele>768.000000</ele>
			</trkpt>
			<trkpt lat="39.629414" lon="2.445088">
				<ele>769.000000</ele>
			</trkpt>
			<trkpt lat="39.629387" lon="2.445088">
				<ele>769.000000</ele>
			</trkpt>
			<trkpt lat="39.629345" lon="2.445071">
				<ele>770.000000</ele>
			</trkpt>
			<trkpt lat="39.629331" lon="2.445052">
				<ele>771.000000</ele>
			</trkpt>
			<trkpt lat="39.629324" lon="2.445016">
				<ele>772.000000</ele>
			</trkpt>
			<trkpt lat="39.629290" lon="2.445016">
				<ele>773.000000</ele>
			</trkpt>
			<trkpt lat="39.629262" lon="2.444981">
				<ele>774.000000</ele>
			</trkpt>
			<trkpt lat="39.629248" lon="2.444954">
				<ele>775.000000</ele>
			</trkpt>
			<trkpt lat="39.629235" lon="2.444954">
				<ele>775.000000</ele>
			</trkpt>
			<trkpt lat="39.629200" lon="2.444909">
				<ele>776.000000</ele>
			</trkpt>
			<trkpt lat="39.629179" lon="2.444891">
				<ele>777.000000</ele>
			</trkpt>
			<trkpt lat="39.629145" lon="2.444882">
				<ele>778.000000</ele>
			</trkpt>
			<trkpt lat="39.629131" lon="2.444838">
				<ele>779.000000</ele>
			</trkpt>
			<trkpt lat="39.629096" lon="2.444809">
				<ele>780.000000</ele>
			</trkpt>
			<trkpt lat="39.629041" lon="2.444792">
				<ele>782.000000</ele>
			</trkpt>
			<trkpt lat="39.628978" lon="2.444765">
				<ele>785.000000</ele>
			</trkpt>
			<trkpt lat="39.628958" lon="2.444765">
				<ele>785.000000</ele>
			</trkpt>
			<trkpt lat="39.628930" lon="2.444738">
				<ele>787.000000</ele>
			</trkpt>
			<trkpt lat="39.628902" lon="2.444729">
				<ele>788.000000</ele>
			</trkpt>
			<trkpt lat="39.628895" lon="2.444756">
				<ele>788.000000</ele>
			</trkpt>
			<trkpt lat="39.628889" lon="2.444765">
				<ele>789.000000</ele>
			</trkpt>
			<trkpt lat="39.628882" lon="2.444809">
				<ele>790.000000</ele>
			</trkpt>
			<trkpt lat="39.628840" lon="2.444838">
				<ele>791.000000</ele>
			</trkpt>
			<trkpt lat="39.628791" lon="2.444819">
				<ele>793.000000</ele>
			</trkpt>
			<trkpt lat="39.628757" lon="2.444783">
				<ele>794.000000</ele>
			</trkpt>
			<trkpt lat="39.628743" lon="2.444783">
				<ele>795.000000</ele>
			</trkpt>
			<trkpt lat="39.628709" lon="2.444801">
				<ele>796.000000</ele>
			</trkpt>
			<trkpt lat="39.628681" lon="2.444783">
				<ele>797.000000</ele>
			</trkpt>
			<trkpt lat="39.628660" lon="2.444738">
				<ele>798.000000</ele>
			</trkpt>
			<trkpt lat="39.628639" lon="2.444693">
				<ele>799.000000</ele>
			</trkpt>
			<trkpt lat="39.628591" lon="2.444675">
				<ele>801.000000</ele>
			</trkpt>
			<trkpt lat="39.628536" lon="2.444675">
				<ele>803.000000</ele>
			</trkpt>
			<trkpt lat="39.628473" lon="2.444685">
				<ele>805.000000</ele>
			</trkpt>
			<trkpt lat="39.628459" lon="2.444675">
				<ele>806.000000</ele>
			</trkpt>
			<trkpt lat="39.628411" lon="2.444675">
				<ele>808.000000</ele>
			</trkpt>
			<trkpt lat="39.628224" lon="2.444603">
				<ele>814.000000</ele>
			</trkpt>
			<trkpt lat="39.628176" lon="2.444559">
				<ele>816.000000</ele>
			</trkpt>
			<trkpt lat="39.628155" lon="2.444559">
				<ele>817.000000</ele>
			</trkpt>
			<trkpt lat="39.628127" lon="2.444612">
				<ele>818.000000</ele>
			</trkpt>
			<trkpt lat="39.628113" lon="2.444622">
				<ele>819.000000</ele>
			</trkpt>
			<trkpt lat="39.628107" lon="2.444666">
				<ele>820.000000</ele>
			</trkpt>
			<trkpt lat="39.628086" lon="2.444675">
				<ele>820.000000</ele>
			</trkpt>
			<trkpt lat="39.628058" lon="2.444658">
				<ele>821.000000</ele>
			</trkpt>
			<trkpt lat="39.628024" lon="2.444639">
				<ele>822.000000</ele>
			</trkpt>
			<trkpt lat="39.628017" lon="2.444658">
				<ele>822.000000</ele>
			</trkpt>
			<trkpt lat="39.628009" lon="2.444685">
				<ele>823.000000</ele>
			</trkpt>
			<trkpt lat="39.627996" lon="2.444685">
				<ele>823.000000</ele>
			</trkpt>
			<trkpt lat="39.627969" lon="2.444675">
				<ele>824.000000</ele>
			</trkpt>
			<trkpt lat="39.627913" lon="2.444658">
				<ele>825.000000</ele>
			</trkpt>
			<trkpt lat="39.627878" lon="2.444675">
				<ele>826.000000</ele>
			</trkpt>
			<trkpt lat="39.627857" lon="2.444658">
				<ele>827.000000</ele>
			</trkpt>
			<trkpt lat="39.627830" lon="2.444595">
				<ele>828.000000</ele>
			</trkpt>
			<trkpt lat="39.627809" lon="2.444559">
				<ele>829.000000</ele>
			</trkpt>
			<trkpt lat="39.627761" lon="2.444595">
				<ele>830.000000</ele>
			</trkpt>
			<trkpt lat="39.627733" lon="2.444595">
				<ele>831.000000</ele>
			</trkpt>
			<trkpt lat="39.627698" lon="2.444568">
				<ele>832.000000</ele>
			</trkpt>
			<trkpt lat="39.627671" lon="2.444576">
				<ele>832.000000</ele>
			</trkpt>
			<trkpt lat="39.627650" lon="2.444568">
				<ele>833.000000</ele>
			</trkpt>
			<trkpt lat="39.627643" lon="2.444568">
				<ele>833.000000</ele>
			</trkpt>
			<trkpt lat="39.627629" lon="2.444595">
				<ele>834.000000</ele>
			</trkpt>
			<trkpt lat="39.627623" lon="2.444622">
				<ele>834.000000</ele>
			</trkpt>
			<trkpt lat="39.627594" lon="2.444622">
				<ele>835.000000</ele>
			</trkpt>
			<trkpt lat="39.627574" lon="2.444585">
				<ele>836.000000</ele>
			</trkpt>
			<trkpt lat="39.627539" lon="2.444585">
				<ele>837.000000</ele>
			</trkpt>
			<trkpt lat="39.627498" lon="2.444612">
				<ele>838.000000</ele>
			</trkpt>
			<trkpt lat="39.627498" lon="2.444658">
				<ele>839.000000</ele>
			</trkpt>
			<trkpt lat="39.627484" lon="2.444666">
				<ele>839.000000</ele>
			</trkpt>
			<trkpt lat="39.627463" lon="2.444658">
				<ele>840.000000</ele>
			</trkpt>
			<trkpt lat="39.627450" lon="2.444648">
				<ele>840.000000</ele>
			</trkpt>
			<trkpt lat="39.627435" lon="2.444648">
				<ele>840.000000</ele>
			</trkpt>
			<trkpt lat="39.627421" lon="2.444666">
				<ele>840.000000</ele>
			</trkpt>
			<trkpt lat="39.627401" lon="2.444685">
				<ele>840.000000</ele>
			</trkpt>
			<trkpt lat="39.627387" lon="2.444702">
				<ele>840.000000</ele>
			</trkpt>
			<trkpt lat="39.627394" lon="2.444756">
				<ele>840.000000</ele>
			</trkpt>
			<trkpt lat="39.627380" lon="2.444783">
				<ele>840.000000</ele>
			</trkpt>
			<trkpt lat="39.627346" lon="2.444801">
				<ele>840.000000</ele>
			</trkpt>
			<trkpt lat="39.627325" lon="2.444801">
				<ele>840.000000</ele>
			</trkpt>
			<trkpt lat="39.627297" lon="2.444792">
				<ele>840.000000</ele>
			</trkpt>
			<trkpt lat="39.627262" lon="2.444748">
				<ele>840.000000</ele>
			</trkpt>
			<trkpt lat="39.627221" lon="2.444748">
				<ele>840.000000</ele>
			</trkpt>
			<trkpt lat="39.627207" lon="2.444729">
				<ele>840.000000</ele>
			</trkpt>
			<trkpt lat="39.627200" lon="2.444693">
				<ele>840.000000</ele>
			</trkpt>
			<trkpt lat="39.627173" lon="2.444612">
				<ele>840.000000</ele>
			</trkpt>
			<trkpt lat="39.627145" lon="2.444603">
				<ele>840.000000</ele>
			</trkpt>
			<trkpt lat="39.627104" lon="2.444595">
				<ele>840.000000</ele>
			</trkpt>
			<trkpt lat="39.627020" lon="2.444585">
				<ele>840.000000</ele>
			</trkpt>
			<trkpt lat="39.626993" lon="2.444576">
				<ele>840.000000</ele>
			</trkpt>
			<trkpt lat="39.626972" lon="2.444559">
				<ele>840.000000</ele>
			</trkpt>
			<trkpt lat="39.626931" lon="2.444513">
				<ele>840.000000</ele>
			</trkpt>
			<trkpt lat="39.626841" lon="2.444469">
				<ele>840.000000</ele>
			</trkpt>
			<trkpt lat="39.626792" lon="2.444433">
				<ele>840.000000</ele>
			</trkpt>
			<trkpt lat="39.626764" lon="2.444415">
				<ele>840.000000</ele>
			</trkpt>
			<trkpt lat="39.626660" lon="2.444423">
				<ele>840.000000</ele>
			</trkpt>
			<trkpt lat="39.626536" lon="2.444280">
				<ele>840.000000</ele>
			</trkpt>
			<trkpt lat="39.626515" lon="2.444235">
				<ele>840.000000</ele>
			</trkpt>
			<trkpt lat="39.626495" lon="2.444146">
				<ele>840.000000</ele>
			</trkpt>
			<trkpt lat="39.626522" lon="2.444037">
				<ele>840.000000</ele>
			</trkpt>
			<trkpt lat="39.626536" lon="2.443939">
				<ele>840.000000</ele>
			</trkpt>
			<trkpt lat="39.626522" lon="2.443867">
				<ele>839.000000</ele>
			</trkpt>
			<trkpt lat="39.626529" lon="2.443804">
				<ele>839.000000</ele>
			</trkpt>
			<trkpt lat="39.626487" lon="2.443723">
				<ele>837.000000</ele>
			</trkpt>
			<trkpt lat="39.626453" lon="2.443588">
				<ele>835.000000</ele>
			</trkpt>
			<trkpt lat="39.626460" lon="2.443408">
				<ele>833.000000</ele>
			</trkpt>
			<trkpt lat="39.626466" lon="2.443310">
				<ele>831.000000</ele>
			</trkpt>
			<trkpt lat="39.626550" lon="2.442977">
				<ele>825.000000</ele>
			</trkpt>
			<trkpt lat="39.626647" lon="2.442771">
				<ele>821.000000</ele>
			</trkpt>
			<trkpt lat="39.626668" lon="2.442582">
				<ele>814.000000</ele>
			</trkpt>
			<trkpt lat="39.626647" lon="2.442492">
				<ele>810.000000</ele>
			</trkpt>
			<trkpt lat="39.626812" lon="2.442259">
				<ele>803.000000</ele>
			</trkpt>
			<trkpt lat="39.626875" lon="2.441926">
				<ele>794.000000</ele>
			</trkpt>
			<trkpt lat="39.627006" lon="2.441379">
				<ele>778.000000</ele>
			</trkpt>
			<trkpt lat="39.627034" lon="2.441217">
				<ele>774.000000</ele>
			</trkpt>
			<trkpt lat="39.627069" lon="2.440803">
				<ele>766.000000</ele>
			</trkpt>
			<trkpt lat="39.627075" lon="2.440588">
				<ele>762.000000</ele>
			</trkpt>
			<trkpt lat="39.627138" lon="2.440274">
				<ele>751.000000</ele>
			</trkpt>
			<trkpt lat="39.627166" lon="2.440184">
				<ele>748.000000</ele>
			</trkpt>
			<trkpt lat="39.627401" lon="2.439779">
				<ele>734.000000</ele>
			</trkpt>
			<trkpt lat="39.627435" lon="2.439645">
				<ele>729.000000</ele>
			</trkpt>
			<trkpt lat="39.627519" lon="2.439358">
				<ele>723.000000</ele>
			</trkpt>
			<trkpt lat="39.627608" lon="2.439169">
				<ele>718.000000</ele>
			</trkpt>
			<trkpt lat="39.627775" lon="2.438943">
				<ele>710.000000</ele>
			</trkpt>
			<trkpt lat="39.627885" lon="2.438854">
				<ele>704.000000</ele>
			</trkpt>
			<trkpt lat="39.628148" lon="2.438746">
				<ele>693.000000</ele>
			</trkpt>
			<trkpt lat="39.628203" lon="2.438683">
				<ele>691.000000</ele>
			</trkpt>
			<trkpt lat="39.628293" lon="2.438593">
				<ele>690.000000</ele>
			</trkpt>
			<trkpt lat="39.628203" lon="2.438540">
				<ele>690.000000</ele>
			</trkpt>
			<trkpt lat="39.628044" lon="2.438522">
				<ele>690.000000</ele>
			</trkpt>
			<trkpt lat="39.627802" lon="2.438387">
				<ele>690.000000</ele>
			</trkpt>
			<trkpt lat="39.627712" lon="2.438387">
				<ele>690.000000</ele>
			</trkpt>
			<trkpt lat="39.627435" lon="2.438440">
				<ele>690.000000</ele>
			</trkpt>
			<trkpt lat="39.627248" lon="2.438432">
				<ele>690.000000</ele>
			</trkpt>
			<trkpt lat="39.627179" lon="2.438440">
				<ele>690.000000</ele>
			</trkpt>
			<trkpt lat="39.627096" lon="2.438387">
				<ele>690.000000</ele>
			</trkpt>
			<trkpt lat="39.627055" lon="2.438261">
				<ele>685.000000</ele>
			</trkpt>
			<trkpt lat="39.627075" lon="2.438190">
				<ele>681.000000</ele>
			</trkpt>
			<trkpt lat="39.627096" lon="2.438136">
				<ele>679.000000</ele>
			</trkpt>
			<trkpt lat="39.627187" lon="2.438054">
				<ele>676.000000</ele>
			</trkpt>
			<trkpt lat="39.627158" lon="2.437991">
				<ele>675.000000</ele>
			</trkpt>
			<trkpt lat="39.626993" lon="2.437875">
				<ele>669.000000</ele>
			</trkpt>
			<trkpt lat="39.626993" lon="2.437597">
				<ele>663.000000</ele>
			</trkpt>
			<trkpt lat="39.627041" lon="2.437551">
				<ele>661.000000</ele>
			</trkpt>
			<trkpt lat="39.627055" lon="2.437488">
				<ele>660.000000</ele>
			</trkpt>
			<trkpt lat="39.627062" lon="2.437444">
				<ele>660.000000</ele>
			</trkpt>
			<trkpt lat="39.626965" lon="2.437381">
				<ele>659.000000</ele>
			</trkpt>
			<trkpt lat="39.626910" lon="2.437345">
				<ele>658.000000</ele>
			</trkpt>
			<trkpt lat="39.626847" lon="2.437282">
				<ele>658.000000</ele>
			</trkpt>
			<trkpt lat="39.626812" lon="2.437246">
				<ele>658.000000</ele>
			</trkpt>
			<trkpt lat="39.626792" lon="2.437238">
				<ele>657.000000</ele>
			</trkpt>
			<trkpt lat="39.626758" lon="2.437219">
				<ele>657.000000</ele>
			</trkpt>
			<trkpt lat="39.626723" lon="2.437211">
				<ele>657.000000</ele>
			</trkpt>
			<trkpt lat="39.626695" lon="2.437102">
				<ele>656.000000</ele>
			</trkpt>
			<trkpt lat="39.626723" lon="2.436949">
				<ele>655.000000</ele>
			</trkpt>
			<trkpt lat="39.626688" lon="2.436869">
				<ele>655.000000</ele>
			</trkpt>
			<trkpt lat="39.626633" lon="2.436788">
				<ele>654.000000</ele>
			</trkpt>
			<trkpt lat="39.626543" lon="2.436779">
				<ele>654.000000</ele>
			</trkpt>
			<trkpt lat="39.626259" lon="2.436941">
				<ele>651.000000</ele>
			</trkpt>
			<trkpt lat="39.625886" lon="2.437075">
				<ele>647.000000</ele>
			</trkpt>
			<trkpt lat="39.625775" lon="2.437085">
				<ele>646.000000</ele>
			</trkpt>
			<trkpt lat="39.625408" lon="2.436949">
				<ele>641.000000</ele>
			</trkpt>
			<trkpt lat="39.625339" lon="2.436941">
				<ele>640.000000</ele>
			</trkpt>
			<trkpt lat="39.625208" lon="2.436976">
				<ele>639.000000</ele>
			</trkpt>
			<trkpt lat="39.625035" lon="2.436959">
				<ele>637.000000</ele>
			</trkpt>
			<trkpt lat="39.624931" lon="2.436976">
				<ele>636.000000</ele>
			</trkpt>
			<trkpt lat="39.624771" lon="2.437031">
				<ele>635.000000</ele>
			</trkpt>
			<trkpt lat="39.624433" lon="2.437246">
				<ele>632.000000</ele>
			</trkpt>
			<trkpt lat="39.624322" lon="2.437354">
				<ele>631.000000</ele>
			</trkpt>
			<trkpt lat="39.624073" lon="2.437632">
				<ele>629.000000</ele>
			</trkpt>
			<trkpt lat="39.623727" lon="2.437884">
				<ele>628.000000</ele>
			</trkpt>
			<trkpt lat="39.623485" lon="2.438226">
				<ele>627.000000</ele>
			</trkpt>
			<trkpt lat="39.623430" lon="2.438297">
				<ele>626.000000</ele>
			</trkpt>
			<trkpt lat="39.623353" lon="2.438316">
				<ele>626.000000</ele>
			</trkpt>
			<trkpt lat="39.623208" lon="2.438270">
				<ele>626.000000</ele>
			</trkpt>
			<trkpt lat="39.623139" lon="2.438253">
				<ele>625.000000</ele>
			</trkpt>
			<trkpt lat="39.623111" lon="2.438280">
				<ele>625.000000</ele>
			</trkpt>
			<trkpt lat="39.623035" lon="2.438396">
				<ele>625.000000</ele>
			</trkpt>
			<trkpt lat="39.622973" lon="2.438432">
				<ele>625.000000</ele>
			</trkpt>
			<trkpt lat="39.622862" lon="2.438423">
				<ele>624.000000</ele>
			</trkpt>
			<trkpt lat="39.622827" lon="2.438414">
				<ele>624.000000</ele>
			</trkpt>
			<trkpt lat="39.622800" lon="2.438387">
				<ele>624.000000</ele>
			</trkpt>
			<trkpt lat="39.622654" lon="2.438153">
				<ele>623.000000</ele>
			</trkpt>
			<trkpt lat="39.622578" lon="2.438081">
				<ele>623.000000</ele>
			</trkpt>
			<trkpt lat="39.622329" lon="2.437930">
				<ele>622.000000</ele>
			</trkpt>
			<trkpt lat="39.622267" lon="2.437857">
				<ele>622.000000</ele>
			</trkpt>
			<trkpt lat="39.622239" lon="2.437777">
				<ele>621.000000</ele>
			</trkpt>
			<trkpt lat="39.622198" lon="2.437524">
				<ele>621.000000</ele>
			</trkpt>
			<trkpt lat="39.622204" lon="2.437184">
				<ele>619.000000</ele>
			</trkpt>
			<trkpt lat="39.622184" lon="2.437165">
				<ele>619.000000</ele>
			</trkpt>
			<trkpt lat="39.622184" lon="2.437138">
				<ele>619.000000</ele>
			</trkpt>
			<trkpt lat="39.622204" lon="2.437111">
				<ele>618.000000</ele>
			</trkpt>
			<trkpt lat="39.622204" lon="2.437048">
				<ele>617.000000</ele>
			</trkpt>
			<trkpt lat="39.622184" lon="2.437004">
				<ele>616.000000</ele>
			</trkpt>
			<trkpt lat="39.622198" lon="2.436878">
				<ele>614.000000</ele>
			</trkpt>
			<trkpt lat="39.622170" lon="2.436752">
				<ele>612.000000</ele>
			</trkpt>
			<trkpt lat="39.622219" lon="2.436635">
				<ele>610.000000</ele>
			</trkpt>
			<trkpt lat="39.622253" lon="2.436509">
				<ele>609.000000</ele>
			</trkpt>
			<trkpt lat="39.622294" lon="2.436186">
				<ele>608.000000</ele>
			</trkpt>
			<trkpt lat="39.622343" lon="2.436123">
				<ele>608.000000</ele>
			</trkpt>
			<trkpt lat="39.622357" lon="2.436016">
				<ele>607.000000</ele>
			</trkpt>
			<trkpt lat="39.622357" lon="2.435899">
				<ele>607.000000</ele>
			</trkpt>
			<trkpt lat="39.622336" lon="2.435719">
				<ele>606.000000</ele>
			</trkpt>
			<trkpt lat="39.622308" lon="2.435630">
				<ele>606.000000</ele>
			</trkpt>
			<trkpt lat="39.622239" lon="2.435477">
				<ele>605.000000</ele>
			</trkpt>
			<trkpt lat="39.622239" lon="2.435368">
				<ele>604.000000</ele>
			</trkpt>
			<trkpt lat="39.622232" lon="2.435314">
				<ele>604.000000</ele>
			</trkpt>
			<trkpt lat="39.622225" lon="2.435251">
				<ele>604.000000</ele>
			</trkpt>
			<trkpt lat="39.622225" lon="2.435153">
				<ele>603.000000</ele>
			</trkpt>
			<trkpt lat="39.622322" lon="2.435100">
				<ele>603.000000</ele>
			</trkpt>
			<trkpt lat="39.622357" lon="2.435054">
				<ele>603.000000</ele>
			</trkpt>
			<trkpt lat="39.622371" lon="2.434982">
				<ele>602.000000</ele>
			</trkpt>
			<trkpt lat="39.622371" lon="2.434892">
				<ele>602.000000</ele>
			</trkpt>
			<trkpt lat="39.622357" lon="2.434794">
				<ele>601.000000</ele>
			</trkpt>
			<trkpt lat="39.622371" lon="2.434354">
				<ele>599.000000</ele>
			</trkpt>
			<trkpt lat="39.622371" lon="2.434066">
				<ele>596.000000</ele>
			</trkpt>
			<trkpt lat="39.622225" lon="2.433419">
				<ele>590.000000</ele>
			</trkpt>
			<trkpt lat="39.622219" lon="2.433356">
				<ele>589.000000</ele>
			</trkpt>
			<trkpt lat="39.622211" lon="2.433240">
				<ele>587.000000</ele>
			</trkpt>
			<trkpt lat="39.622260" lon="2.432638">
				<ele>576.000000</ele>
			</trkpt>
			<trkpt lat="39.622336" lon="2.432198">
				<ele>570.000000</ele>
			</trkpt>
			<trkpt lat="39.622405" lon="2.431928">
				<ele>568.000000</ele>
			</trkpt>
			<trkpt lat="39.622419" lon="2.431811">
				<ele>567.000000</ele>
			</trkpt>
			<trkpt lat="39.622384" lon="2.431559">
				<ele>566.000000</ele>
			</trkpt>
			<trkpt lat="39.622357" lon="2.431138">
				<ele>563.000000</ele>
			</trkpt>
			<trkpt lat="39.622412" lon="2.430823">
				<ele>561.000000</ele>
			</trkpt>
			<trkpt lat="39.622419" lon="2.430680">
				<ele>560.000000</ele>
			</trkpt>
			<trkpt lat="39.622398" lon="2.430599">
				<ele>559.000000</ele>
			</trkpt>
			<trkpt lat="39.622288" lon="2.430383">
				<ele>556.000000</ele>
			</trkpt>
			<trkpt lat="39.622066" lon="2.430051">
				<ele>549.000000</ele>
			</trkpt>
			<trkpt lat="39.621914" lon="2.429871">
				<ele>543.000000</ele>
			</trkpt>
			<trkpt lat="39.621769" lon="2.429628">
				<ele>535.000000</ele>
			</trkpt>
			<trkpt lat="39.621741" lon="2.429521">
				<ele>532.000000</ele>
			</trkpt>
			<trkpt lat="39.621720" lon="2.429234">
				<ele>525.000000</ele>
			</trkpt>
			<trkpt lat="39.621685" lon="2.429062">
				<ele>521.000000</ele>
			</trkpt>
			<trkpt lat="39.621651" lon="2.428793">
				<ele>516.000000</ele>
			</trkpt>
			<trkpt lat="39.621630" lon="2.428685">
				<ele>514.000000</ele>
			</trkpt>
			<trkpt lat="39.621651" lon="2.428506">
				<ele>511.000000</ele>
			</trkpt>
			<trkpt lat="39.621637" lon="2.428362">
				<ele>508.000000</ele>
			</trkpt>
			<trkpt lat="39.621644" lon="2.428253">
				<ele>507.000000</ele>
			</trkpt>
			<trkpt lat="39.621623" lon="2.428119">
				<ele>505.000000</ele>
			</trkpt>
			<trkpt lat="39.621610" lon="2.428003">
				<ele>503.000000</ele>
			</trkpt>
			<trkpt lat="39.621541" lon="2.427643">
				<ele>496.000000</ele>
			</trkpt>
			<trkpt lat="39.621368" lon="2.427347">
				<ele>488.000000</ele>
			</trkpt>
			<trkpt lat="39.621270" lon="2.427211">
				<ele>484.000000</ele>
			</trkpt>
			<trkpt lat="39.621181" lon="2.427087">
				<ele>480.000000</ele>
			</trkpt>
			<trkpt lat="39.620696" lon="2.426708">
				<ele>461.000000</ele>
			</trkpt>
			<trkpt lat="39.620426" lon="2.426611">
				<ele>451.000000</ele>
			</trkpt>
			<trkpt lat="39.620350" lon="2.426611">
				<ele>450.000000</ele>
			</trkpt>
			<trkpt lat="39.620281" lon="2.426655">
				<ele>450.000000</ele>
			</trkpt>
			<trkpt lat="39.620260" lon="2.426745">
				<ele>450.000000</ele>
			</trkpt>
			<trkpt lat="39.620309" lon="2.426852">
				<ele>450.000000</ele>
			</trkpt>
			<trkpt lat="39.620350" lon="2.426951">
				<ele>450.000000</ele>
			</trkpt>
			<trkpt lat="39.620350" lon="2.427024">
				<ele>450.000000</ele>
			</trkpt>
			<trkpt lat="39.620301" lon="2.427177">
				<ele>449.000000</ele>
			</trkpt>
			<trkpt lat="39.620080" lon="2.427481">
				<ele>434.000000</ele>
			</trkpt>
			<trkpt lat="39.620053" lon="2.427553">
				<ele>431.000000</ele>
			</trkpt>
			<trkpt lat="39.619880" lon="2.428227">
				<ele>418.000000</ele>
			</trkpt>
			<trkpt lat="39.619838" lon="2.428299">
				<ele>416.000000</ele>
			</trkpt>
			<trkpt lat="39.619713" lon="2.428389">
				<ele>414.000000</ele>
			</trkpt>
			<trkpt lat="39.619644" lon="2.428452">
				<ele>412.000000</ele>
			</trkpt>
			<trkpt lat="39.619569" lon="2.428433">
				<ele>411.000000</ele>
			</trkpt>
			<trkpt lat="39.619471" lon="2.428326">
				<ele>408.000000</ele>
			</trkpt>
			<trkpt lat="39.619416" lon="2.428299">
				<ele>407.000000</ele>
			</trkpt>
			<trkpt lat="39.619354" lon="2.428299">
				<ele>406.000000</ele>
			</trkpt>
			<trkpt lat="39.619340" lon="2.428299">
				<ele>406.000000</ele>
			</trkpt>
			<trkpt lat="39.619125" lon="2.428020">
				<ele>401.000000</ele>
			</trkpt>
			<trkpt lat="39.619015" lon="2.427913">
				<ele>397.000000</ele>
			</trkpt>
			<trkpt lat="39.618952" lon="2.427840">
				<ele>395.000000</ele>
			</trkpt>
			<trkpt lat="39.618925" lon="2.427787">
				<ele>394.000000</ele>
			</trkpt>
			<trkpt lat="39.618918" lon="2.427643">
				<ele>392.000000</ele>
			</trkpt>
			<trkpt lat="39.618925" lon="2.427517">
				<ele>390.000000</ele>
			</trkpt>
			<trkpt lat="39.619077" lon="2.427114">
				<ele>386.000000</ele>
			</trkpt>
			<trkpt lat="39.619139" lon="2.426951">
				<ele>385.000000</ele>
			</trkpt>
			<trkpt lat="39.619146" lon="2.426871">
				<ele>384.000000</ele>
			</trkpt>
			<trkpt lat="39.619132" lon="2.426727">
				<ele>383.000000</ele>
			</trkpt>
			<trkpt lat="39.619119" lon="2.426565">
				<ele>382.000000</ele>
			</trkpt>
			<trkpt lat="39.619063" lon="2.426314">
				<ele>379.000000</ele>
			</trkpt>
			<trkpt lat="39.618994" lon="2.426045">
				<ele>374.000000</ele>
			</trkpt>
			<trkpt lat="39.618980" lon="2.425909">
				<ele>372.000000</ele>
			</trkpt>
			<trkpt lat="39.618946" lon="2.425865">
				<ele>371.000000</ele>
			</trkpt>
			<trkpt lat="39.618911" lon="2.425829">
				<ele>370.000000</ele>
			</trkpt>
			<trkpt lat="39.618869" lon="2.425829">
				<ele>370.000000</ele>
			</trkpt>
			<trkpt lat="39.618842" lon="2.425873">
				<ele>369.000000</ele>
			</trkpt>
			<trkpt lat="39.618835" lon="2.425972">
				<ele>369.000000</ele>
			</trkpt>
			<trkpt lat="39.618807" lon="2.426089">
				<ele>368.000000</ele>
			</trkpt>
			<trkpt lat="39.618731" lon="2.426206">
				<ele>367.000000</ele>
			</trkpt>
			<trkpt lat="39.618634" lon="2.426368">
				<ele>366.000000</ele>
			</trkpt>
			<trkpt lat="39.618585" lon="2.426458">
				<ele>365.000000</ele>
			</trkpt>
			<trkpt lat="39.618544" lon="2.426556">
				<ele>364.000000</ele>
			</trkpt>
			<trkpt lat="39.618516" lon="2.426584">
				<ele>364.000000</ele>
			</trkpt>
			<trkpt lat="39.618420" lon="2.426584">
				<ele>363.000000</ele>
			</trkpt>
			<trkpt lat="39.618364" lon="2.426521">
				<ele>363.000000</ele>
			</trkpt>
			<trkpt lat="39.618295" lon="2.426538">
				<ele>362.000000</ele>
			</trkpt>
			<trkpt lat="39.618233" lon="2.426475">
				<ele>361.000000</ele>
			</trkpt>
			<trkpt lat="39.618184" lon="2.426385">
				<ele>361.000000</ele>
			</trkpt>
			<trkpt lat="39.618025" lon="2.425972">
				<ele>353.000000</ele>
			</trkpt>
			<trkpt lat="39.617804" lon="2.425559">
				<ele>349.000000</ele>
			</trkpt>
			<trkpt lat="39.617707" lon="2.425442">
				<ele>348.000000</ele>
			</trkpt>
			<trkpt lat="39.617368" lon="2.425182">
				<ele>346.000000</ele>
			</trkpt>
			<trkpt lat="39.616980" lon="2.425020">
				<ele>344.000000</ele>
			</trkpt>
			<trkpt lat="39.616855" lon="2.424921">
				<ele>343.000000</ele>
			</trkpt>
			<trkpt lat="39.616780" lon="2.424823">
				<ele>342.000000</ele>
			</trkpt>
			<trkpt lat="39.616551" lon="2.424500">
				<ele>340.000000</ele>
			</trkpt>
			<trkpt lat="39.616447" lon="2.424175">
				<ele>332.000000</ele>
			</trkpt>
			<trkpt lat="39.616517" lon="2.424121">
				<ele>330.000000</ele>
			</trkpt>
			<trkpt lat="39.616420" lon="2.423915">
				<ele>330.000000</ele>
			</trkpt>
			<trkpt lat="39.616253" lon="2.423691">
				<ele>330.000000</ele>
			</trkpt>
			<trkpt lat="39.616171" lon="2.423628">
				<ele>330.000000</ele>
			</trkpt>
			<trkpt lat="39.616019" lon="2.423582">
				<ele>330.000000</ele>
			</trkpt>
			<trkpt lat="39.615970" lon="2.423628">
				<ele>330.000000</ele>
			</trkpt>
			<trkpt lat="39.615880" lon="2.423529">
				<ele>330.000000</ele>
			</trkpt>
			<trkpt lat="39.615250" lon="2.422909">
				<ele>330.000000</ele>
			</trkpt>
			<trkpt lat="39.615167" lon="2.422802">
				<ele>330.000000</ele>
			</trkpt>
			<trkpt lat="39.615119" lon="2.422693">
				<ele>330.000000</ele>
			</trkpt>
			<trkpt lat="39.615105" lon="2.422387">
				<ele>329.000000</ele>
			</trkpt>
			<trkpt lat="39.615091" lon="2.422271">
				<ele>328.000000</ele>
			</trkpt>
			<trkpt lat="39.615070" lon="2.422227">
				<ele>328.000000</ele>
			</trkpt>
			<trkpt lat="39.615029" lon="2.422181">
				<ele>327.000000</ele>
			</trkpt>
			<trkpt lat="39.614869" lon="2.422064">
				<ele>326.000000</ele>
			</trkpt>
			<trkpt lat="39.614828" lon="2.422001">
				<ele>325.000000</ele>
			</trkpt>
			<trkpt lat="39.614808" lon="2.421940">
				<ele>325.000000</ele>
			</trkpt>
			<trkpt lat="39.614800" lon="2.421867">
				<ele>325.000000</ele>
			</trkpt>
			<trkpt lat="39.614821" lon="2.421768">
				<ele>324.000000</ele>
			</trkpt>
			<trkpt lat="39.614904" lon="2.421588">
				<ele>323.000000</ele>
			</trkpt>
			<trkpt lat="39.615050" lon="2.421418">
				<ele>321.000000</ele>
			</trkpt>
			<trkpt lat="39.615098" lon="2.421400">
				<ele>321.000000</ele>
			</trkpt>
			<trkpt lat="39.615174" lon="2.421418">
				<ele>320.000000</ele>
			</trkpt>
			<trkpt lat="39.615215" lon="2.421408">
				<ele>320.000000</ele>
			</trkpt>
			<trkpt lat="39.615271" lon="2.421391">
				<ele>320.000000</ele>
			</trkpt>
			<trkpt lat="39.615409" lon="2.421284">
				<ele>320.000000</ele>
			</trkpt>
			<trkpt lat="39.615631" lon="2.421292">
				<ele>320.000000</ele>
			</trkpt>
			<trkpt lat="39.615679" lon="2.421274">
				<ele>320.000000</ele>
			</trkpt>
			<trkpt lat="39.615721" lon="2.421238">
				<ele>320.000000</ele>
			</trkpt>
			<trkpt lat="39.615769" lon="2.421131">
				<ele>320.000000</ele>
			</trkpt>
			<trkpt lat="39.615811" lon="2.421139">
				<ele>320.000000</ele>
			</trkpt>
			<trkpt lat="39.615887" lon="2.421166">
				<ele>320.000000</ele>
			</trkpt>
			<trkpt lat="39.616129" lon="2.421148">
				<ele>320.000000</ele>
			</trkpt>
			<trkpt lat="39.616323" lon="2.421085">
				<ele>320.000000</ele>
			</trkpt>
			<trkpt lat="39.616461" lon="2.420986">
				<ele>320.000000</ele>
			</trkpt>
			<trkpt lat="39.616509" lon="2.420924">
				<ele>320.000000</ele>
			</trkpt>
			<trkpt lat="39.616544" lon="2.420869">
				<ele>320.000000</ele>
			</trkpt>
			<trkpt lat="39.616558" lon="2.420798">
				<ele>320.000000</ele>
			</trkpt>
			<trkpt lat="39.616558" lon="2.420645">
				<ele>320.000000</ele>
			</trkpt>
			<trkpt lat="39.616607" lon="2.420529">
				<ele>320.000000</ele>
			</trkpt>
			<trkpt lat="39.616676" lon="2.420448">
				<ele>320.000000</ele>
			</trkpt>
			<trkpt lat="39.616662" lon="2.420376">
				<ele>320.000000</ele>
			</trkpt>
			<trkpt lat="39.616558" lon="2.420376">
				<ele>320.000000</ele>
			</trkpt>
			<trkpt lat="39.616253" lon="2.420376">
				<ele>320.000000</ele>
			</trkpt>
			<trkpt lat="39.616184" lon="2.420366">
				<ele>320.000000</ele>
			</trkpt>
			<trkpt lat="39.616101" lon="2.420313">
				<ele>320.000000</ele>
			</trkpt>
			<trkpt lat="39.616005" lon="2.420179">
				<ele>320.000000</ele>
			</trkpt>
			<trkpt lat="39.615921" lon="2.420089">
				<ele>320.000000</ele>
			</trkpt>
			<trkpt lat="39.615811" lon="2.419917">
				<ele>320.000000</ele>
			</trkpt>
			<trkpt lat="39.615707" lon="2.419720">
				<ele>310.000000</ele>
			</trkpt>
			<trkpt lat="39.615734" lon="2.419613">
				<ele>310.000000</ele>
			</trkpt>
			<trkpt lat="39.615437" lon="2.419397">
				<ele>310.000000</ele>
			</trkpt>
			<trkpt lat="39.614537" lon="2.418714">
				<ele>310.000000</ele>
			</trkpt>
			<trkpt lat="39.614143" lon="2.418372">
				<ele>310.000000</ele>
			</trkpt>
			<trkpt lat="39.613672" lon="2.418005">
				<ele>310.000000</ele>
			</trkpt>
			<trkpt lat="39.612980" lon="2.417447">
				<ele>313.000000</ele>
			</trkpt>
			<trkpt lat="39.612628" lon="2.417150">
				<ele>315.000000</ele>
			</trkpt>
			<trkpt lat="39.612558" lon="2.417079">
				<ele>315.000000</ele>
			</trkpt>
			<trkpt lat="39.612496" lon="2.416998">
				<ele>315.000000</ele>
			</trkpt>
			<trkpt lat="39.612420" lon="2.416854">
				<ele>316.000000</ele>
			</trkpt>
			<trkpt lat="39.612184" lon="2.416244">
				<ele>318.000000</ele>
			</trkpt>
			<trkpt lat="39.612198" lon="2.416198">
				<ele>318.000000</ele>
			</trkpt>
			<trkpt lat="39.612198" lon="2.415705">
				<ele>320.000000</ele>
			</trkpt>
			<trkpt lat="39.612253" lon="2.415695">
				<ele>320.000000</ele>
			</trkpt>
			<trkpt lat="39.612288" lon="2.415624">
				<ele>320.000000</ele>
			</trkpt>
			<trkpt lat="39.612295" lon="2.415579">
				<ele>320.000000</ele>
			</trkpt>
			<trkpt lat="39.612295" lon="2.415525">
				<ele>320.000000</ele>
			</trkpt>
			<trkpt lat="39.612219" lon="2.415426">
				<ele>320.000000</ele>
			</trkpt>
			<trkpt lat="39.612060" lon="2.415238">
				<ele>320.000000</ele>
			</trkpt>
			<trkpt lat="39.612011" lon="2.415103">
				<ele>320.000000</ele>
			</trkpt>
			<trkpt lat="39.612039" lon="2.414420">
				<ele>316.000000</ele>
			</trkpt>
			<trkpt lat="39.611984" lon="2.413665">
				<ele>312.000000</ele>
			</trkpt>
			<trkpt lat="39.611873" lon="2.412839">
				<ele>308.000000</ele>
			</trkpt>
			<trkpt lat="39.611845" lon="2.412192">
				<ele>305.000000</ele>
			</trkpt>
			<trkpt lat="39.611818" lon="2.412112">
				<ele>305.000000</ele>
			</trkpt>
			<trkpt lat="39.611763" lon="2.412049">
				<ele>305.000000</ele>
			</trkpt>
			<trkpt lat="39.611520" lon="2.411814">
				<ele>303.000000</ele>
			</trkpt>
			<trkpt lat="39.611236" lon="2.411447">
				<ele>301.000000</ele>
			</trkpt>
			<trkpt lat="39.611132" lon="2.411284">
				<ele>301.000000</ele>
			</trkpt>
			<trkpt lat="39.611112" lon="2.411177">
				<ele>300.000000</ele>
			</trkpt>
			<trkpt lat="39.611126" lon="2.410997">
				<ele>299.000000</ele>
			</trkpt>
			<trkpt lat="39.611077" lon="2.410862">
				<ele>298.000000</ele>
			</trkpt>
			<trkpt lat="39.610973" lon="2.410737">
				<ele>298.000000</ele>
			</trkpt>
			<trkpt lat="39.610586" lon="2.410368">
				<ele>294.000000</ele>
			</trkpt>
			<trkpt lat="39.610385" lon="2.410242">
				<ele>293.000000</ele>
			</trkpt>
			<trkpt lat="39.610371" lon="2.410179">
				<ele>292.000000</ele>
			</trkpt>
			<trkpt lat="39.610392" lon="2.410145">
				<ele>292.000000</ele>
			</trkpt>
			<trkpt lat="39.610337" lon="2.410018">
				<ele>292.000000</ele>
			</trkpt>
			<trkpt lat="39.610267" lon="2.409938">
				<ele>292.000000</ele>
			</trkpt>
			<trkpt lat="39.610019" lon="2.409659">
				<ele>291.000000</ele>
			</trkpt>
			<trkpt lat="39.609804" lon="2.409282">
				<ele>290.000000</ele>
			</trkpt>
			<trkpt lat="39.609748" lon="2.409147">
				<ele>290.000000</ele>
			</trkpt>
			<trkpt lat="39.609693" lon="2.408887">
				<ele>290.000000</ele>
			</trkpt>
			<trkpt lat="39.609652" lon="2.408778">
				<ele>290.000000</ele>
			</trkpt>
			<trkpt lat="39.609603" lon="2.408697">
				<ele>290.000000</ele>
			</trkpt>
			<trkpt lat="39.609361" lon="2.408464">
				<ele>290.000000</ele>
			</trkpt>
			<trkpt lat="39.609208" lon="2.408374">
				<ele>290.000000</ele>
			</trkpt>
			<trkpt lat="39.608994" lon="2.408294">
				<ele>290.000000</ele>
			</trkpt>
			<trkpt lat="39.608821" lon="2.408141">
				<ele>290.000000</ele>
			</trkpt>
			<trkpt lat="39.608689" lon="2.408095">
				<ele>291.000000</ele>
			</trkpt>
			<trkpt lat="39.608551" lon="2.408095">
				<ele>292.000000</ele>
			</trkpt>
			<trkpt lat="39.608468" lon="2.408114">
				<ele>293.000000</ele>
			</trkpt>
			<trkpt lat="39.608295" lon="2.408185">
				<ele>295.000000</ele>
			</trkpt>
			<trkpt lat="39.608122" lon="2.408185">
				<ele>297.000000</ele>
			</trkpt>
			<trkpt lat="39.608004" lon="2.408221">
				<ele>298.000000</ele>
			</trkpt>
			<trkpt lat="39.607922" lon="2.408221">
				<ele>299.000000</ele>
			</trkpt>
			<trkpt lat="39.607783" lon="2.408212">
				<ele>300.000000</ele>
			</trkpt>
			<trkpt lat="39.607755" lon="2.408168">
				<ele>300.000000</ele>
			</trkpt>
			<trkpt lat="39.607749" lon="2.408132">
				<ele>300.000000</ele>
			</trkpt>
			<trkpt lat="39.607762" lon="2.408087">
				<ele>300.000000</ele>
			</trkpt>
			<trkpt lat="39.607810" lon="2.408060">
				<ele>300.000000</ele>
			</trkpt>
			<trkpt lat="39.607956" lon="2.407961">
				<ele>300.000000</ele>
			</trkpt>
			<trkpt lat="39.608004" lon="2.407916">
				<ele>300.000000</ele>
			</trkpt>
			<trkpt lat="39.608074" lon="2.407889">
				<ele>300.000000</ele>
			</trkpt>
			<trkpt lat="39.608101" lon="2.407862">
				<ele>300.000000</ele>
			</trkpt>
			<trkpt lat="39.608108" lon="2.407826">
				<ele>300.000000</ele>
			</trkpt>
			<trkpt lat="39.607914" lon="2.407862">
				<ele>300.000000</ele>
			</trkpt>
			<trkpt lat="39.607783" lon="2.407845">
				<ele>300.000000</ele>
			</trkpt>
			<trkpt lat="39.607666" lon="2.407845">
				<ele>300.000000</ele>
			</trkpt>
			<trkpt lat="39.607562" lon="2.407889">
				<ele>300.000000</ele>
			</trkpt>
			<trkpt lat="39.607506" lon="2.407898">
				<ele>300.000000</ele>
			</trkpt>
			<trkpt lat="39.607513" lon="2.407871">
				<ele>300.000000</ele>
			</trkpt>
			<trkpt lat="39.607582" lon="2.407791">
				<ele>300.000000</ele>
			</trkpt>
			<trkpt lat="39.607582" lon="2.407755">
				<ele>300.000000</ele>
			</trkpt>
			<trkpt lat="39.607478" lon="2.407808">
				<ele>301.000000</ele>
			</trkpt>
			<trkpt lat="39.607368" lon="2.407826">
				<ele>303.000000</ele>
			</trkpt>
			<trkpt lat="39.607250" lon="2.407781">
				<ele>304.000000</ele>
			</trkpt>
			<trkpt lat="39.607139" lon="2.407728">
				<ele>306.000000</ele>
			</trkpt>
			<trkpt lat="39.607035" lon="2.407718">
				<ele>307.000000</ele>
			</trkpt>
			<trkpt lat="39.606897" lon="2.407736">
				<ele>309.000000</ele>
			</trkpt>
			<trkpt lat="39.606759" lon="2.407692">
				<ele>311.000000</ele>
			</trkpt>
			<trkpt lat="39.606613" lon="2.407682">
				<ele>312.000000</ele>
			</trkpt>
			<trkpt lat="39.606351" lon="2.407692">
				<ele>315.000000</ele>
			</trkpt>
			<trkpt lat="39.606295" lon="2.407701">
				<ele>316.000000</ele>
			</trkpt>
			<trkpt lat="39.606164" lon="2.407745">
				<ele>318.000000</ele>
			</trkpt>
			<trkpt lat="39.606032" lon="2.408060">
				<ele>322.000000</ele>
			</trkpt>
			<trkpt lat="39.605942" lon="2.408168">
				<ele>324.000000</ele>
			</trkpt>
			<trkpt lat="39.605893" lon="2.408212">
				<ele>325.000000</ele>
			</trkpt>
			<trkpt lat="39.605845" lon="2.408212">
				<ele>326.000000</ele>
			</trkpt>
			<trkpt lat="39.605783" lon="2.408195">
				<ele>328.000000</ele>
			</trkpt>
			<trkpt lat="39.605755" lon="2.408195">
				<ele>328.000000</ele>
			</trkpt>
			<trkpt lat="39.605720" lon="2.408204">
				<ele>329.000000</ele>
			</trkpt>
			<trkpt lat="39.605714" lon="2.408240">
				<ele>329.000000</ele>
			</trkpt>
			<trkpt lat="39.605714" lon="2.408267">
				<ele>330.000000</ele>
			</trkpt>
			<trkpt lat="39.605720" lon="2.408302">
				<ele>330.000000</ele>
			</trkpt>
			<trkpt lat="39.605714" lon="2.408321">
				<ele>331.000000</ele>
			</trkpt>
			<trkpt lat="39.605693" lon="2.408347">
				<ele>331.000000</ele>
			</trkpt>
			<trkpt lat="39.605665" lon="2.408347">
				<ele>332.000000</ele>
			</trkpt>
			<trkpt lat="39.605644" lon="2.408330">
				<ele>332.000000</ele>
			</trkpt>
			<trkpt lat="39.605610" lon="2.408302">
				<ele>333.000000</ele>
			</trkpt>
			<trkpt lat="39.605582" lon="2.408294">
				<ele>333.000000</ele>
			</trkpt>
			<trkpt lat="39.605561" lon="2.408294">
				<ele>334.000000</ele>
			</trkpt>
			<trkpt lat="39.605555" lon="2.408321">
				<ele>334.000000</ele>
			</trkpt>
			<trkpt lat="39.605582" lon="2.408384">
				<ele>335.000000</ele>
			</trkpt>
			<trkpt lat="39.605617" lon="2.408437">
				<ele>336.000000</ele>
			</trkpt>
			<trkpt lat="39.605699" lon="2.408545">
				<ele>338.000000</ele>
			</trkpt>
			<trkpt lat="39.605769" lon="2.408598">
				<ele>340.000000</ele>
			</trkpt>
			<trkpt lat="39.605769" lon="2.408617">
				<ele>340.000000</ele>
			</trkpt>
			<trkpt lat="39.605776" lon="2.408653">
				<ele>340.000000</ele>
			</trkpt>
			<trkpt lat="39.605755" lon="2.408671">
				<ele>340.000000</ele>
			</trkpt>
			<trkpt lat="39.605714" lon="2.408680">
				<ele>340.000000</ele>
			</trkpt>
			<trkpt lat="39.605644" lon="2.408671">
				<ele>341.000000</ele>
			</trkpt>
			<trkpt lat="39.605347" lon="2.408428">
				<ele>342.000000</ele>
			</trkpt>
			<trkpt lat="39.605139" lon="2.408248">
				<ele>343.000000</ele>
			</trkpt>
			<trkpt lat="39.605042" lon="2.408212">
				<ele>343.000000</ele>
			</trkpt>
			<trkpt lat="39.604959" lon="2.408051">
				<ele>344.000000</ele>
			</trkpt>
			<trkpt lat="39.604924" lon="2.407971">
				<ele>344.000000</ele>
			</trkpt>
			<trkpt lat="39.604890" lon="2.407898">
				<ele>345.000000</ele>
			</trkpt>
			<trkpt lat="39.604855" lon="2.407818">
				<ele>345.000000</ele>
			</trkpt>
			<trkpt lat="39.604855" lon="2.407736">
				<ele>345.000000</ele>
			</trkpt>
			<trkpt lat="39.604987" lon="2.407233">
				<ele>347.000000</ele>
			</trkpt>
			<trkpt lat="39.604987" lon="2.407179">
				<ele>347.000000</ele>
			</trkpt>
			<trkpt lat="39.604952" lon="2.407198">
				<ele>347.000000</ele>
			</trkpt>
			<trkpt lat="39.605111" lon="2.406866">
				<ele>348.000000</ele>
			</trkpt>
			<trkpt lat="39.605215" lon="2.406676">
				<ele>349.000000</ele>
			</trkpt>
			<trkpt lat="39.605319" lon="2.406487">
				<ele>350.000000</ele>
			</trkpt>
			<trkpt lat="39.605409" lon="2.406336">
				<ele>350.000000</ele>
			</trkpt>
			<trkpt lat="39.605547" lon="2.406210">
				<ele>350.000000</ele>
			</trkpt>
			<trkpt lat="39.605720" lon="2.406074">
				<ele>350.000000</ele>
			</trkpt>
			<trkpt lat="39.605797" lon="2.406057">
				<ele>350.000000</ele>
			</trkpt>
			<trkpt lat="39.605887" lon="2.406074">
				<ele>350.000000</ele>
			</trkpt>
			<trkpt lat="39.606108" lon="2.406147">
				<ele>350.000000</ele>
			</trkpt>
			<trkpt lat="39.606274" lon="2.406164">
				<ele>350.000000</ele>
			</trkpt>
			<trkpt lat="39.606420" lon="2.406164">
				<ele>350.000000</ele>
			</trkpt>
			<trkpt lat="39.606558" lon="2.406101">
				<ele>350.000000</ele>
			</trkpt>
			<trkpt lat="39.606745" lon="2.406066">
				<ele>351.000000</ele>
			</trkpt>
			<trkpt lat="39.607063" lon="2.405958">
				<ele>353.000000</ele>
			</trkpt>
			<trkpt lat="39.607243" lon="2.405877">
				<ele>354.000000</ele>
			</trkpt>
			<trkpt lat="39.607382" lon="2.405787">
				<ele>354.000000</ele>
			</trkpt>
			<trkpt lat="39.607576" lon="2.405445">
				<ele>356.000000</ele>
			</trkpt>
			<trkpt lat="39.607637" lon="2.405275">
				<ele>357.000000</ele>
			</trkpt>
			<trkpt lat="39.607645" lon="2.405114">
				<ele>357.000000</ele>
			</trkpt>
			<trkpt lat="39.607603" lon="2.404988">
				<ele>358.000000</ele>
			</trkpt>
			<trkpt lat="39.607555" lon="2.404879">
				<ele>358.000000</ele>
			</trkpt>
			<trkpt lat="39.607499" lon="2.404789">
				<ele>359.000000</ele>
			</trkpt>
			<trkpt lat="39.607416" lon="2.404655">
				<ele>359.000000</ele>
			</trkpt>
			<trkpt lat="39.607326" lon="2.404539">
				<ele>360.000000</ele>
			</trkpt>
			<trkpt lat="39.607153" lon="2.404422">
				<ele>365.000000</ele>
			</trkpt>
			<trkpt lat="39.607091" lon="2.404350">
				<ele>367.000000</ele>
			</trkpt>
			<trkpt lat="39.607056" lon="2.404305">
				<ele>368.000000</ele>
			</trkpt>
			<trkpt lat="39.607022" lon="2.404233">
				<ele>370.000000</ele>
			</trkpt>
			<trkpt lat="39.606959" lon="2.403973">
				<ele>370.000000</ele>
			</trkpt>
			<trkpt lat="39.606904" lon="2.403560">
				<ele>369.000000</ele>
			</trkpt>
			<trkpt lat="39.606904" lon="2.403443">
				<ele>367.000000</ele>
			</trkpt>
			<trkpt lat="39.606939" lon="2.403147">
				<ele>363.000000</ele>
			</trkpt>
			<trkpt lat="39.607035" lon="2.402760">
				<ele>357.000000</ele>
			</trkpt>
			<trkpt lat="39.607070" lon="2.402608">
				<ele>355.000000</ele>
			</trkpt>
			<trkpt lat="39.607084" lon="2.402392">
				<ele>351.000000</ele>
			</trkpt>
			<trkpt lat="39.607112" lon="2.402248">
				<ele>350.000000</ele>
			</trkpt>
			<trkpt lat="39.607132" lon="2.402105">
				<ele>350.000000</ele>
			</trkpt>
			<trkpt lat="39.607118" lon="2.401906">
				<ele>350.000000</ele>
			</trkpt>
			<trkpt lat="39.607091" lon="2.401763">
				<ele>350.000000</ele>
			</trkpt>
			<trkpt lat="39.607022" lon="2.401610">
				<ele>351.000000</ele>
			</trkpt>
			<trkpt lat="39.606945" lon="2.401493">
				<ele>352.000000</ele>
			</trkpt>
			<trkpt lat="39.606835" lon="2.401304">
				<ele>353.000000</ele>
			</trkpt>
			<trkpt lat="39.606697" lon="2.401089">
				<ele>354.000000</ele>
			</trkpt>
			<trkpt lat="39.606634" lon="2.400946">
				<ele>355.000000</ele>
			</trkpt>
			<trkpt lat="39.606579" lon="2.400801">
				<ele>356.000000</ele>
			</trkpt>
			<trkpt lat="39.606440" lon="2.400568">
				<ele>358.000000</ele>
			</trkpt>
			<trkpt lat="39.606302" lon="2.400334">
				<ele>360.000000</ele>
			</trkpt>
			<trkpt lat="39.606122" lon="2.400002">
				<ele>361.000000</ele>
			</trkpt>
			<trkpt lat="39.606025" lon="2.399831">
				<ele>361.000000</ele>
			</trkpt>
			<trkpt lat="39.605928" lon="2.399642">
				<ele>362.000000</ele>
			</trkpt>
			<trkpt lat="39.605866" lon="2.399544">
				<ele>362.000000</ele>
			</trkpt>
			<trkpt lat="39.605783" lon="2.399418">
				<ele>362.000000</ele>
			</trkpt>
			<trkpt lat="39.605755" lon="2.399338">
				<ele>362.000000</ele>
			</trkpt>
			<trkpt lat="39.605728" lon="2.399229">
				<ele>363.000000</ele>
			</trkpt>
			<trkpt lat="39.605672" lon="2.399103">
				<ele>363.000000</ele>
			</trkpt>
			<trkpt lat="39.605630" lon="2.399032">
				<ele>363.000000</ele>
			</trkpt>
			<trkpt lat="39.605409" lon="2.398619">
				<ele>364.000000</ele>
			</trkpt>
			<trkpt lat="39.605291" lon="2.398430">
				<ele>365.000000</ele>
			</trkpt>
			<trkpt lat="39.605215" lon="2.398296">
				<ele>365.000000</ele>
			</trkpt>
			<trkpt lat="39.605180" lon="2.398178">
				<ele>365.000000</ele>
			</trkpt>
			<trkpt lat="39.605139" lon="2.398061">
				<ele>365.000000</ele>
			</trkpt>
			<trkpt lat="39.605049" lon="2.397918">
				<ele>366.000000</ele>
			</trkpt>
			<trkpt lat="39.604945" lon="2.397747">
				<ele>366.000000</ele>
			</trkpt>
			<trkpt lat="39.604855" lon="2.397558">
				<ele>367.000000</ele>
			</trkpt>
			<trkpt lat="39.604834" lon="2.397432">
				<ele>367.000000</ele>
			</trkpt>
			<trkpt lat="39.604821" lon="2.397254">
				<ele>367.000000</ele>
			</trkpt>
			<trkpt lat="39.604814" lon="2.397136">
				<ele>368.000000</ele>
			</trkpt>
			<trkpt lat="39.604849" lon="2.397002">
				<ele>368.000000</ele>
			</trkpt>
			<trkpt lat="39.604932" lon="2.396750">
				<ele>368.000000</ele>
			</trkpt>
			<trkpt lat="39.604987" lon="2.396625">
				<ele>369.000000</ele>
			</trkpt>
			<trkpt lat="39.605056" lon="2.396535">
				<ele>369.000000</ele>
			</trkpt>
			<trkpt lat="39.605174" lon="2.396418">
				<ele>369.000000</ele>
			</trkpt>
			<trkpt lat="39.605340" lon="2.396310">
				<ele>370.000000</ele>
			</trkpt>
			<trkpt lat="39.605374" lon="2.396273">
				<ele>370.000000</ele>
			</trkpt>
			<trkpt lat="39.605409" lon="2.396212">
				<ele>371.000000</ele>
			</trkpt>
			<trkpt lat="39.605395" lon="2.396166">
				<ele>371.000000</ele>
			</trkpt>
			<trkpt lat="39.605374" lon="2.396139">
				<ele>371.000000</ele>
			</trkpt>
			<trkpt lat="39.605153" lon="2.396067">
				<ele>374.000000</ele>
			</trkpt>
			<trkpt lat="39.605070" lon="2.395986">
				<ele>375.000000</ele>
			</trkpt>
			<trkpt lat="39.605091" lon="2.395906">
				<ele>376.000000</ele>
			</trkpt>
			<trkpt lat="39.605132" lon="2.395860">
				<ele>376.000000</ele>
			</trkpt>
			<trkpt lat="39.605326" lon="2.395708">
				<ele>379.000000</ele>
			</trkpt>
			<trkpt lat="39.605471" lon="2.395600">
				<ele>381.000000</ele>
			</trkpt>
			<trkpt lat="39.605630" lon="2.395394">
				<ele>383.000000</ele>
			</trkpt>
			<trkpt lat="39.605741" lon="2.395205">
				<ele>384.000000</ele>
			</trkpt>
			<trkpt lat="39.605845" lon="2.394981">
				<ele>386.000000</ele>
			</trkpt>
			<trkpt lat="39.605880" lon="2.394881">
				<ele>387.000000</ele>
			</trkpt>
			<trkpt lat="39.605928" lon="2.394720">
				<ele>388.000000</ele>
			</trkpt>
			<trkpt lat="39.605935" lon="2.394648">
				<ele>389.000000</ele>
			</trkpt>
			<trkpt lat="39.605907" lon="2.394505">
				<ele>390.000000</ele>
			</trkpt>
			<trkpt lat="39.605866" lon="2.394405">
				<ele>390.000000</ele>
			</trkpt>
			<trkpt lat="39.605776" lon="2.394252">
				<ele>390.000000</ele>
			</trkpt>
			<trkpt lat="39.605734" lon="2.394155">
				<ele>390.000000</ele>
			</trkpt>
			<trkpt lat="39.605728" lon="2.394082">
				<ele>390.000000</ele>
			</trkpt>
			<trkpt lat="39.605783" lon="2.393983">
				<ele>390.000000</ele>
			</trkpt>
			<trkpt lat="39.605832" lon="2.393876">
				<ele>390.000000</ele>
			</trkpt>
			<trkpt lat="39.605866" lon="2.393795">
				<ele>390.000000</ele>
			</trkpt>
			<trkpt lat="39.605859" lon="2.393723">
				<ele>389.000000</ele>
			</trkpt>
			<trkpt lat="39.605811" lon="2.393642">
				<ele>389.000000</ele>
			</trkpt>
			<trkpt lat="39.605561" lon="2.393292">
				<ele>386.000000</ele>
			</trkpt>
			<trkpt lat="39.605416" lon="2.393049">
				<ele>384.000000</ele>
			</trkpt>
			<trkpt lat="39.605264" lon="2.392761">
				<ele>382.000000</ele>
			</trkpt>
			<trkpt lat="39.605180" lon="2.392591">
				<ele>380.000000</ele>
			</trkpt>
			<trkpt lat="39.605111" lon="2.392457">
				<ele>380.000000</ele>
			</trkpt>
			<trkpt lat="39.605077" lon="2.392411">
				<ele>380.000000</ele>
			</trkpt>
			<trkpt lat="39.605063" lon="2.392375">
				<ele>380.000000</ele>
			</trkpt>
			<trkpt lat="39.605070" lon="2.392321">
				<ele>380.000000</ele>
			</trkpt>
			<trkpt lat="39.605111" lon="2.392321">
				<ele>380.000000</ele>
			</trkpt>
			<trkpt lat="39.605201" lon="2.392367">
				<ele>380.000000</ele>
			</trkpt>
			<trkpt lat="39.605555" lon="2.392618">
				<ele>380.000000</ele>
			</trkpt>
			<trkpt lat="39.605644" lon="2.392636">
				<ele>380.000000</ele>
			</trkpt>
			<trkpt lat="39.605769" lon="2.392591">
				<ele>379.000000</ele>
			</trkpt>
			<trkpt lat="39.605970" lon="2.392510">
				<ele>378.000000</ele>
			</trkpt>
			<trkpt lat="39.606011" lon="2.392420">
				<ele>377.000000</ele>
			</trkpt>
			<trkpt lat="39.606046" lon="2.392241">
				<ele>376.000000</ele>
			</trkpt>
			<trkpt lat="39.606108" lon="2.391765">
				<ele>374.000000</ele>
			</trkpt>
			<trkpt lat="39.606198" lon="2.391136">
				<ele>371.000000</ele>
			</trkpt>
			<trkpt lat="39.606184" lon="2.391019">
				<ele>370.000000</ele>
			</trkpt>
			<trkpt lat="39.606108" lon="2.390713">
				<ele>369.000000</ele>
			</trkpt>
			<trkpt lat="39.605984" lon="2.390283">
				<ele>366.000000</ele>
			</trkpt>
			<trkpt lat="39.605852" lon="2.389887">
				<ele>364.000000</ele>
			</trkpt>
			<trkpt lat="39.605672" lon="2.389214">
				<ele>360.000000</ele>
			</trkpt>
			<trkpt lat="39.605651" lon="2.388989">
				<ele>360.000000</ele>
			</trkpt>
			<trkpt lat="39.605644" lon="2.388755">
				<ele>360.000000</ele>
			</trkpt>
			<trkpt lat="39.605672" lon="2.388629">
				<ele>360.000000</ele>
			</trkpt>
			<trkpt lat="39.605714" lon="2.388530">
				<ele>360.000000</ele>
			</trkpt>
			<trkpt lat="39.605817" lon="2.388449">
				<ele>360.000000</ele>
			</trkpt>
			<trkpt lat="39.605928" lon="2.388405">
				<ele>360.000000</ele>
			</trkpt>
			<trkpt lat="39.606178" lon="2.388405">
				<ele>362.000000</ele>
			</trkpt>
			<trkpt lat="39.606503" lon="2.388449">
				<ele>364.000000</ele>
			</trkpt>
			<trkpt lat="39.606772" lon="2.388350">
				<ele>367.000000</ele>
			</trkpt>
			<trkpt lat="39.606883" lon="2.388360">
				<ele>368.000000</ele>
			</trkpt>
			<trkpt lat="39.607209" lon="2.388423">
				<ele>370.000000</ele>
			</trkpt>
			<trkpt lat="39.607291" lon="2.388405">
				<ele>370.000000</ele>
			</trkpt>
			<trkpt lat="39.607485" lon="2.388144">
				<ele>370.000000</ele>
			</trkpt>
			<trkpt lat="39.607555" lon="2.388099">
				<ele>370.000000</ele>
			</trkpt>
			<trkpt lat="39.607672" lon="2.388073">
				<ele>370.000000</ele>
			</trkpt>
			<trkpt lat="39.607831" lon="2.388099">
				<ele>370.000000</ele>
			</trkpt>
			<trkpt lat="39.607935" lon="2.388063">
				<ele>370.000000</ele>
			</trkpt>
			<trkpt lat="39.607997" lon="2.388019">
				<ele>370.000000</ele>
			</trkpt>
			<trkpt lat="39.608046" lon="2.387947">
				<ele>370.000000</ele>
			</trkpt>
			<trkpt lat="39.608067" lon="2.387847">
				<ele>370.000000</ele>
			</trkpt>
			<trkpt lat="39.608032" lon="2.387623">
				<ele>368.000000</ele>
			</trkpt>
			<trkpt lat="39.608046" lon="2.387497">
				<ele>366.000000</ele>
			</trkpt>
			<trkpt lat="39.608039" lon="2.387417">
				<ele>364.000000</ele>
			</trkpt>
			<trkpt lat="39.607997" lon="2.387336">
				<ele>362.000000</ele>
			</trkpt>
			<trkpt lat="39.607818" lon="2.387120">
				<ele>352.000000</ele>
			</trkpt>
			<trkpt lat="39.607679" lon="2.386788">
				<ele>350.000000</ele>
			</trkpt>
			<trkpt lat="39.607679" lon="2.386671">
				<ele>350.000000</ele>
			</trkpt>
			<trkpt lat="39.607700" lon="2.386554">
				<ele>350.000000</ele>
			</trkpt>
			<trkpt lat="39.608122" lon="2.385989">
				<ele>350.000000</ele>
			</trkpt>
			<trkpt lat="39.608150" lon="2.385916">
				<ele>350.000000</ele>
			</trkpt>
			<trkpt lat="39.608170" lon="2.385836">
				<ele>350.000000</ele>
			</trkpt>
			<trkpt lat="39.608170" lon="2.385719">
				<ele>350.000000</ele>
			</trkpt>
			<trkpt lat="39.608129" lon="2.385512">
				<ele>350.000000</ele>
			</trkpt>
			<trkpt lat="39.608095" lon="2.385314">
				<ele>350.000000</ele>
			</trkpt>
			<trkpt lat="39.608101" lon="2.384901">
				<ele>350.000000</ele>
			</trkpt>
			<trkpt lat="39.608060" lon="2.384658">
				<ele>350.000000</ele>
			</trkpt>
			<trkpt lat="39.608074" lon="2.384524">
				<ele>350.000000</ele>
			</trkpt>
			<trkpt lat="39.608108" lon="2.384417">
				<ele>350.000000</ele>
			</trkpt>
			<trkpt lat="39.608122" lon="2.384327">
				<ele>350.000000</ele>
			</trkpt>
			<trkpt lat="39.608108" lon="2.384254">
				<ele>350.000000</ele>
			</trkpt>
			<trkpt lat="39.608081" lon="2.384182">
				<ele>349.000000</ele>
			</trkpt>
			<trkpt lat="39.607824" lon="2.383796">
				<ele>341.000000</ele>
			</trkpt>
			<trkpt lat="39.607776" lon="2.383761">
				<ele>340.000000</ele>
			</trkpt>
			<trkpt lat="39.607700" lon="2.383734">
				<ele>340.000000</ele>
			</trkpt>
			<trkpt lat="39.607368" lon="2.383715">
				<ele>340.000000</ele>
			</trkpt>
			<trkpt lat="39.607320" lon="2.383715">
				<ele>340.000000</ele>
			</trkpt>
			<trkpt lat="39.607291" lon="2.383679">
				<ele>340.000000</ele>
			</trkpt>
			<trkpt lat="39.607312" lon="2.383589">
				<ele>340.000000</ele>
			</trkpt>
			<trkpt lat="39.607375" lon="2.383491">
				<ele>340.000000</ele>
			</trkpt>
			<trkpt lat="39.607478" lon="2.383356">
				<ele>340.000000</ele>
			</trkpt>
			<trkpt lat="39.607555" lon="2.383275">
				<ele>340.000000</ele>
			</trkpt>
			<trkpt lat="39.607645" lon="2.383132">
				<ele>341.000000</ele>
			</trkpt>
			<trkpt lat="39.607721" lon="2.382933">
				<ele>345.000000</ele>
			</trkpt>
			<trkpt lat="39.607762" lon="2.382656">
				<ele>350.000000</ele>
			</trkpt>
			<trkpt lat="39.607755" lon="2.382216">
				<ele>354.000000</ele>
			</trkpt>
			<trkpt lat="39.607839" lon="2.382018">
				<ele>356.000000</ele>
			</trkpt>
			<trkpt lat="39.607908" lon="2.381838">
				<ele>358.000000</ele>
			</trkpt>
			<trkpt lat="39.608004" lon="2.381658">
				<ele>360.000000</ele>
			</trkpt>
			<trkpt lat="39.608046" lon="2.381631">
				<ele>360.000000</ele>
			</trkpt>
			<trkpt lat="39.608101" lon="2.381622">
				<ele>361.000000</ele>
			</trkpt>
			<trkpt lat="39.608129" lon="2.381677">
				<ele>361.000000</ele>
			</trkpt>
			<trkpt lat="39.608122" lon="2.381874">
				<ele>362.000000</ele>
			</trkpt>
			<trkpt lat="39.608143" lon="2.381918">
				<ele>362.000000</ele>
			</trkpt>
			<trkpt lat="39.608177" lon="2.381928">
				<ele>362.000000</ele>
			</trkpt>
			<trkpt lat="39.608302" lon="2.381847">
				<ele>363.000000</ele>
			</trkpt>
			<trkpt lat="39.608475" lon="2.381685">
				<ele>364.000000</ele>
			</trkpt>
			<trkpt lat="39.608558" lon="2.381767">
				<ele>363.000000</ele>
			</trkpt>
			<trkpt lat="39.608676" lon="2.381865">
				<ele>362.000000</ele>
			</trkpt>
			<trkpt lat="39.608793" lon="2.381874">
				<ele>361.000000</ele>
			</trkpt>
			<trkpt lat="39.608828" lon="2.381883">
				<ele>361.000000</ele>
			</trkpt>
			<trkpt lat="39.608932" lon="2.381721">
				<ele>360.000000</ele>
			</trkpt>
			<trkpt lat="39.609084" lon="2.381578">
				<ele>360.000000</ele>
			</trkpt>
			<trkpt lat="39.609389" lon="2.381299">
				<ele>360.000000</ele>
			</trkpt>
			<trkpt lat="39.609430" lon="2.381254">
				<ele>360.000000</ele>
			</trkpt>
			<trkpt lat="39.609471" lon="2.381182">
				<ele>360.000000</ele>
			</trkpt>
			<trkpt lat="39.609513" lon="2.381128">
				<ele>360.000000</ele>
			</trkpt>
			<trkpt lat="39.609610" lon="2.381039">
				<ele>360.000000</ele>
			</trkpt>
			<trkpt lat="39.609638" lon="2.381048">
				<ele>360.000000</ele>
			</trkpt>
			<trkpt lat="39.609686" lon="2.381012">
				<ele>360.000000</ele>
			</trkpt>
			<trkpt lat="39.609721" lon="2.380966">
				<ele>360.000000</ele>
			</trkpt>
			<trkpt lat="39.609818" lon="2.380949">
				<ele>360.000000</ele>
			</trkpt>
			<trkpt lat="39.609825" lon="2.380868">
				<ele>360.000000</ele>
			</trkpt>
			<trkpt lat="39.609942" lon="2.380769">
				<ele>360.000000</ele>
			</trkpt>
			<trkpt lat="39.609998" lon="2.380725">
				<ele>360.000000</ele>
			</trkpt>
			<trkpt lat="39.610157" lon="2.380625">
				<ele>360.000000</ele>
			</trkpt>
			<trkpt lat="39.610233" lon="2.380509">
				<ele>362.000000</ele>
			</trkpt>
			<trkpt lat="39.610295" lon="2.380455">
				<ele>363.000000</ele>
			</trkpt>
			<trkpt lat="39.610302" lon="2.380410">
				<ele>364.000000</ele>
			</trkpt>
			<trkpt lat="39.610316" lon="2.380293">
				<ele>365.000000</ele>
			</trkpt>
			<trkpt lat="39.610330" lon="2.380230">
				<ele>366.000000</ele>
			</trkpt>
			<trkpt lat="39.610358" lon="2.380176">
				<ele>367.000000</ele>
			</trkpt>
			<trkpt lat="39.610379" lon="2.380140">
				<ele>368.000000</ele>
			</trkpt>
			<trkpt lat="39.610385" lon="2.380104">
				<ele>368.000000</ele>
			</trkpt>
			<trkpt lat="39.610379" lon="2.380033">
				<ele>369.000000</ele>
			</trkpt>
			<trkpt lat="39.610344" lon="2.379943">
				<ele>370.000000</ele>
			</trkpt>
			<trkpt lat="39.610358" lon="2.379834">
				<ele>371.000000</ele>
			</trkpt>
			<trkpt lat="39.610358" lon="2.379781">
				<ele>371.000000</ele>
			</trkpt>
			<trkpt lat="39.610371" lon="2.379718">
				<ele>372.000000</ele>
			</trkpt>
			<trkpt lat="39.610399" lon="2.379646">
				<ele>372.000000</ele>
			</trkpt>
			<trkpt lat="39.610413" lon="2.379620">
				<ele>372.000000</ele>
			</trkpt>
			<trkpt lat="39.610482" lon="2.379467">
				<ele>374.000000</ele>
			</trkpt>
			<trkpt lat="39.610503" lon="2.379421">
				<ele>374.000000</ele>
			</trkpt>
			<trkpt lat="39.610592" lon="2.379260">
				<ele>375.000000</ele>
			</trkpt>
			<trkpt lat="39.610627" lon="2.379188">
				<ele>376.000000</ele>
			</trkpt>
			<trkpt lat="39.610627" lon="2.379107">
				<ele>377.000000</ele>
			</trkpt>
			<trkpt lat="39.610676" lon="2.379008">
				<ele>377.000000</ele>
			</trkpt>
			<trkpt lat="39.610683" lon="2.378882">
				<ele>378.000000</ele>
			</trkpt>
			<trkpt lat="39.610683" lon="2.378820">
				<ele>379.000000</ele>
			</trkpt>
			<trkpt lat="39.610669" lon="2.378757">
				<ele>379.000000</ele>
			</trkpt>
			<trkpt lat="39.610662" lon="2.378739">
				<ele>379.000000</ele>
			</trkpt>
			<trkpt lat="39.610607" lon="2.378721">
				<ele>380.000000</ele>
			</trkpt>
			<trkpt lat="39.610586" lon="2.378694">
				<ele>380.000000</ele>
			</trkpt>
			<trkpt lat="39.610579" lon="2.378622">
				<ele>381.000000</ele>
			</trkpt>
			<trkpt lat="39.610552" lon="2.378578">
				<ele>381.000000</ele>
			</trkpt>
			<trkpt lat="39.610510" lon="2.378532">
				<ele>381.000000</ele>
			</trkpt>
			<trkpt lat="39.610461" lon="2.378488">
				<ele>382.000000</ele>
			</trkpt>
			<trkpt lat="39.610379" lon="2.378434">
				<ele>383.000000</ele>
			</trkpt>
			<trkpt lat="39.610330" lon="2.378469">
				<ele>383.000000</ele>
			</trkpt>
			<trkpt lat="39.610275" lon="2.378461">
				<ele>384.000000</ele>
			</trkpt>
			<trkpt lat="39.610240" lon="2.378379">
				<ele>384.000000</ele>
			</trkpt>
			<trkpt lat="39.610094" lon="2.378128">
				<ele>387.000000</ele>
			</trkpt>
			<trkpt lat="39.610164" lon="2.377760">
				<ele>389.000000</ele>
			</trkpt>
			<trkpt lat="39.610212" lon="2.377329">
				<ele>391.000000</ele>
			</trkpt>
			<trkpt lat="39.610323" lon="2.376951">
				<ele>392.000000</ele>
			</trkpt>
			<trkpt lat="39.610261" lon="2.376727">
				<ele>393.000000</ele>
			</trkpt>
			<trkpt lat="39.610261" lon="2.376700">
				<ele>393.000000</ele>
			</trkpt>
			<trkpt lat="39.610246" lon="2.376673">
				<ele>393.000000</ele>
			</trkpt>
			<trkpt lat="39.610261" lon="2.376574">
				<ele>394.000000</ele>
			</trkpt>
			<trkpt lat="39.610295" lon="2.376448">
				<ele>394.000000</ele>
			</trkpt>
			<trkpt lat="39.610295" lon="2.376377">
				<ele>394.000000</ele>
			</trkpt>
			<trkpt lat="39.610337" lon="2.376251">
				<ele>395.000000</ele>
			</trkpt>
			<trkpt lat="39.610337" lon="2.376178">
				<ele>395.000000</ele>
			</trkpt>
			<trkpt lat="39.610358" lon="2.376125">
				<ele>395.000000</ele>
			</trkpt>
			<trkpt lat="39.610344" lon="2.376008">
				<ele>395.000000</ele>
			</trkpt>
			<trkpt lat="39.610337" lon="2.375918">
				<ele>396.000000</ele>
			</trkpt>
			<trkpt lat="39.610323" lon="2.375865">
				<ele>396.000000</ele>
			</trkpt>
			<trkpt lat="39.610316" lon="2.375756">
				<ele>396.000000</ele>
			</trkpt>
			<trkpt lat="39.610288" lon="2.375649">
				<ele>397.000000</ele>
			</trkpt>
			<trkpt lat="39.610288" lon="2.375486">
				<ele>397.000000</ele>
			</trkpt>
			<trkpt lat="39.610275" lon="2.375388">
				<ele>398.000000</ele>
			</trkpt>
			<trkpt lat="39.610316" lon="2.375272">
				<ele>398.000000</ele>
			</trkpt>
			<trkpt lat="39.610344" lon="2.375236">
				<ele>398.000000</ele>
			</trkpt>
			<trkpt lat="39.610358" lon="2.375190">
				<ele>398.000000</ele>
			</trkpt>
			<trkpt lat="39.610358" lon="2.374912">
				<ele>399.000000</ele>
			</trkpt>
			<trkpt lat="39.610350" lon="2.374840">
				<ele>399.000000</ele>
			</trkpt>
			<trkpt lat="39.610330" lon="2.374777">
				<ele>400.000000</ele>
			</trkpt>
			<trkpt lat="39.610344" lon="2.374733">
				<ele>400.000000</ele>
			</trkpt>
			<trkpt lat="39.610288" lon="2.374624">
				<ele>400.000000</ele>
			</trkpt>
			<trkpt lat="39.610288" lon="2.374589">
				<ele>401.000000</ele>
			</trkpt>
			<trkpt lat="39.610302" lon="2.374481">
				<ele>401.000000</ele>
			</trkpt>
			<trkpt lat="39.610261" lon="2.374283">
				<ele>403.000000</ele>
			</trkpt>
			<trkpt lat="39.610330" lon="2.374094">
				<ele>404.000000</ele>
			</trkpt>
			<trkpt lat="39.610427" lon="2.373968">
				<ele>405.000000</ele>
			</trkpt>
			<trkpt lat="39.610440" lon="2.373852">
				<ele>406.000000</ele>
			</trkpt>
			<trkpt lat="39.610413" lon="2.373807">
				<ele>407.000000</ele>
			</trkpt>
			<trkpt lat="39.610419" lon="2.373717">
				<ele>407.000000</ele>
			</trkpt>
			<trkpt lat="39.610531" lon="2.373465">
				<ele>409.000000</ele>
			</trkpt>
			<trkpt lat="39.610531" lon="2.373375">
				<ele>410.000000</ele>
			</trkpt>
			<trkpt lat="39.610523" lon="2.373286">
				<ele>411.000000</ele>
			</trkpt>
			<trkpt lat="39.610510" lon="2.373161">
				<ele>413.000000</ele>
			</trkpt>
			<trkpt lat="39.610565" lon="2.372873">
				<ele>418.000000</ele>
			</trkpt>
			<trkpt lat="39.610572" lon="2.372712">
				<ele>420.000000</ele>
			</trkpt>
			<trkpt lat="39.610565" lon="2.372639">
				<ele>421.000000</ele>
			</trkpt>
			<trkpt lat="39.610600" lon="2.372523">
				<ele>422.000000</ele>
			</trkpt>
			<trkpt lat="39.610627" lon="2.372442">
				<ele>423.000000</ele>
			</trkpt>
			<trkpt lat="39.610683" lon="2.372333">
				<ele>424.000000</ele>
			</trkpt>
			<trkpt lat="39.610696" lon="2.372289">
				<ele>424.000000</ele>
			</trkpt>
			<trkpt lat="39.610745" lon="2.372253">
				<ele>425.000000</ele>
			</trkpt>
			<trkpt lat="39.610759" lon="2.372217">
				<ele>425.000000</ele>
			</trkpt>
			<trkpt lat="39.610786" lon="2.372092">
				<ele>426.000000</ele>
			</trkpt>
			<trkpt lat="39.610786" lon="2.371947">
				<ele>427.000000</ele>
			</trkpt>
			<trkpt lat="39.610794" lon="2.371822">
				<ele>428.000000</ele>
			</trkpt>
			<trkpt lat="39.610766" lon="2.371733">
				<ele>429.000000</ele>
			</trkpt>
			<trkpt lat="39.610786" lon="2.371633">
				<ele>430.000000</ele>
			</trkpt>
			<trkpt lat="39.610786" lon="2.371543">
				<ele>431.000000</ele>
			</trkpt>
			<trkpt lat="39.610773" lon="2.371490">
				<ele>432.000000</ele>
			</trkpt>
			<trkpt lat="39.610786" lon="2.371408">
				<ele>433.000000</ele>
			</trkpt>
			<trkpt lat="39.610759" lon="2.371274">
				<ele>435.000000</ele>
			</trkpt>
			<trkpt lat="39.610690" lon="2.371157">
				<ele>437.000000</ele>
			</trkpt>
			<trkpt lat="39.610627" lon="2.370951">
				<ele>440.000000</ele>
			</trkpt>
			<trkpt lat="39.610621" lon="2.370888">
				<ele>440.000000</ele>
			</trkpt>
			<trkpt lat="39.610634" lon="2.370807">
				<ele>440.000000</ele>
			</trkpt>
			<trkpt lat="39.610641" lon="2.370735">
				<ele>440.000000</ele>
			</trkpt>
			<trkpt lat="39.610572" lon="2.370628">
				<ele>441.000000</ele>
			</trkpt>
			<trkpt lat="39.610538" lon="2.370582">
				<ele>441.000000</ele>
			</trkpt>
			<trkpt lat="39.610523" lon="2.370511">
				<ele>442.000000</ele>
			</trkpt>
			<trkpt lat="39.610496" lon="2.370448">
				<ele>443.000000</ele>
			</trkpt>
			<trkpt lat="39.610434" lon="2.370366">
				<ele>444.000000</ele>
			</trkpt>
			<trkpt lat="39.610309" lon="2.370276">
				<ele>445.000000</ele>
			</trkpt>
			<trkpt lat="39.610198" lon="2.370241">
				<ele>446.000000</ele>
			</trkpt>
			<trkpt lat="39.610143" lon="2.370178">
				<ele>447.000000</ele>
			</trkpt>
			<trkpt lat="39.610094" lon="2.370186">
				<ele>447.000000</ele>
			</trkpt>
			<trkpt lat="39.610039" lon="2.370096">
				<ele>448.000000</ele>
			</trkpt>
			<trkpt lat="39.609949" lon="2.369980">
				<ele>450.000000</ele>
			</trkpt>
			<trkpt lat="39.609887" lon="2.369972">
				<ele>450.000000</ele>
			</trkpt>
			<trkpt lat="39.609852" lon="2.369980">
				<ele>450.000000</ele>
			</trkpt>
			<trkpt lat="39.609776" lon="2.369972">
				<ele>451.000000</ele>
			</trkpt>
			<trkpt lat="39.609714" lon="2.370035">
				<ele>452.000000</ele>
			</trkpt>
			<trkpt lat="39.609645" lon="2.370125">
				<ele>453.000000</ele>
			</trkpt>
			<trkpt lat="39.609617" lon="2.370151">
				<ele>453.000000</ele>
			</trkpt>
			<trkpt lat="39.609575" lon="2.370249">
				<ele>454.000000</ele>
			</trkpt>
			<trkpt lat="39.609562" lon="2.370322">
				<ele>455.000000</ele>
			</trkpt>
			<trkpt lat="39.609569" lon="2.370448">
				<ele>456.000000</ele>
			</trkpt>
			<trkpt lat="39.609569" lon="2.370546">
				<ele>457.000000</ele>
			</trkpt>
			<trkpt lat="39.609541" lon="2.370609">
				<ele>457.000000</ele>
			</trkpt>
			<trkpt lat="39.609499" lon="2.370654">
				<ele>458.000000</ele>
			</trkpt>
			<trkpt lat="39.609416" lon="2.370654">
				<ele>459.000000</ele>
			</trkpt>
			<trkpt lat="39.609292" lon="2.370735">
				<ele>460.000000</ele>
			</trkpt>
			<trkpt lat="39.609174" lon="2.370762">
				<ele>460.000000</ele>
			</trkpt>
			<trkpt lat="39.609091" lon="2.370744">
				<ele>460.000000</ele>
			</trkpt>
			<trkpt lat="39.609029" lon="2.370717">
				<ele>460.000000</ele>
			</trkpt>
			<trkpt lat="39.608973" lon="2.370699">
				<ele>460.000000</ele>
			</trkpt>
			<trkpt lat="39.608897" lon="2.370691">
				<ele>460.000000</ele>
			</trkpt>
			<trkpt lat="39.608828" lon="2.370717">
				<ele>460.000000</ele>
			</trkpt>
			<trkpt lat="39.608793" lon="2.370735">
				<ele>460.000000</ele>
			</trkpt>
			<trkpt lat="39.608773" lon="2.370735">
				<ele>460.000000</ele>
			</trkpt>
			<trkpt lat="39.608697" lon="2.370691">
				<ele>460.000000</ele>
			</trkpt>
			<trkpt lat="39.608531" lon="2.370555">
				<ele>460.000000</ele>
			</trkpt>
			<trkpt lat="39.608496" lon="2.370511">
				<ele>460.000000</ele>
			</trkpt>
			<trkpt lat="39.608447" lon="2.370511">
				<ele>460.000000</ele>
			</trkpt>
			<trkpt lat="39.608371" lon="2.370601">
				<ele>461.000000</ele>
			</trkpt>
			<trkpt lat="39.608343" lon="2.370681">
				<ele>461.000000</ele>
			</trkpt>
			<trkpt lat="39.608330" lon="2.370752">
				<ele>462.000000</ele>
			</trkpt>
			<trkpt lat="39.608198" lon="2.370762">
				<ele>463.000000</ele>
			</trkpt>
			<trkpt lat="39.608108" lon="2.370717">
				<ele>464.000000</ele>
			</trkpt>
			<trkpt lat="39.607928" lon="2.370744">
				<ele>465.000000</ele>
			</trkpt>
			<trkpt lat="39.607839" lon="2.370762">
				<ele>466.000000</ele>
			</trkpt>
			<trkpt lat="39.607797" lon="2.370780">
				<ele>466.000000</ele>
			</trkpt>
			<trkpt lat="39.607769" lon="2.370825">
				<ele>467.000000</ele>
			</trkpt>
			<trkpt lat="39.607741" lon="2.370851">
				<ele>467.000000</ele>
			</trkpt>
			<trkpt lat="39.607645" lon="2.370897">
				<ele>468.000000</ele>
			</trkpt>
			<trkpt lat="39.607603" lon="2.370941">
				<ele>468.000000</ele>
			</trkpt>
			<trkpt lat="39.607506" lon="2.370987">
				<ele>469.000000</ele>
			</trkpt>
			<trkpt lat="39.607444" lon="2.371031">
				<ele>470.000000</ele>
			</trkpt>
			<trkpt lat="39.607402" lon="2.371085">
				<ele>470.000000</ele>
			</trkpt>
			<trkpt lat="39.607375" lon="2.371104">
				<ele>470.000000</ele>
			</trkpt>
			<trkpt lat="39.607333" lon="2.371121">
				<ele>470.000000</ele>
			</trkpt>
			<trkpt lat="39.607291" lon="2.371157">
				<ele>470.000000</ele>
			</trkpt>
			<trkpt lat="39.607188" lon="2.371193">
				<ele>470.000000</ele>
			</trkpt>
			<trkpt lat="39.607043" lon="2.371220">
				<ele>470.000000</ele>
			</trkpt>
			<trkpt lat="39.606974" lon="2.371228">
				<ele>470.000000</ele>
			</trkpt>
			<trkpt lat="39.606862" lon="2.371283">
				<ele>470.000000</ele>
			</trkpt>
			<trkpt lat="39.606724" lon="2.371184">
				<ele>469.000000</ele>
			</trkpt>
			<trkpt lat="39.606703" lon="2.371148">
				<ele>468.000000</ele>
			</trkpt>
			<trkpt lat="39.606703" lon="2.371112">
				<ele>467.000000</ele>
			</trkpt>
			<trkpt lat="39.606717" lon="2.371049">
				<ele>466.000000</ele>
			</trkpt>
			<trkpt lat="39.606676" lon="2.370924">
				<ele>464.000000</ele>
			</trkpt>
			<trkpt lat="39.606599" lon="2.370815">
				<ele>461.000000</ele>
			</trkpt>
			<trkpt lat="39.606586" lon="2.370752">
				<ele>460.000000</ele>
			</trkpt>
			<trkpt lat="39.606551" lon="2.370662">
				<ele>458.000000</ele>
			</trkpt>
			<trkpt lat="39.606516" lon="2.370609">
				<ele>457.000000</ele>
			</trkpt>
			<trkpt lat="39.606468" lon="2.370564">
				<ele>456.000000</ele>
			</trkpt>
			<trkpt lat="39.606322" lon="2.370538">
				<ele>453.000000</ele>
			</trkpt>
			<trkpt lat="39.606295" lon="2.370492">
				<ele>452.000000</ele>
			</trkpt>
			<trkpt lat="39.606253" lon="2.370394">
				<ele>450.000000</ele>
			</trkpt>
			<trkpt lat="39.606253" lon="2.370322">
				<ele>449.000000</ele>
			</trkpt>
			<trkpt lat="39.606164" lon="2.370295">
				<ele>447.000000</ele>
			</trkpt>
			<trkpt lat="39.606157" lon="2.370268">
				<ele>446.000000</ele>
			</trkpt>
			<trkpt lat="39.606157" lon="2.370232">
				<ele>446.000000</ele>
			</trkpt>
			<trkpt lat="39.606143" lon="2.370196">
				<ele>445.000000</ele>
			</trkpt>
			<trkpt lat="39.606094" lon="2.370151">
				<ele>444.000000</ele>
			</trkpt>
			<trkpt lat="39.606087" lon="2.370096">
				<ele>443.000000</ele>
			</trkpt>
			<trkpt lat="39.606080" lon="2.370070">
				<ele>442.000000</ele>
			</trkpt>
			<trkpt lat="39.606039" lon="2.370016">
				<ele>441.000000</ele>
			</trkpt>
			<trkpt lat="39.606018" lon="2.369980">
				<ele>440.000000</ele>
			</trkpt>
			<trkpt lat="39.605942" lon="2.369899">
				<ele>436.000000</ele>
			</trkpt>
			<trkpt lat="39.605887" lon="2.369746">
				<ele>432.000000</ele>
			</trkpt>
			<trkpt lat="39.605845" lon="2.369657">
				<ele>429.000000</ele>
			</trkpt>
			<trkpt lat="39.605811" lon="2.369603">
				<ele>428.000000</ele>
			</trkpt>
			<trkpt lat="39.605783" lon="2.369567">
				<ele>427.000000</ele>
			</trkpt>
			<trkpt lat="39.605734" lon="2.369522">
				<ele>425.000000</ele>
			</trkpt>
			<trkpt lat="39.605707" lon="2.369486">
				<ele>424.000000</ele>
			</trkpt>
			<trkpt lat="39.605679" lon="2.369423">
				<ele>422.000000</ele>
			</trkpt>
			<trkpt lat="39.605651" lon="2.369360">
				<ele>421.000000</ele>
			</trkpt>
			<trkpt lat="39.605624" lon="2.369307">
				<ele>420.000000</ele>
			</trkpt>
			<trkpt lat="39.605589" lon="2.369262">
				<ele>419.000000</ele>
			</trkpt>
			<trkpt lat="39.605568" lon="2.369253">
				<ele>419.000000</ele>
			</trkpt>
			<trkpt lat="39.605541" lon="2.369253">
				<ele>419.000000</ele>
			</trkpt>
			<trkpt lat="39.605485" lon="2.369262">
				<ele>418.000000</ele>
			</trkpt>
			<trkpt lat="39.605457" lon="2.369289">
				<ele>417.000000</ele>
			</trkpt>
			<trkpt lat="39.605388" lon="2.369270">
				<ele>416.000000</ele>
			</trkpt>
			<trkpt lat="39.605291" lon="2.369262">
				<ele>415.000000</ele>
			</trkpt>
			<trkpt lat="39.605209" lon="2.369253">
				<ele>414.000000</ele>
			</trkpt>
			<trkpt lat="39.605188" lon="2.369234">
				<ele>414.000000</ele>
			</trkpt>
			<trkpt lat="39.605139" lon="2.369154">
				<ele>413.000000</ele>
			</trkpt>
			<trkpt lat="39.605097" lon="2.369100">
				<ele>412.000000</ele>
			</trkpt>
			<trkpt lat="39.605022" lon="2.369064">
				<ele>411.000000</ele>
			</trkpt>
			<trkpt lat="39.604994" lon="2.369028">
				<ele>410.000000</ele>
			</trkpt>
			<trkpt lat="39.604980" lon="2.368993">
				<ele>410.000000</ele>
			</trkpt>
			<trkpt lat="39.604980" lon="2.368884">
				<ele>407.000000</ele>
			</trkpt>
			<trkpt lat="39.605036" lon="2.368804">
				<ele>404.000000</ele>
			</trkpt>
			<trkpt lat="39.604980" lon="2.368714">
				<ele>401.000000</ele>
			</trkpt>
			<trkpt lat="39.604918" lon="2.368678">
				<ele>400.000000</ele>
			</trkpt>
			<trkpt lat="39.604897" lon="2.368633">
				<ele>400.000000</ele>
			</trkpt>
			<trkpt lat="39.604834" lon="2.368624">
				<ele>400.000000</ele>
			</trkpt>
			<trkpt lat="39.604786" lon="2.368641">
				<ele>400.000000</ele>
			</trkpt>
			<trkpt lat="39.604710" lon="2.368741">
				<ele>400.000000</ele>
			</trkpt>
			<trkpt lat="39.604565" lon="2.368938">
				<ele>400.000000</ele>
			</trkpt>
			<trkpt lat="39.604399" lon="2.369073">
				<ele>400.000000</ele>
			</trkpt>
			<trkpt lat="39.604357" lon="2.369054">
				<ele>400.000000</ele>
			</trkpt>
			<trkpt lat="39.604198" lon="2.368957">
				<ele>400.000000</ele>
			</trkpt>
			<trkpt lat="39.604122" lon="2.368911">
				<ele>400.000000</ele>
			</trkpt>
			<trkpt lat="39.604108" lon="2.368884">
				<ele>400.000000</ele>
			</trkpt>
			<trkpt lat="39.604087" lon="2.368857">
				<ele>400.000000</ele>
			</trkpt>
			<trkpt lat="39.604053" lon="2.368857">
				<ele>399.000000</ele>
			</trkpt>
			<trkpt lat="39.603949" lon="2.368786">
				<ele>398.000000</ele>
			</trkpt>
			<trkpt lat="39.603907" lon="2.368777">
				<ele>398.000000</ele>
			</trkpt>
			<trkpt lat="39.603873" lon="2.368758">
				<ele>398.000000</ele>
			</trkpt>
			<trkpt lat="39.603734" lon="2.368750">
				<ele>397.000000</ele>
			</trkpt>
			<trkpt lat="39.603540" lon="2.368731">
				<ele>396.000000</ele>
			</trkpt>
			<trkpt lat="39.603450" lon="2.368731">
				<ele>395.000000</ele>
			</trkpt>
			<trkpt lat="39.603388" lon="2.368731">
				<ele>395.000000</ele>
			</trkpt>
			<trkpt lat="39.603319" lon="2.368704">
				<ele>394.000000</ele>
			</trkpt>
			<trkpt lat="39.603015" lon="2.368570">
				<ele>392.000000</ele>
			</trkpt>
			<trkpt lat="39.602897" lon="2.368480">
				<ele>391.000000</ele>
			</trkpt>
			<trkpt lat="39.602848" lon="2.368364">
				<ele>390.000000</ele>
			</trkpt>
			<trkpt lat="39.602709" lon="2.368157">
				<ele>388.000000</ele>
			</trkpt>
			<trkpt lat="39.602509" lon="2.367932">
				<ele>384.000000</ele>
			</trkpt>
			<trkpt lat="39.602350" lon="2.367716">
				<ele>381.000000</ele>
			</trkpt>
			<trkpt lat="39.602198" lon="2.367492">
				<ele>378.000000</ele>
			</trkpt>
			<trkpt lat="39.602142" lon="2.367402">
				<ele>377.000000</ele>
			</trkpt>
			<trkpt lat="39.602101" lon="2.367322">
				<ele>376.000000</ele>
			</trkpt>
			<trkpt lat="39.601955" lon="2.366970">
				<ele>372.000000</ele>
			</trkpt>
			<trkpt lat="39.601928" lon="2.366909">
				<ele>371.000000</ele>
			</trkpt>
			<trkpt lat="39.601907" lon="2.366809">
				<ele>370.000000</ele>
			</trkpt>
			<trkpt lat="39.601893" lon="2.366746">
				<ele>370.000000</ele>
			</trkpt>
			<trkpt lat="39.601893" lon="2.366693">
				<ele>369.000000</ele>
			</trkpt>
			<trkpt lat="39.601873" lon="2.366639">
				<ele>369.000000</ele>
			</trkpt>
			<trkpt lat="39.601852" lon="2.366620">
				<ele>369.000000</ele>
			</trkpt>
			<trkpt lat="39.601824" lon="2.366530">
				<ele>369.000000</ele>
			</trkpt>
			<trkpt lat="39.601789" lon="2.366477">
				<ele>368.000000</ele>
			</trkpt>
			<trkpt lat="39.601775" lon="2.366467">
				<ele>368.000000</ele>
			</trkpt>
			<trkpt lat="39.601769" lon="2.366441">
				<ele>368.000000</ele>
			</trkpt>
			<trkpt lat="39.601734" lon="2.366404">
				<ele>368.000000</ele>
			</trkpt>
			<trkpt lat="39.601713" lon="2.366370">
				<ele>368.000000</ele>
			</trkpt>
			<trkpt lat="39.601692" lon="2.366333">
				<ele>367.000000</ele>
			</trkpt>
			<trkpt lat="39.601686" lon="2.366306">
				<ele>367.000000</ele>
			</trkpt>
			<trkpt lat="39.601623" lon="2.366217">
				<ele>367.000000</ele>
			</trkpt>
			<trkpt lat="39.601596" lon="2.366163">
				<ele>366.000000</ele>
			</trkpt>
			<trkpt lat="39.601588" lon="2.366136">
				<ele>366.000000</ele>
			</trkpt>
			<trkpt lat="39.601554" lon="2.366073">
				<ele>366.000000</ele>
			</trkpt>
			<trkpt lat="39.601471" lon="2.365983">
				<ele>365.000000</ele>
			</trkpt>
			<trkpt lat="39.601423" lon="2.365938">
				<ele>365.000000</ele>
			</trkpt>
			<trkpt lat="39.601423" lon="2.365928">
				<ele>365.000000</ele>
			</trkpt>
			<trkpt lat="39.601402" lon="2.365901">
				<ele>365.000000</ele>
			</trkpt>
			<trkpt lat="39.601311" lon="2.365794">
				<ele>364.000000</ele>
			</trkpt>
			<trkpt lat="39.601284" lon="2.365722">
				<ele>363.000000</ele>
			</trkpt>
			<trkpt lat="39.601242" lon="2.365597">
				<ele>363.000000</ele>
			</trkpt>
			<trkpt lat="39.601201" lon="2.365471">
				<ele>362.000000</ele>
			</trkpt>
			<trkpt lat="39.601146" lon="2.365362">
				<ele>362.000000</ele>
			</trkpt>
			<trkpt lat="39.601083" lon="2.365301">
				<ele>361.000000</ele>
			</trkpt>
			<trkpt lat="39.601069" lon="2.365272">
				<ele>361.000000</ele>
			</trkpt>
			<trkpt lat="39.601056" lon="2.365264">
				<ele>361.000000</ele>
			</trkpt>
			<trkpt lat="39.601049" lon="2.365219">
				<ele>361.000000</ele>
			</trkpt>
			<trkpt lat="39.601035" lon="2.365183">
				<ele>360.000000</ele>
			</trkpt>
			<trkpt lat="39.601007" lon="2.365165">
				<ele>360.000000</ele>
			</trkpt>
			<trkpt lat="39.600965" lon="2.365022">
				<ele>359.000000</ele>
			</trkpt>
			<trkpt lat="39.600952" lon="2.364985">
				<ele>359.000000</ele>
			</trkpt>
			<trkpt lat="39.600917" lon="2.364896">
				<ele>358.000000</ele>
			</trkpt>
			<trkpt lat="39.600792" lon="2.364672">
				<ele>356.000000</ele>
			</trkpt>
			<trkpt lat="39.600717" lon="2.364473">
				<ele>354.000000</ele>
			</trkpt>
			<trkpt lat="39.600648" lon="2.364375">
				<ele>353.000000</ele>
			</trkpt>
			<trkpt lat="39.600460" lon="2.364141">
				<ele>350.000000</ele>
			</trkpt>
			<trkpt lat="39.600446" lon="2.364087">
				<ele>350.000000</ele>
			</trkpt>
			<trkpt lat="39.600405" lon="2.364033">
				<ele>350.000000</ele>
			</trkpt>
			<trkpt lat="39.600363" lon="2.364006">
				<ele>350.000000</ele>
			</trkpt>
			<trkpt lat="39.600342" lon="2.363980">
				<ele>350.000000</ele>
			</trkpt>
			<trkpt lat="39.600350" lon="2.363943">
				<ele>349.000000</ele>
			</trkpt>
			<trkpt lat="39.600350" lon="2.363907">
				<ele>349.000000</ele>
			</trkpt>
			<trkpt lat="39.600308" lon="2.363844">
				<ele>348.000000</ele>
			</trkpt>
			<trkpt lat="39.600031" lon="2.363467">
				<ele>341.000000</ele>
			</trkpt>
			<trkpt lat="39.599921" lon="2.363288">
				<ele>339.000000</ele>
			</trkpt>
			<trkpt lat="39.599851" lon="2.363162">
				<ele>337.000000</ele>
			</trkpt>
			<trkpt lat="39.599796" lon="2.363072">
				<ele>335.000000</ele>
			</trkpt>
			<trkpt lat="39.599685" lon="2.362938">
				<ele>333.000000</ele>
			</trkpt>
			<trkpt lat="39.599422" lon="2.362569">
				<ele>326.000000</ele>
			</trkpt>
			<trkpt lat="39.599353" lon="2.362479">
				<ele>324.000000</ele>
			</trkpt>
			<trkpt lat="39.599311" lon="2.362425">
				<ele>323.000000</ele>
			</trkpt>
			<trkpt lat="39.599270" lon="2.362354">
				<ele>322.000000</ele>
			</trkpt>
			<trkpt lat="39.599256" lon="2.362236">
				<ele>320.000000</ele>
			</trkpt>
			<trkpt lat="39.599242" lon="2.362138">
				<ele>318.000000</ele>
			</trkpt>
			<trkpt lat="39.599235" lon="2.362048">
				<ele>315.000000</ele>
			</trkpt>
			<trkpt lat="39.599242" lon="2.361995">
				<ele>313.000000</ele>
			</trkpt>
			<trkpt lat="39.599263" lon="2.361959">
				<ele>312.000000</ele>
			</trkpt>
			<trkpt lat="39.599422" lon="2.361779">
				<ele>304.000000</ele>
			</trkpt>
			<trkpt lat="39.599498" lon="2.361706">
				<ele>301.000000</ele>
			</trkpt>
			<trkpt lat="39.599581" lon="2.361643">
				<ele>299.000000</ele>
			</trkpt>
			<trkpt lat="39.599851" lon="2.361643">
				<ele>296.000000</ele>
			</trkpt>
			<trkpt lat="39.599913" lon="2.361653">
				<ele>296.000000</ele>
			</trkpt>
			<trkpt lat="39.599969" lon="2.361680">
				<ele>295.000000</ele>
			</trkpt>
			<trkpt lat="39.600011" lon="2.361680">
				<ele>294.000000</ele>
			</trkpt>
			<trkpt lat="39.600038" lon="2.361670">
				<ele>294.000000</ele>
			</trkpt>
			<trkpt lat="39.600052" lon="2.361635">
				<ele>294.000000</ele>
			</trkpt>
			<trkpt lat="39.600052" lon="2.361599">
				<ele>294.000000</ele>
			</trkpt>
			<trkpt lat="39.599623" lon="2.361267">
				<ele>290.000000</ele>
			</trkpt>
			<trkpt lat="39.599519" lon="2.361133">
				<ele>290.000000</ele>
			</trkpt>
			<trkpt lat="39.599457" lon="2.361006">
				<ele>290.000000</ele>
			</trkpt>
			<trkpt lat="39.599408" lon="2.361014">
				<ele>290.000000</ele>
			</trkpt>
			<trkpt lat="39.599353" lon="2.361043">
				<ele>290.000000</ele>
			</trkpt>
			<trkpt lat="39.599270" lon="2.361051">
				<ele>290.000000</ele>
			</trkpt>
			<trkpt lat="39.599062" lon="2.360925">
				<ele>290.000000</ele>
			</trkpt>
			<trkpt lat="39.599027" lon="2.360917">
				<ele>290.000000</ele>
			</trkpt>
			<trkpt lat="39.598993" lon="2.360863">
				<ele>290.000000</ele>
			</trkpt>
			<trkpt lat="39.598882" lon="2.360800">
				<ele>290.000000</ele>
			</trkpt>
			<trkpt lat="39.598848" lon="2.360764">
				<ele>290.000000</ele>
			</trkpt>
			<trkpt lat="39.598799" lon="2.360764">
				<ele>290.000000</ele>
			</trkpt>
			<trkpt lat="39.598765" lon="2.360710">
				<ele>290.000000</ele>
			</trkpt>
			<trkpt lat="39.598730" lon="2.360674">
				<ele>290.000000</ele>
			</trkpt>
			<trkpt lat="39.598667" lon="2.360494">
				<ele>290.000000</ele>
			</trkpt>
			<trkpt lat="39.598647" lon="2.360404">
				<ele>290.000000</ele>
			</trkpt>
			<trkpt lat="39.598605" lon="2.360314">
				<ele>290.000000</ele>
			</trkpt>
			<trkpt lat="39.598578" lon="2.360278">
				<ele>290.000000</ele>
			</trkpt>
			<trkpt lat="39.598571" lon="2.360215">
				<ele>290.000000</ele>
			</trkpt>
			<trkpt lat="39.598536" lon="2.360144">
				<ele>290.000000</ele>
			</trkpt>
			<trkpt lat="39.598432" lon="2.360018">
				<ele>290.000000</ele>
			</trkpt>
			<trkpt lat="39.598363" lon="2.359848">
				<ele>290.000000</ele>
			</trkpt>
			<trkpt lat="39.598363" lon="2.359748">
				<ele>290.000000</ele>
			</trkpt>
			<trkpt lat="39.598329" lon="2.359641">
				<ele>288.000000</ele>
			</trkpt>
			<trkpt lat="39.598287" lon="2.359559">
				<ele>288.000000</ele>
			</trkpt>
			<trkpt lat="39.598204" lon="2.359461">
				<ele>286.000000</ele>
			</trkpt>
			<trkpt lat="39.598169" lon="2.359416">
				<ele>286.000000</ele>
			</trkpt>
			<trkpt lat="39.598148" lon="2.359389">
				<ele>285.000000</ele>
			</trkpt>
			<trkpt lat="39.598121" lon="2.359372">
				<ele>285.000000</ele>
			</trkpt>
			<trkpt lat="39.597996" lon="2.359263">
				<ele>283.000000</ele>
			</trkpt>
			<trkpt lat="39.597900" lon="2.359173">
				<ele>282.000000</ele>
			</trkpt>
			<trkpt lat="39.597830" lon="2.359083">
				<ele>281.000000</ele>
			</trkpt>
			<trkpt lat="39.597775" lon="2.359056">
				<ele>280.000000</ele>
			</trkpt>
			<trkpt lat="39.597733" lon="2.359056">
				<ele>279.000000</ele>
			</trkpt>
			<trkpt lat="39.597692" lon="2.359066">
				<ele>278.000000</ele>
			</trkpt>
			<trkpt lat="39.597491" lon="2.359020">
				<ele>274.000000</ele>
			</trkpt>
			<trkpt lat="39.597442" lon="2.359102">
				<ele>272.000000</ele>
			</trkpt>
			<trkpt lat="39.597373" lon="2.359030">
				<ele>270.000000</ele>
			</trkpt>
			<trkpt lat="39.597359" lon="2.358869">
				<ele>270.000000</ele>
			</trkpt>
			<trkpt lat="39.597304" lon="2.358841">
				<ele>270.000000</ele>
			</trkpt>
			<trkpt lat="39.597228" lon="2.358869">
				<ele>270.000000</ele>
			</trkpt>
			<trkpt lat="39.597138" lon="2.358959">
				<ele>270.000000</ele>
			</trkpt>
			<trkpt lat="39.597096" lon="2.359030">
				<ele>270.000000</ele>
			</trkpt>
			<trkpt lat="39.597041" lon="2.359173">
				<ele>271.000000</ele>
			</trkpt>
			<trkpt lat="39.597013" lon="2.359372">
				<ele>279.000000</ele>
			</trkpt>
			<trkpt lat="39.596979" lon="2.359443">
				<ele>280.000000</ele>
			</trkpt>
			<trkpt lat="39.596896" lon="2.359542">
				<ele>280.000000</ele>
			</trkpt>
			<trkpt lat="39.596806" lon="2.359569">
				<ele>280.000000</ele>
			</trkpt>
			<trkpt lat="39.596695" lon="2.359569">
				<ele>280.000000</ele>
			</trkpt>
			<trkpt lat="39.596674" lon="2.359551">
				<ele>280.000000</ele>
			</trkpt>
			<trkpt lat="39.596632" lon="2.359569">
				<ele>280.000000</ele>
			</trkpt>
			<trkpt lat="39.596584" lon="2.359551">
				<ele>280.000000</ele>
			</trkpt>
			<trkpt lat="39.596550" lon="2.359525">
				<ele>280.000000</ele>
			</trkpt>
			<trkpt lat="39.596356" lon="2.359533">
				<ele>277.000000</ele>
			</trkpt>
			<trkpt lat="39.596252" lon="2.359569">
				<ele>276.000000</ele>
			</trkpt>
			<trkpt lat="39.596113" lon="2.359542">
				<ele>274.000000</ele>
			</trkpt>
			<trkpt lat="39.596030" lon="2.359542">
				<ele>273.000000</ele>
			</trkpt>
			<trkpt lat="39.595948" lon="2.359435">
				<ele>271.000000</ele>
			</trkpt>
			<trkpt lat="39.595864" lon="2.359362">
				<ele>269.000000</ele>
			</trkpt>
			<trkpt lat="39.595615" lon="2.359228">
				<ele>261.000000</ele>
			</trkpt>
			<trkpt lat="39.595580" lon="2.359129">
				<ele>258.000000</ele>
			</trkpt>
			<trkpt lat="39.595559" lon="2.359093">
				<ele>256.000000</ele>
			</trkpt>
			<trkpt lat="39.595525" lon="2.359056">
				<ele>254.000000</ele>
			</trkpt>
			<trkpt lat="39.595484" lon="2.358976">
				<ele>250.000000</ele>
			</trkpt>
			<trkpt lat="39.595449" lon="2.358922">
				<ele>248.000000</ele>
			</trkpt>
			<trkpt lat="39.595400" lon="2.358869">
				<ele>245.000000</ele>
			</trkpt>
			<trkpt lat="39.595366" lon="2.358850">
				<ele>243.000000</ele>
			</trkpt>
			<trkpt lat="39.595255" lon="2.358760">
				<ele>240.000000</ele>
			</trkpt>
			<trkpt lat="39.595144" lon="2.358716">
				<ele>240.000000</ele>
			</trkpt>
			<trkpt lat="39.595027" lon="2.358653">
				<ele>240.000000</ele>
			</trkpt>
			<trkpt lat="39.594978" lon="2.358653">
				<ele>240.000000</ele>
			</trkpt>
			<trkpt lat="39.594909" lon="2.358706">
				<ele>240.000000</ele>
			</trkpt>
			<trkpt lat="39.594840" lon="2.358724">
				<ele>240.000000</ele>
			</trkpt>
			<trkpt lat="39.594736" lon="2.358796">
				<ele>240.000000</ele>
			</trkpt>
			<trkpt lat="39.594660" lon="2.358930">
				<ele>240.000000</ele>
			</trkpt>
			<trkpt lat="39.594590" lon="2.358993">
				<ele>240.000000</ele>
			</trkpt>
			<trkpt lat="39.594549" lon="2.358993">
				<ele>240.000000</ele>
			</trkpt>
			<trkpt lat="39.594501" lon="2.359039">
				<ele>240.000000</ele>
			</trkpt>
			<trkpt lat="39.594459" lon="2.359056">
				<ele>240.000000</ele>
			</trkpt>
			<trkpt lat="39.594369" lon="2.359102">
				<ele>240.000000</ele>
			</trkpt>
			<trkpt lat="39.594321" lon="2.359120">
				<ele>240.000000</ele>
			</trkpt>
			<trkpt lat="39.594224" lon="2.359120">
				<ele>240.000000</ele>
			</trkpt>
			<trkpt lat="39.594092" lon="2.359110">
				<ele>240.000000</ele>
			</trkpt>
			<trkpt lat="39.593995" lon="2.359039">
				<ele>240.000000</ele>
			</trkpt>
			<trkpt lat="39.593967" lon="2.358985">
				<ele>239.000000</ele>
			</trkpt>
			<trkpt lat="39.593947" lon="2.358959">
				<ele>238.000000</ele>
			</trkpt>
			<trkpt lat="39.593884" lon="2.358967">
				<ele>236.000000</ele>
			</trkpt>
			<trkpt lat="39.593780" lon="2.358913">
				<ele>232.000000</ele>
			</trkpt>
			<trkpt lat="39.593663" lon="2.358806">
				<ele>226.000000</ele>
			</trkpt>
			<trkpt lat="39.593414" lon="2.358517">
				<ele>210.000000</ele>
			</trkpt>
			<trkpt lat="39.593303" lon="2.358446">
				<ele>208.000000</ele>
			</trkpt>
			<trkpt lat="39.593282" lon="2.358473">
				<ele>208.000000</ele>
			</trkpt>
			<trkpt lat="39.593199" lon="2.358482">
				<ele>207.000000</ele>
			</trkpt>
			<trkpt lat="39.593068" lon="2.358527">
				<ele>205.000000</ele>
			</trkpt>
			<trkpt lat="39.592984" lon="2.358536">
				<ele>204.000000</ele>
			</trkpt>
			<trkpt lat="39.592929" lon="2.358517">
				<ele>203.000000</ele>
			</trkpt>
			<trkpt lat="39.592881" lon="2.358563">
				<ele>203.000000</ele>
			</trkpt>
			<trkpt lat="39.592818" lon="2.358580">
				<ele>202.000000</ele>
			</trkpt>
			<trkpt lat="39.592742" lon="2.358607">
				<ele>201.000000</ele>
			</trkpt>
			<trkpt lat="39.592715" lon="2.358580">
				<ele>200.000000</ele>
			</trkpt>
			<trkpt lat="39.592687" lon="2.358527">
				<ele>200.000000</ele>
			</trkpt>
			<trkpt lat="39.592659" lon="2.358536">
				<ele>199.000000</ele>
			</trkpt>
			<trkpt lat="39.592638" lon="2.358536">
				<ele>198.000000</ele>
			</trkpt>
			<trkpt lat="39.592569" lon="2.358544">
				<ele>195.000000</ele>
			</trkpt>
			<trkpt lat="39.592507" lon="2.358517">
				<ele>193.000000</ele>
			</trkpt>
			<trkpt lat="39.592382" lon="2.358427">
				<ele>187.000000</ele>
			</trkpt>
			<trkpt lat="39.592299" lon="2.358410">
				<ele>183.000000</ele>
			</trkpt>
			<trkpt lat="39.592168" lon="2.358401">
				<ele>177.000000</ele>
			</trkpt>
			<trkpt lat="39.592085" lon="2.358364">
				<ele>172.000000</ele>
			</trkpt>
			<trkpt lat="39.592064" lon="2.358293">
				<ele>169.000000</ele>
			</trkpt>
			<trkpt lat="39.592057" lon="2.358248">
				<ele>167.000000</ele>
			</trkpt>
			<trkpt lat="39.592057" lon="2.358140">
				<ele>161.000000</ele>
			</trkpt>
			<trkpt lat="39.591981" lon="2.358024">
				<ele>154.000000</ele>
			</trkpt>
			<trkpt lat="39.591981" lon="2.357970">
				<ele>151.000000</ele>
			</trkpt>
			<trkpt lat="39.591932" lon="2.357917">
				<ele>148.000000</ele>
			</trkpt>
			<trkpt lat="39.591891" lon="2.357907">
				<ele>146.000000</ele>
			</trkpt>
			<trkpt lat="39.591877" lon="2.357854">
				<ele>145.000000</ele>
			</trkpt>
			<trkpt lat="39.591926" lon="2.357745">
				<ele>140.000000</ele>
			</trkpt>
			<trkpt lat="39.591960" lon="2.357709">
				<ele>139.000000</ele>
			</trkpt>
			<trkpt lat="39.591974" lon="2.357620">
				<ele>136.000000</ele>
			</trkpt>
			<trkpt lat="39.591918" lon="2.357351">
				<ele>129.000000</ele>
			</trkpt>
			<trkpt lat="39.591946" lon="2.357278">
				<ele>128.000000</ele>
			</trkpt>
			<trkpt lat="39.592085" lon="2.357179">
				<ele>125.000000</ele>
			</trkpt>
			<trkpt lat="39.592174" lon="2.357081">
				<ele>122.000000</ele>
			</trkpt>
			<trkpt lat="39.592189" lon="2.357018">
				<ele>121.000000</ele>
			</trkpt>
			<trkpt lat="39.592182" lon="2.356936">
				<ele>120.000000</ele>
			</trkpt>
			<trkpt lat="39.592126" lon="2.356785">
				<ele>115.000000</ele>
			</trkpt>
			<trkpt lat="39.592126" lon="2.356712">
				<ele>113.000000</ele>
			</trkpt>
			<trkpt lat="39.592168" lon="2.356569">
				<ele>109.000000</ele>
			</trkpt>
			<trkpt lat="39.592216" lon="2.356370">
				<ele>104.000000</ele>
			</trkpt>
			<trkpt lat="39.592182" lon="2.356272">
				<ele>101.000000</ele>
			</trkpt>
			<trkpt lat="39.592126" lon="2.356110">
				<ele>97.000000</ele>
			</trkpt>
			<trkpt lat="39.592043" lon="2.355993">
				<ele>94.000000</ele>
			</trkpt>
			<trkpt lat="39.591801" lon="2.355661">
				<ele>88.000000</ele>
			</trkpt>
			<trkpt lat="39.591759" lon="2.355617">
				<ele>87.000000</ele>
			</trkpt>
			<trkpt lat="39.591690" lon="2.355473">
				<ele>85.000000</ele>
			</trkpt>
			<trkpt lat="39.591482" lon="2.355347">
				<ele>82.000000</ele>
			</trkpt>
			<trkpt lat="39.591330" lon="2.355203">
				<ele>80.000000</ele>
			</trkpt>
			<trkpt lat="39.591018" lon="2.355114">
				<ele>77.000000</ele>
			</trkpt>
			<trkpt lat="39.590970" lon="2.355059">
				<ele>76.000000</ele>
			</trkpt>
			<trkpt lat="39.590901" lon="2.355077">
				<ele>75.000000</ele>
			</trkpt>
			<trkpt lat="39.590741" lon="2.355284">
				<ele>73.000000</ele>
			</trkpt>
			<trkpt lat="39.590679" lon="2.355311">
				<ele>72.000000</ele>
			</trkpt>
			<trkpt lat="39.590493" lon="2.355347">
				<ele>70.000000</ele>
			</trkpt>
			<trkpt lat="39.590133" lon="2.355257">
				<ele>65.000000</ele>
			</trkpt>
			<trkpt lat="39.589911" lon="2.355095">
				<ele>62.000000</ele>
			</trkpt>
			<trkpt lat="39.589883" lon="2.355077">
				<ele>62.000000</ele>
			</trkpt>
			<trkpt lat="39.589793" lon="2.355032">
				<ele>61.000000</ele>
			</trkpt>
			<trkpt lat="39.589447" lon="2.354844">
				<ele>59.000000</ele>
			</trkpt>
			<trkpt lat="39.589378" lon="2.354798">
				<ele>58.000000</ele>
			</trkpt>
			<trkpt lat="39.589309" lon="2.354781">
				<ele>58.000000</ele>
			</trkpt>
			<trkpt lat="39.589239" lon="2.354835">
				<ele>58.000000</ele>
			</trkpt>
			<trkpt lat="39.589025" lon="2.355087">
				<ele>57.000000</ele>
			</trkpt>
			<trkpt lat="39.588887" lon="2.355122">
				<ele>56.000000</ele>
			</trkpt>
			<trkpt lat="39.588783" lon="2.355068">
				<ele>56.000000</ele>
			</trkpt>
			<trkpt lat="39.588686" lon="2.355032">
				<ele>55.000000</ele>
			</trkpt>
			<trkpt lat="39.588644" lon="2.355014">
				<ele>55.000000</ele>
			</trkpt>
			<trkpt lat="39.588298" lon="2.354844">
				<ele>54.000000</ele>
			</trkpt>
			<trkpt lat="39.588104" lon="2.354691">
				<ele>53.000000</ele>
			</trkpt>
			<trkpt lat="39.587689" lon="2.354611">
				<ele>51.000000</ele>
			</trkpt>
			<trkpt lat="39.587475" lon="2.354548">
				<ele>51.000000</ele>
			</trkpt>
			<trkpt lat="39.587350" lon="2.354448">
				<ele>50.000000</ele>
			</trkpt>
			<trkpt lat="39.587267" lon="2.354269">
				<ele>49.000000</ele>
			</trkpt>
			<trkpt lat="39.587066" lon="2.353909">
				<ele>48.000000</ele>
			</trkpt>
			<trkpt lat="39.586990" lon="2.353802">
				<ele>47.000000</ele>
			</trkpt>
			<trkpt lat="39.586900" lon="2.353739">
				<ele>47.000000</ele>
			</trkpt>
			<trkpt lat="39.586623" lon="2.353667">
				<ele>46.000000</ele>
			</trkpt>
			<trkpt lat="39.586394" lon="2.353676">
				<ele>44.000000</ele>
			</trkpt>
			<trkpt lat="39.586249" lon="2.353739">
				<ele>44.000000</ele>
			</trkpt>
			<trkpt lat="39.586090" lon="2.353838">
				<ele>43.000000</ele>
			</trkpt>
			<trkpt lat="39.585999" lon="2.353892">
				<ele>42.000000</ele>
			</trkpt>
			<trkpt lat="39.585826" lon="2.353900">
				<ele>42.000000</ele>
			</trkpt>
			<trkpt lat="39.585667" lon="2.353838">
				<ele>41.000000</ele>
			</trkpt>
			<trkpt lat="39.585543" lon="2.353766">
				<ele>40.000000</ele>
			</trkpt>
			<trkpt lat="39.585363" lon="2.353586">
				<ele>39.000000</ele>
			</trkpt>
			<trkpt lat="39.584982" lon="2.353030">
				<ele>34.000000</ele>
			</trkpt>
			<trkpt lat="39.584622" lon="2.352607">
				<ele>30.000000</ele>
			</trkpt>
			<trkpt lat="39.584318" lon="2.352185">
				<ele>27.000000</ele>
			</trkpt>
			<trkpt lat="39.584255" lon="2.352041">
				<ele>27.000000</ele>
			</trkpt>
			<trkpt lat="39.584227" lon="2.351951">
				<ele>26.000000</ele>
			</trkpt>
			<trkpt lat="39.584206" lon="2.351871">
				<ele>26.000000</ele>
			</trkpt>
			<trkpt lat="39.584123" lon="2.351592">
				<ele>25.000000</ele>
			</trkpt>
			<trkpt lat="39.583916" lon="2.350730">
				<ele>21.000000</ele>
			</trkpt>
			<trkpt lat="39.583860" lon="2.350496">
				<ele>20.000000</ele>
			</trkpt>
			<trkpt lat="39.583556" lon="2.350038">
				<ele>16.000000</ele>
			</trkpt>
			<trkpt lat="39.583223" lon="2.349580">
				<ele>11.000000</ele>
			</trkpt>
			<trkpt lat="39.583202" lon="2.349535">
				<ele>10.000000</ele>
			</trkpt>
			<trkpt lat="39.583202" lon="2.349535">
				<ele>10.000000</ele>
			</trkpt>
			<trkpt lat="39.583168" lon="2.349481">
				<ele>10.000000</ele>
			</trkpt>
			<trkpt lat="39.583085" lon="2.349517">
				<ele>10.000000</ele>
			</trkpt>
			<trkpt lat="39.582960" lon="2.349544">
				<ele>10.000000</ele>
			</trkpt>
			<trkpt lat="39.582884" lon="2.349409">
				<ele>10.000000</ele>
			</trkpt>
			<trkpt lat="39.582746" lon="2.349185">
				<ele>10.000000</ele>
			</trkpt>
			<trkpt lat="39.582614" lon="2.349283">
				<ele>10.000000</ele>
			</trkpt>
			<trkpt lat="39.582517" lon="2.349372">
				<ele>10.000000</ele>
			</trkpt>
			<trkpt lat="39.582358" lon="2.349498">
				<ele>10.000000</ele>
			</trkpt>
			<trkpt lat="39.582144" lon="2.349651">
				<ele>10.000000</ele>
			</trkpt>
			<trkpt lat="39.581894" lon="2.349831">
				<ele>10.000000</ele>
			</trkpt>
			<trkpt lat="39.581638" lon="2.349966">
				<ele>10.000000</ele>
			</trkpt>
			<trkpt lat="39.581354" lon="2.350127">
				<ele>10.000000</ele>
			</trkpt>
			<trkpt lat="39.581202" lon="2.350173">
				<ele>10.000000</ele>
			</trkpt>
			<trkpt lat="39.580606" lon="2.350127">
				<ele>10.000000</ele>
			</trkpt>
			<trkpt lat="39.579921" lon="2.350074">
				<ele>10.000000</ele>
			</trkpt>
			<trkpt lat="39.579775" lon="2.350101">
				<ele>10.000000</ele>
			</trkpt>
			<trkpt lat="39.579679" lon="2.350190">
				<ele>10.000000</ele>
			</trkpt>
			<trkpt lat="39.579679" lon="2.350271">
				<ele>10.000000</ele>
			</trkpt>
			<trkpt lat="39.579665" lon="2.350477">
				<ele>10.000000</ele>
			</trkpt>
			<trkpt lat="39.579408" lon="2.350496">
				<ele>11.000000</ele>
			</trkpt>
			<trkpt lat="39.579263" lon="2.350523">
				<ele>10.000000</ele>
			</trkpt>
			<trkpt lat="39.579229" lon="2.350532">
				<ele>11.000000</ele>
			</trkpt>
			<trkpt lat="39.579180" lon="2.350540">
				<ele>11.000000</ele>
			</trkpt>
			<trkpt lat="39.579152" lon="2.350567">
				<ele>11.000000</ele>
			</trkpt>
			<trkpt lat="39.579138" lon="2.350603">
				<ele>11.000000</ele>
			</trkpt>
			<trkpt lat="39.579097" lon="2.350801">
				<ele>11.000000</ele>
			</trkpt>
			<trkpt lat="39.579014" lon="2.351143">
				<ele>11.000000</ele>
			</trkpt>
			<trkpt lat="39.578903" lon="2.351582">
				<ele>12.000000</ele>
			</trkpt>
			<trkpt lat="39.578806" lon="2.352005">
				<ele>12.000000</ele>
			</trkpt>
			<trkpt lat="39.578716" lon="2.352418">
				<ele>12.000000</ele>
			</trkpt>
			<trkpt lat="39.578619" lon="2.352840">
				<ele>11.000000</ele>
			</trkpt>
			<trkpt lat="39.578578" lon="2.353020">
				<ele>11.000000</ele>
			</trkpt>
			<trkpt lat="39.578557" lon="2.353083">
				<ele>11.000000</ele>
			</trkpt>
			<trkpt lat="39.578488" lon="2.353280">
				<ele>10.000000</ele>
			</trkpt>
			<trkpt lat="39.578315" lon="2.353730">
				<ele>10.000000</ele>
			</trkpt>
			<trkpt lat="39.578294" lon="2.353802">
				<ele>10.000000</ele>
			</trkpt>
			<trkpt lat="39.578232" lon="2.353919">
				<ele>10.000000</ele>
			</trkpt>
			<trkpt lat="39.578218" lon="2.353955">
				<ele>10.000000</ele>
			</trkpt>
			<trkpt lat="39.578169" lon="2.354053">
				<ele>10.000000</ele>
			</trkpt>
			<trkpt lat="39.578134" lon="2.354125">
				<ele>10.000000</ele>
			</trkpt>
			<trkpt lat="39.578093" lon="2.354215">
				<ele>10.000000</ele>
			</trkpt>
			<trkpt lat="39.578017" lon="2.354376">
				<ele>11.000000</ele>
			</trkpt>
			<trkpt lat="39.577886" lon="2.354404">
				<ele>10.000000</ele>
			</trkpt>
			<trkpt lat="39.577830" lon="2.354412">
				<ele>10.000000</ele>
			</trkpt>
			<trkpt lat="39.577532" lon="2.354448">
				<ele>10.000000</ele>
			</trkpt>
			<trkpt lat="39.577352" lon="2.354583">
				<ele>11.000000</ele>
			</trkpt>
			<trkpt lat="39.576985" lon="2.354961">
				<ele>17.000000</ele>
			</trkpt>
			<trkpt lat="39.576874" lon="2.355068">
				<ele>18.000000</ele>
			</trkpt>
			<trkpt lat="39.576826" lon="2.355122">
				<ele>19.000000</ele>
			</trkpt>
			<trkpt lat="39.576708" lon="2.355122">
				<ele>20.000000</ele>
			</trkpt>
			<trkpt lat="39.576729" lon="2.355787">
				<ele>31.000000</ele>
			</trkpt>
			<trkpt lat="39.576438" lon="2.355894">
				<ele>32.000000</ele>
			</trkpt>
			<trkpt lat="39.576390" lon="2.355976">
				<ele>33.000000</ele>
			</trkpt>
			<trkpt lat="39.576355" lon="2.356066">
				<ele>33.000000</ele>
			</trkpt>
			<trkpt lat="39.576321" lon="2.356299">
				<ele>34.000000</ele>
			</trkpt>
			<trkpt lat="39.576321" lon="2.356496">
				<ele>35.000000</ele>
			</trkpt>
			<trkpt lat="39.576314" lon="2.356838">
				<ele>30.000000</ele>
			</trkpt>
			<trkpt lat="39.576252" lon="2.356892">
				<ele>31.000000</ele>
			</trkpt>
			<trkpt lat="39.576154" lon="2.357143">
				<ele>32.000000</ele>
			</trkpt>
			<trkpt lat="39.576009" lon="2.357368">
				<ele>34.000000</ele>
			</trkpt>
			<trkpt lat="39.575995" lon="2.357458">
				<ele>34.000000</ele>
			</trkpt>
			<trkpt lat="39.575704" lon="2.357548">
				<ele>37.000000</ele>
			</trkpt>
			<trkpt lat="39.575448" lon="2.357628">
				<ele>39.000000</ele>
			</trkpt>
			<trkpt lat="39.575289" lon="2.357691">
				<ele>40.000000</ele>
			</trkpt>
			<trkpt lat="39.575213" lon="2.357628">
				<ele>42.000000</ele>
			</trkpt>
			<trkpt lat="39.574880" lon="2.357458">
				<ele>48.000000</ele>
			</trkpt>
			<trkpt lat="39.574686" lon="2.357332">
				<ele>51.000000</ele>
			</trkpt>
			<trkpt lat="39.574499" lon="2.357206">
				<ele>53.000000</ele>
			</trkpt>
			<trkpt lat="39.574333" lon="2.357143">
				<ele>54.000000</ele>
			</trkpt>
			<trkpt lat="39.573994" lon="2.356909">
				<ele>58.000000</ele>
			</trkpt>
			<trkpt lat="39.573745" lon="2.356722">
				<ele>60.000000</ele>
			</trkpt>
			<trkpt lat="39.573544" lon="2.356515">
				<ele>62.000000</ele>
			</trkpt>
			<trkpt lat="39.573371" lon="2.356370">
				<ele>64.000000</ele>
			</trkpt>
			<trkpt lat="39.573170" lon="2.356083">
				<ele>66.000000</ele>
			</trkpt>
			<trkpt lat="39.572976" lon="2.356290">
				<ele>68.000000</ele>
			</trkpt>
			<trkpt lat="39.572900" lon="2.356343">
				<ele>69.000000</ele>
			</trkpt>
			<trkpt lat="39.572865" lon="2.356425">
				<ele>69.000000</ele>
			</trkpt>
			<trkpt lat="39.572865" lon="2.356577">
				<ele>70.000000</ele>
			</trkpt>
			<trkpt lat="39.572810" lon="2.356730">
				<ele>75.000000</ele>
			</trkpt>
			<trkpt lat="39.572686" lon="2.356811">
				<ele>80.000000</ele>
			</trkpt>
			<trkpt lat="39.572575" lon="2.356892">
				<ele>85.000000</ele>
			</trkpt>
			<trkpt lat="39.572443" lon="2.357081">
				<ele>90.000000</ele>
			</trkpt>
			<trkpt lat="39.572332" lon="2.357081">
				<ele>91.000000</ele>
			</trkpt>
			<trkpt lat="39.572166" lon="2.356909">
				<ele>92.000000</ele>
			</trkpt>
			<trkpt lat="39.572097" lon="2.356739">
				<ele>93.000000</ele>
			</trkpt>
			<trkpt lat="39.572090" lon="2.356569">
				<ele>94.000000</ele>
			</trkpt>
			<trkpt lat="39.572076" lon="2.356460">
				<ele>94.000000</ele>
			</trkpt>
			<trkpt lat="39.572028" lon="2.356362">
				<ele>95.000000</ele>
			</trkpt>
			<trkpt lat="39.571896" lon="2.356219">
				<ele>96.000000</ele>
			</trkpt>
			<trkpt lat="39.571813" lon="2.356182">
				<ele>96.000000</ele>
			</trkpt>
			<trkpt lat="39.571757" lon="2.356219">
				<ele>97.000000</ele>
			</trkpt>
			<trkpt lat="39.571639" lon="2.356280">
				<ele>98.000000</ele>
			</trkpt>
			<trkpt lat="39.571308" lon="2.356406">
				<ele>100.000000</ele>
			</trkpt>
			<trkpt lat="39.571169" lon="2.356550">
				<ele>104.000000</ele>
			</trkpt>
			<trkpt lat="39.571086" lon="2.356659">
				<ele>109.000000</ele>
			</trkpt>
			<trkpt lat="39.571017" lon="2.356775">
				<ele>113.000000</ele>
			</trkpt>
			<trkpt lat="39.570989" lon="2.356919">
				<ele>118.000000</ele>
			</trkpt>
			<trkpt lat="39.570906" lon="2.357054">
				<ele>121.000000</ele>
			</trkpt>
			<trkpt lat="39.571100" lon="2.357261">
				<ele>127.000000</ele>
			</trkpt>
			<trkpt lat="39.571231" lon="2.357440">
				<ele>131.000000</ele>
			</trkpt>
			<trkpt lat="39.571266" lon="2.357548">
				<ele>135.000000</ele>
			</trkpt>
			<trkpt lat="39.571293" lon="2.357799">
				<ele>141.000000</ele>
			</trkpt>
			<trkpt lat="39.571335" lon="2.357898">
				<ele>143.000000</ele>
			</trkpt>
			<trkpt lat="39.571543" lon="2.358194">
				<ele>151.000000</ele>
			</trkpt>
			<trkpt lat="39.571605" lon="2.358374">
				<ele>154.000000</ele>
			</trkpt>
			<trkpt lat="39.571723" lon="2.358517">
				<ele>157.000000</ele>
			</trkpt>
			<trkpt lat="39.571751" lon="2.358590">
				<ele>158.000000</ele>
			</trkpt>
			<trkpt lat="39.571820" lon="2.358985">
				<ele>166.000000</ele>
			</trkpt>
			<trkpt lat="39.571778" lon="2.359246">
				<ele>170.000000</ele>
			</trkpt>
			<trkpt lat="39.571813" lon="2.359326">
				<ele>170.000000</ele>
			</trkpt>
			<trkpt lat="39.571889" lon="2.359435">
				<ele>171.000000</ele>
			</trkpt>
			<trkpt lat="39.571910" lon="2.359496">
				<ele>171.000000</ele>
			</trkpt>
			<trkpt lat="39.571924" lon="2.359596">
				<ele>172.000000</ele>
			</trkpt>
			<trkpt lat="39.571834" lon="2.360009">
				<ele>173.000000</ele>
			</trkpt>
			<trkpt lat="39.571965" lon="2.360117">
				<ele>174.000000</ele>
			</trkpt>
			<trkpt lat="39.572007" lon="2.360207">
				<ele>174.000000</ele>
			</trkpt>
			<trkpt lat="39.572090" lon="2.360593">
				<ele>176.000000</ele>
			</trkpt>
			<trkpt lat="39.572138" lon="2.360718">
				<ele>176.000000</ele>
			</trkpt>
			<trkpt lat="39.572256" lon="2.360907">
				<ele>177.000000</ele>
			</trkpt>
			<trkpt lat="39.572346" lon="2.361096">
				<ele>178.000000</ele>
			</trkpt>
			<trkpt lat="39.572415" lon="2.361383">
				<ele>179.000000</ele>
			</trkpt>
			<trkpt lat="39.572582" lon="2.361850">
				<ele>182.000000</ele>
			</trkpt>
			<trkpt lat="39.572692" lon="2.362857">
				<ele>191.000000</ele>
			</trkpt>
			<trkpt lat="39.572692" lon="2.363188">
				<ele>193.000000</ele>
			</trkpt>
			<trkpt lat="39.572665" lon="2.363333">
				<ele>194.000000</ele>
			</trkpt>
			<trkpt lat="39.572575" lon="2.363414">
				<ele>195.000000</ele>
			</trkpt>
			<trkpt lat="39.572547" lon="2.363557">
				<ele>195.000000</ele>
			</trkpt>
			<trkpt lat="39.572582" lon="2.363800">
				<ele>197.000000</ele>
			</trkpt>
			<trkpt lat="39.572505" lon="2.363872">
				<ele>197.000000</ele>
			</trkpt>
			<trkpt lat="39.572429" lon="2.363943">
				<ele>198.000000</ele>
			</trkpt>
			<trkpt lat="39.572028" lon="2.364169">
				<ele>201.000000</ele>
			</trkpt>
			<trkpt lat="39.571945" lon="2.364267">
				<ele>202.000000</ele>
			</trkpt>
			<trkpt lat="39.571861" lon="2.364330">
				<ele>203.000000</ele>
			</trkpt>
			<trkpt lat="39.571647" lon="2.364402">
				<ele>205.000000</ele>
			</trkpt>
			<trkpt lat="39.571578" lon="2.364446">
				<ele>205.000000</ele>
			</trkpt>
			<trkpt lat="39.571501" lon="2.364546">
				<ele>206.000000</ele>
			</trkpt>
			<trkpt lat="39.571418" lon="2.364698">
				<ele>207.000000</ele>
			</trkpt>
			<trkpt lat="39.571411" lon="2.364806">
				<ele>208.000000</ele>
			</trkpt>
			<trkpt lat="39.571425" lon="2.364886">
				<ele>208.000000</ele>
			</trkpt>
			<trkpt lat="39.571453" lon="2.364949">
				<ele>209.000000</ele>
			</trkpt>
			<trkpt lat="39.571633" lon="2.365238">
				<ele>220.000000</ele>
			</trkpt>
			<trkpt lat="39.571654" lon="2.365183">
				<ele>220.000000</ele>
			</trkpt>
			<trkpt lat="39.571702" lon="2.365192">
				<ele>220.000000</ele>
			</trkpt>
			<trkpt lat="39.571792" lon="2.365318">
				<ele>220.000000</ele>
			</trkpt>
			<trkpt lat="39.571820" lon="2.365399">
				<ele>220.000000</ele>
			</trkpt>
			<trkpt lat="39.571820" lon="2.365498">
				<ele>220.000000</ele>
			</trkpt>
			<trkpt lat="39.571841" lon="2.365632">
				<ele>220.000000</ele>
			</trkpt>
			<trkpt lat="39.571882" lon="2.365749">
				<ele>220.000000</ele>
			</trkpt>
			<trkpt lat="39.571813" lon="2.365947">
				<ele>220.000000</ele>
			</trkpt>
			<trkpt lat="39.571792" lon="2.366154">
				<ele>220.000000</ele>
			</trkpt>
			<trkpt lat="39.571772" lon="2.366593">
				<ele>224.000000</ele>
			</trkpt>
			<trkpt lat="39.571716" lon="2.367016">
				<ele>227.000000</ele>
			</trkpt>
			<trkpt lat="39.571605" lon="2.367150">
				<ele>228.000000</ele>
			</trkpt>
			<trkpt lat="39.571501" lon="2.367150">
				<ele>229.000000</ele>
			</trkpt>
			<trkpt lat="39.571411" lon="2.367123">
				<ele>230.000000</ele>
			</trkpt>
			<trkpt lat="39.571383" lon="2.367169">
				<ele>230.000000</ele>
			</trkpt>
			<trkpt lat="39.571391" lon="2.367196">
				<ele>230.000000</ele>
			</trkpt>
			<trkpt lat="39.571481" lon="2.367295">
				<ele>230.000000</ele>
			</trkpt>
			<trkpt lat="39.571591" lon="2.367385">
				<ele>230.000000</ele>
			</trkpt>
			<trkpt lat="39.571647" lon="2.367501">
				<ele>230.000000</ele>
			</trkpt>
			<trkpt lat="39.571709" lon="2.367618">
				<ele>230.000000</ele>
			</trkpt>
			<trkpt lat="39.571681" lon="2.367779">
				<ele>230.000000</ele>
			</trkpt>
			<trkpt lat="39.571654" lon="2.367968">
				<ele>230.000000</ele>
			</trkpt>
			<trkpt lat="39.571674" lon="2.368094">
				<ele>230.000000</ele>
			</trkpt>
			<trkpt lat="39.571785" lon="2.368364">
				<ele>230.000000</ele>
			</trkpt>
			<trkpt lat="39.571945" lon="2.368704">
				<ele>230.000000</ele>
			</trkpt>
			<trkpt lat="39.571979" lon="2.368786">
				<ele>230.000000</ele>
			</trkpt>
			<trkpt lat="39.571993" lon="2.368876">
				<ele>230.000000</ele>
			</trkpt>
			<trkpt lat="39.571972" lon="2.368930">
				<ele>231.000000</ele>
			</trkpt>
			<trkpt lat="39.571910" lon="2.368957">
				<ele>232.000000</ele>
			</trkpt>
			<trkpt lat="39.571868" lon="2.369028">
				<ele>234.000000</ele>
			</trkpt>
			<trkpt lat="39.571737" lon="2.369180">
				<ele>239.000000</ele>
			</trkpt>
			<trkpt lat="39.571702" lon="2.369297">
				<ele>242.000000</ele>
			</trkpt>
			<trkpt lat="39.571668" lon="2.369360">
				<ele>243.000000</ele>
			</trkpt>
			<trkpt lat="39.571639" lon="2.369352">
				<ele>244.000000</ele>
			</trkpt>
			<trkpt lat="39.571626" lon="2.369324">
				<ele>245.000000</ele>
			</trkpt>
			<trkpt lat="39.571626" lon="2.369280">
				<ele>246.000000</ele>
			</trkpt>
			<trkpt lat="39.571612" lon="2.369244">
				<ele>246.000000</ele>
			</trkpt>
			<trkpt lat="39.571564" lon="2.369190">
				<ele>248.000000</ele>
			</trkpt>
			<trkpt lat="39.571501" lon="2.369244">
				<ele>250.000000</ele>
			</trkpt>
			<trkpt lat="39.571453" lon="2.369190">
				<ele>252.000000</ele>
			</trkpt>
			<trkpt lat="39.571356" lon="2.369020">
				<ele>257.000000</ele>
			</trkpt>
			<trkpt lat="39.571252" lon="2.368993">
				<ele>260.000000</ele>
			</trkpt>
			<trkpt lat="39.571238" lon="2.368893">
				<ele>260.000000</ele>
			</trkpt>
			<trkpt lat="39.571245" lon="2.368767">
				<ele>260.000000</ele>
			</trkpt>
			<trkpt lat="39.571210" lon="2.368696">
				<ele>260.000000</ele>
			</trkpt>
			<trkpt lat="39.571162" lon="2.368624">
				<ele>261.000000</ele>
			</trkpt>
			<trkpt lat="39.571141" lon="2.368561">
				<ele>263.000000</ele>
			</trkpt>
			<trkpt lat="39.571079" lon="2.368525">
				<ele>265.000000</ele>
			</trkpt>
			<trkpt lat="39.570996" lon="2.368507">
				<ele>268.000000</ele>
			</trkpt>
			<trkpt lat="39.570927" lon="2.368507">
				<ele>270.000000</ele>
			</trkpt>
			<trkpt lat="39.570940" lon="2.368588">
				<ele>272.000000</ele>
			</trkpt>
			<trkpt lat="39.570878" lon="2.368597">
				<ele>274.000000</ele>
			</trkpt>
			<trkpt lat="39.570829" lon="2.368678">
				<ele>277.000000</ele>
			</trkpt>
			<trkpt lat="39.570829" lon="2.368777">
				<ele>279.000000</ele>
			</trkpt>
			<trkpt lat="39.570774" lon="2.368821">
				<ele>282.000000</ele>
			</trkpt>
			<trkpt lat="39.570719" lon="2.368848">
				<ele>285.000000</ele>
			</trkpt>
			<trkpt lat="39.570712" lon="2.368938">
				<ele>289.000000</ele>
			</trkpt>
			<trkpt lat="39.570698" lon="2.368983">
				<ele>290.000000</ele>
			</trkpt>
			<trkpt lat="39.570691" lon="2.369028">
				<ele>290.000000</ele>
			</trkpt>
			<trkpt lat="39.570636" lon="2.369037">
				<ele>290.000000</ele>
			</trkpt>
			<trkpt lat="39.570594" lon="2.369037">
				<ele>290.000000</ele>
			</trkpt>
			<trkpt lat="39.570573" lon="2.369020">
				<ele>290.000000</ele>
			</trkpt>
			<trkpt lat="39.570539" lon="2.368938">
				<ele>290.000000</ele>
			</trkpt>
			<trkpt lat="39.570504" lon="2.368911">
				<ele>290.000000</ele>
			</trkpt>
			<trkpt lat="39.570483" lon="2.368848">
				<ele>290.000000</ele>
			</trkpt>
			<trkpt lat="39.570449" lon="2.368741">
				<ele>290.000000</ele>
			</trkpt>
			<trkpt lat="39.570394" lon="2.368633">
				<ele>290.000000</ele>
			</trkpt>
			<trkpt lat="39.570338" lon="2.368498">
				<ele>290.000000</ele>
			</trkpt>
			<trkpt lat="39.570241" lon="2.368354">
				<ele>290.000000</ele>
			</trkpt>
			<trkpt lat="39.570137" lon="2.368102">
				<ele>290.000000</ele>
			</trkpt>
			<trkpt lat="39.570109" lon="2.367959">
				<ele>290.000000</ele>
			</trkpt>
			<trkpt lat="39.570061" lon="2.367914">
				<ele>290.000000</ele>
			</trkpt>
			<trkpt lat="39.569985" lon="2.367977">
				<ele>290.000000</ele>
			</trkpt>
			<trkpt lat="39.569874" lon="2.367959">
				<ele>290.000000</ele>
			</trkpt>
			<trkpt lat="39.569798" lon="2.367878">
				<ele>290.000000</ele>
			</trkpt>
			<trkpt lat="39.569701" lon="2.367842">
				<ele>290.000000</ele>
			</trkpt>
			<trkpt lat="39.569590" lon="2.367825">
				<ele>290.000000</ele>
			</trkpt>
			<trkpt lat="39.569562" lon="2.367752">
				<ele>290.000000</ele>
			</trkpt>
			<trkpt lat="39.569445" lon="2.367735">
				<ele>290.000000</ele>
			</trkpt>
			<trkpt lat="39.569507" lon="2.367869">
				<ele>290.000000</ele>
			</trkpt>
			<trkpt lat="39.569611" lon="2.368012">
				<ele>290.000000</ele>
			</trkpt>
			<trkpt lat="39.569819" lon="2.368372">
				<ele>290.000000</ele>
			</trkpt>
			<trkpt lat="39.569930" lon="2.368723">
				<ele>290.000000</ele>
			</trkpt>
			<trkpt lat="39.569957" lon="2.368876">
				<ele>290.000000</ele>
			</trkpt>
			<trkpt lat="39.569992" lon="2.369091">
				<ele>290.000000</ele>
			</trkpt>
			<trkpt lat="39.569992" lon="2.369234">
				<ele>290.000000</ele>
			</trkpt>
			<trkpt lat="39.570026" lon="2.369406">
				<ele>290.000000</ele>
			</trkpt>
			<trkpt lat="39.570109" lon="2.369720">
				<ele>290.000000</ele>
			</trkpt>
			<trkpt lat="39.570227" lon="2.369918">
				<ele>290.000000</ele>
			</trkpt>
			<trkpt lat="39.570296" lon="2.370142">
				<ele>290.000000</ele>
			</trkpt>
			<trkpt lat="39.570290" lon="2.370241">
				<ele>290.000000</ele>
			</trkpt>
			<trkpt lat="39.570248" lon="2.370366">
				<ele>290.000000</ele>
			</trkpt>
			<trkpt lat="39.570192" lon="2.370501">
				<ele>290.000000</ele>
			</trkpt>
			<trkpt lat="39.570151" lon="2.370555">
				<ele>290.000000</ele>
			</trkpt>
			<trkpt lat="39.569874" lon="2.371058">
				<ele>290.000000</ele>
			</trkpt>
			<trkpt lat="39.569569" lon="2.371633">
				<ele>290.000000</ele>
			</trkpt>
			<trkpt lat="39.569528" lon="2.371723">
				<ele>290.000000</ele>
			</trkpt>
			<trkpt lat="39.569486" lon="2.371920">
				<ele>290.000000</ele>
			</trkpt>
			<trkpt lat="39.569272" lon="2.372190">
				<ele>290.000000</ele>
			</trkpt>
			<trkpt lat="39.569112" lon="2.372603">
				<ele>290.000000</ele>
			</trkpt>
			<trkpt lat="39.569050" lon="2.372702">
				<ele>290.000000</ele>
			</trkpt>
			<trkpt lat="39.568814" lon="2.372864">
				<ele>290.000000</ele>
			</trkpt>
			<trkpt lat="39.568704" lon="2.373035">
				<ele>290.000000</ele>
			</trkpt>
			<trkpt lat="39.568627" lon="2.373188">
				<ele>290.000000</ele>
			</trkpt>
			<trkpt lat="39.568537" lon="2.373312">
				<ele>289.000000</ele>
			</trkpt>
			<trkpt lat="39.568496" lon="2.373367">
				<ele>289.000000</ele>
			</trkpt>
			<trkpt lat="39.568427" lon="2.373394">
				<ele>288.000000</ele>
			</trkpt>
			<trkpt lat="39.568371" lon="2.373349">
				<ele>288.000000</ele>
			</trkpt>
			<trkpt lat="39.568358" lon="2.373079">
				<ele>287.000000</ele>
			</trkpt>
			<trkpt lat="39.568330" lon="2.372855">
				<ele>286.000000</ele>
			</trkpt>
			<trkpt lat="39.568275" lon="2.372775">
				<ele>286.000000</ele>
			</trkpt>
			<trkpt lat="39.568233" lon="2.372775">
				<ele>286.000000</ele>
			</trkpt>
			<trkpt lat="39.568184" lon="2.372809">
				<ele>286.000000</ele>
			</trkpt>
			<trkpt lat="39.568163" lon="2.372882">
				<ele>285.000000</ele>
			</trkpt>
			<trkpt lat="39.568198" lon="2.373025">
				<ele>285.000000</ele>
			</trkpt>
			<trkpt lat="39.568191" lon="2.373232">
				<ele>284.000000</ele>
			</trkpt>
			<trkpt lat="39.568261" lon="2.373654">
				<ele>283.000000</ele>
			</trkpt>
			<trkpt lat="39.568219" lon="2.373807">
				<ele>282.000000</ele>
			</trkpt>
			<trkpt lat="39.568129" lon="2.373933">
				<ele>282.000000</ele>
			</trkpt>
			<trkpt lat="39.567921" lon="2.374014">
				<ele>281.000000</ele>
			</trkpt>
			<trkpt lat="39.567416" lon="2.374257">
				<ele>276.000000</ele>
			</trkpt>
			<trkpt lat="39.567284" lon="2.374320">
				<ele>275.000000</ele>
			</trkpt>
			<trkpt lat="39.567201" lon="2.374409">
				<ele>274.000000</ele>
			</trkpt>
			<trkpt lat="39.567201" lon="2.374391">
				<ele>273.000000</ele>
			</trkpt>
			<trkpt lat="39.567222" lon="2.374337">
				<ele>273.000000</ele>
			</trkpt>
			<trkpt lat="39.567353" lon="2.374130">
				<ele>271.000000</ele>
			</trkpt>
			<trkpt lat="39.567388" lon="2.374086">
				<ele>270.000000</ele>
			</trkpt>
			<trkpt lat="39.567381" lon="2.374014">
				<ele>269.000000</ele>
			</trkpt>
			<trkpt lat="39.567360" lon="2.373978">
				<ele>268.000000</ele>
			</trkpt>
			<trkpt lat="39.567312" lon="2.373968">
				<ele>267.000000</ele>
			</trkpt>
			<trkpt lat="39.567236" lon="2.374004">
				<ele>264.000000</ele>
			</trkpt>
			<trkpt lat="39.567097" lon="2.373951">
				<ele>261.000000</ele>
			</trkpt>
			<trkpt lat="39.567014" lon="2.373852">
				<ele>258.000000</ele>
			</trkpt>
			<trkpt lat="39.566931" lon="2.373825">
				<ele>257.000000</ele>
			</trkpt>
			<trkpt lat="39.566793" lon="2.373852">
				<ele>254.000000</ele>
			</trkpt>
			<trkpt lat="39.566654" lon="2.373807">
				<ele>251.000000</ele>
			</trkpt>
			<trkpt lat="39.566612" lon="2.373754">
				<ele>250.000000</ele>
			</trkpt>
			<trkpt lat="39.566695" lon="2.373528">
				<ele>246.000000</ele>
			</trkpt>
			<trkpt lat="39.566820" lon="2.373367">
				<ele>242.000000</ele>
			</trkpt>
			<trkpt lat="39.566799" lon="2.373312">
				<ele>242.000000</ele>
			</trkpt>
			<trkpt lat="39.566765" lon="2.373312">
				<ele>241.000000</ele>
			</trkpt>
			<trkpt lat="39.566689" lon="2.373312">
				<ele>240.000000</ele>
			</trkpt>
			<trkpt lat="39.566564" lon="2.373438">
				<ele>240.000000</ele>
			</trkpt>
			<trkpt lat="39.566433" lon="2.373385">
				<ele>238.000000</ele>
			</trkpt>
			<trkpt lat="39.566356" lon="2.373394">
				<ele>236.000000</ele>
			</trkpt>
			<trkpt lat="39.566086" lon="2.373025">
				<ele>227.000000</ele>
			</trkpt>
			<trkpt lat="39.565719" lon="2.372783">
				<ele>218.000000</ele>
			</trkpt>
			<trkpt lat="39.565594" lon="2.372612">
				<ele>214.000000</ele>
			</trkpt>
			<trkpt lat="39.565428" lon="2.372433">
				<ele>210.000000</ele>
			</trkpt>
			<trkpt lat="39.565359" lon="2.372244">
				<ele>206.000000</ele>
			</trkpt>
			<trkpt lat="39.565324" lon="2.372037">
				<ele>203.000000</ele>
			</trkpt>
			<trkpt lat="39.565026" lon="2.371570">
				<ele>195.000000</ele>
			</trkpt>
			<trkpt lat="39.564860" lon="2.371400">
				<ele>191.000000</ele>
			</trkpt>
			<trkpt lat="39.564577" lon="2.371238">
				<ele>186.000000</ele>
			</trkpt>
			<trkpt lat="39.564279" lon="2.371121">
				<ele>179.000000</ele>
			</trkpt>
			<trkpt lat="39.563994" lon="2.370878">
				<ele>169.000000</ele>
			</trkpt>
			<trkpt lat="39.563828" lon="2.370662">
				<ele>160.000000</ele>
			</trkpt>
			<trkpt lat="39.563766" lon="2.370636">
				<ele>160.000000</ele>
			</trkpt>
			<trkpt lat="39.563718" lon="2.370645">
				<ele>160.000000</ele>
			</trkpt>
			<trkpt lat="39.563551" lon="2.370851">
				<ele>160.000000</ele>
			</trkpt>
			<trkpt lat="39.563372" lon="2.370987">
				<ele>160.000000</ele>
			</trkpt>
			<trkpt lat="39.563282" lon="2.371148">
				<ele>160.000000</ele>
			</trkpt>
			<trkpt lat="39.563219" lon="2.371328">
				<ele>160.000000</ele>
			</trkpt>
			<trkpt lat="39.563164" lon="2.371597">
				<ele>160.000000</ele>
			</trkpt>
			<trkpt lat="39.563143" lon="2.371643">
				<ele>160.000000</ele>
			</trkpt>
			<trkpt lat="39.563108" lon="2.371678">
				<ele>160.000000</ele>
			</trkpt>
			<trkpt lat="39.562928" lon="2.371678">
				<ele>159.000000</ele>
			</trkpt>
			<trkpt lat="39.562810" lon="2.371723">
				<ele>157.000000</ele>
			</trkpt>
			<trkpt lat="39.562623" lon="2.371957">
				<ele>153.000000</ele>
			</trkpt>
			<trkpt lat="39.562533" lon="2.371993">
				<ele>151.000000</ele>
			</trkpt>
			<trkpt lat="39.562194" lon="2.371794">
				<ele>139.000000</ele>
			</trkpt>
			<trkpt lat="39.562069" lon="2.371822">
				<ele>138.000000</ele>
			</trkpt>
			<trkpt lat="39.561959" lon="2.371920">
				<ele>136.000000</ele>
			</trkpt>
			<trkpt lat="39.561765" lon="2.372253">
				<ele>133.000000</ele>
			</trkpt>
			<trkpt lat="39.561640" lon="2.372316">
				<ele>132.000000</ele>
			</trkpt>
			<trkpt lat="39.561488" lon="2.372280">
				<ele>130.000000</ele>
			</trkpt>
			<trkpt lat="39.561328" lon="2.372209">
				<ele>125.000000</ele>
			</trkpt>
			<trkpt lat="39.561086" lon="2.371974">
				<ele>120.000000</ele>
			</trkpt>
			<trkpt lat="39.561024" lon="2.371957">
				<ele>120.000000</ele>
			</trkpt>
			<trkpt lat="39.560982" lon="2.371993">
				<ele>120.000000</ele>
			</trkpt>
			<trkpt lat="39.560941" lon="2.372109">
				<ele>120.000000</ele>
			</trkpt>
			<trkpt lat="39.560871" lon="2.372181">
				<ele>120.000000</ele>
			</trkpt>
			<trkpt lat="39.560740" lon="2.372253">
				<ele>120.000000</ele>
			</trkpt>
			<trkpt lat="39.560671" lon="2.372289">
				<ele>120.000000</ele>
			</trkpt>
			<trkpt lat="39.560553" lon="2.372396">
				<ele>120.000000</ele>
			</trkpt>
			<trkpt lat="39.560456" lon="2.372415">
				<ele>120.000000</ele>
			</trkpt>
			<trkpt lat="39.560394" lon="2.372360">
				<ele>120.000000</ele>
			</trkpt>
			<trkpt lat="39.560103" lon="2.372083">
				<ele>120.000000</ele>
			</trkpt>
			<trkpt lat="39.560054" lon="2.372056">
				<ele>119.000000</ele>
			</trkpt>
			<trkpt lat="39.559916" lon="2.372002">
				<ele>120.000000</ele>
			</trkpt>
			<trkpt lat="39.559812" lon="2.371957">
				<ele>120.000000</ele>
			</trkpt>
			<trkpt lat="39.559763" lon="2.371894">
				<ele>120.000000</ele>
			</trkpt>
			<trkpt lat="39.559708" lon="2.371750">
				<ele>120.000000</ele>
			</trkpt>
			<trkpt lat="39.559562" lon="2.371318">
				<ele>120.000000</ele>
			</trkpt>
			<trkpt lat="39.559493" lon="2.371193">
				<ele>120.000000</ele>
			</trkpt>
			<trkpt lat="39.559362" lon="2.371014">
				<ele>120.000000</ele>
			</trkpt>
			<trkpt lat="39.559334" lon="2.370941">
				<ele>120.000000</ele>
			</trkpt>
			<trkpt lat="39.559272" lon="2.370601">
				<ele>120.000000</ele>
			</trkpt>
			<trkpt lat="39.559230" lon="2.370519">
				<ele>120.000000</ele>
			</trkpt>
			<trkpt lat="39.559133" lon="2.370421">
				<ele>120.000000</ele>
			</trkpt>
			<trkpt lat="39.558773" lon="2.370196">
				<ele>122.000000</ele>
			</trkpt>
			<trkpt lat="39.558510" lon="2.369918">
				<ele>125.000000</ele>
			</trkpt>
			<trkpt lat="39.558323" lon="2.369783">
				<ele>127.000000</ele>
			</trkpt>
			<trkpt lat="39.558232" lon="2.369746">
				<ele>128.000000</ele>
			</trkpt>
			<trkpt lat="39.558170" lon="2.369729">
				<ele>128.000000</ele>
			</trkpt>
			<trkpt lat="39.558094" lon="2.369738">
				<ele>129.000000</ele>
			</trkpt>
			<trkpt lat="39.558074" lon="2.369882">
				<ele>131.000000</ele>
			</trkpt>
			<trkpt lat="39.558122" lon="2.370312">
				<ele>143.000000</ele>
			</trkpt>
			<trkpt lat="39.558108" lon="2.370366">
				<ele>144.000000</ele>
			</trkpt>
			<trkpt lat="39.558066" lon="2.370438">
				<ele>146.000000</ele>
			</trkpt>
			<trkpt lat="39.557727" lon="2.370618">
				<ele>151.000000</ele>
			</trkpt>
			<trkpt lat="39.557616" lon="2.370654">
				<ele>152.000000</ele>
			</trkpt>
			<trkpt lat="39.557561" lon="2.370645">
				<ele>152.000000</ele>
			</trkpt>
			<trkpt lat="39.557215" lon="2.370438">
				<ele>154.000000</ele>
			</trkpt>
			<trkpt lat="39.556979" lon="2.370349">
				<ele>156.000000</ele>
			</trkpt>
			<trkpt lat="39.556875" lon="2.370339">
				<ele>156.000000</ele>
			</trkpt>
			<trkpt lat="39.556716" lon="2.370366">
				<ele>157.000000</ele>
			</trkpt>
			<trkpt lat="39.556301" lon="2.370394">
				<ele>159.000000</ele>
			</trkpt>
			<trkpt lat="39.556176" lon="2.370385">
				<ele>160.000000</ele>
			</trkpt>
			<trkpt lat="39.556037" lon="2.370339">
				<ele>158.000000</ele>
			</trkpt>
			<trkpt lat="39.555878" lon="2.370241">
				<ele>155.000000</ele>
			</trkpt>
			<trkpt lat="39.555677" lon="2.370062">
				<ele>151.000000</ele>
			</trkpt>
			<trkpt lat="39.555546" lon="2.369980">
				<ele>150.000000</ele>
			</trkpt>
			<trkpt lat="39.555469" lon="2.369962">
				<ele>150.000000</ele>
			</trkpt>
			<trkpt lat="39.555393" lon="2.369980">
				<ele>150.000000</ele>
			</trkpt>
			<trkpt lat="39.555324" lon="2.370035">
				<ele>150.000000</ele>
			</trkpt>
			<trkpt lat="39.555192" lon="2.370223">
				<ele>150.000000</ele>
			</trkpt>
			<trkpt lat="39.555130" lon="2.370375">
				<ele>152.000000</ele>
			</trkpt>
			<trkpt lat="39.555095" lon="2.370555">
				<ele>154.000000</ele>
			</trkpt>
			<trkpt lat="39.555088" lon="2.370672">
				<ele>156.000000</ele>
			</trkpt>
			<trkpt lat="39.555123" lon="2.370842">
				<ele>159.000000</ele>
			</trkpt>
			<trkpt lat="39.555178" lon="2.370978">
				<ele>160.000000</ele>
			</trkpt>
			<trkpt lat="39.555220" lon="2.371085">
				<ele>160.000000</ele>
			</trkpt>
			<trkpt lat="39.555240" lon="2.371247">
				<ele>161.000000</ele>
			</trkpt>
			<trkpt lat="39.555213" lon="2.371507">
				<ele>161.000000</ele>
			</trkpt>
			<trkpt lat="39.555206" lon="2.371561">
				<ele>162.000000</ele>
			</trkpt>
			<trkpt lat="39.555171" lon="2.371633">
				<ele>162.000000</ele>
			</trkpt>
			<trkpt lat="39.555088" lon="2.371696">
				<ele>162.000000</ele>
			</trkpt>
			<trkpt lat="39.554839" lon="2.371660">
				<ele>163.000000</ele>
			</trkpt>
			<trkpt lat="39.554763" lon="2.371660">
				<ele>163.000000</ele>
			</trkpt>
			<trkpt lat="39.554714" lon="2.371723">
				<ele>163.000000</ele>
			</trkpt>
			<trkpt lat="39.555067" lon="2.371930">
				<ele>165.000000</ele>
			</trkpt>
			<trkpt lat="39.555151" lon="2.371957">
				<ele>165.000000</ele>
			</trkpt>
			<trkpt lat="39.555220" lon="2.371983">
				<ele>165.000000</ele>
			</trkpt>
			<trkpt lat="39.555317" lon="2.372073">
				<ele>165.000000</ele>
			</trkpt>
			<trkpt lat="39.555400" lon="2.372136">
				<ele>166.000000</ele>
			</trkpt>
			<trkpt lat="39.555601" lon="2.372289">
				<ele>164.000000</ele>
			</trkpt>
			<trkpt lat="39.555684" lon="2.372360">
				<ele>163.000000</ele>
			</trkpt>
			<trkpt lat="39.555739" lon="2.372415">
				<ele>163.000000</ele>
			</trkpt>
			<trkpt lat="39.555788" lon="2.372478">
				<ele>162.000000</ele>
			</trkpt>
			<trkpt lat="39.555802" lon="2.372513">
				<ele>162.000000</ele>
			</trkpt>
			<trkpt lat="39.555808" lon="2.372568">
				<ele>162.000000</ele>
			</trkpt>
			<trkpt lat="39.555808" lon="2.372612">
				<ele>161.000000</ele>
			</trkpt>
			<trkpt lat="39.555802" lon="2.372657">
				<ele>161.000000</ele>
			</trkpt>
			<trkpt lat="39.555739" lon="2.372756">
				<ele>160.000000</ele>
			</trkpt>
			<trkpt lat="39.555691" lon="2.372783">
				<ele>160.000000</ele>
			</trkpt>
			<trkpt lat="39.555642" lon="2.372809">
				<ele>160.000000</ele>
			</trkpt>
			<trkpt lat="39.555580" lon="2.372828">
				<ele>159.000000</ele>
			</trkpt>
			<trkpt lat="39.555483" lon="2.372846">
				<ele>158.000000</ele>
			</trkpt>
			<trkpt lat="39.555421" lon="2.372846">
				<ele>157.000000</ele>
			</trkpt>
			<trkpt lat="39.554992" lon="2.372792">
				<ele>153.000000</ele>
			</trkpt>
			<trkpt lat="39.554971" lon="2.372792">
				<ele>152.000000</ele>
			</trkpt>
			<trkpt lat="39.554888" lon="2.372792">
				<ele>152.000000</ele>
			</trkpt>
			<trkpt lat="39.554805" lon="2.372809">
				<ele>151.000000</ele>
			</trkpt>
			<trkpt lat="39.554714" lon="2.372962">
				<ele>148.000000</ele>
			</trkpt>
			<trkpt lat="39.554680" lon="2.373079">
				<ele>147.000000</ele>
			</trkpt>
			<trkpt lat="39.554908" lon="2.373098">
				<ele>144.000000</ele>
			</trkpt>
			<trkpt lat="39.554867" lon="2.373169">
				<ele>143.000000</ele>
			</trkpt>
			<trkpt lat="39.554756" lon="2.373312">
				<ele>140.000000</ele>
			</trkpt>
			<trkpt lat="39.554672" lon="2.373448">
				<ele>137.000000</ele>
			</trkpt>
			<trkpt lat="39.554631" lon="2.373637">
				<ele>133.000000</ele>
			</trkpt>
			<trkpt lat="39.554597" lon="2.373717">
				<ele>131.000000</ele>
			</trkpt>
			<trkpt lat="39.554527" lon="2.373907">
				<ele>126.000000</ele>
			</trkpt>
			<trkpt lat="39.554541" lon="2.373960">
				<ele>126.000000</ele>
			</trkpt>
			<trkpt lat="39.554527" lon="2.374023">
				<ele>125.000000</ele>
			</trkpt>
			<trkpt lat="39.554493" lon="2.374067">
				<ele>125.000000</ele>
			</trkpt>
			<trkpt lat="39.554437" lon="2.374104">
				<ele>124.000000</ele>
			</trkpt>
			<trkpt lat="39.554181" lon="2.374130">
				<ele>121.000000</ele>
			</trkpt>
			<trkpt lat="39.554119" lon="2.374148">
				<ele>121.000000</ele>
			</trkpt>
			<trkpt lat="39.554070" lon="2.374184">
				<ele>120.000000</ele>
			</trkpt>
			<trkpt lat="39.554029" lon="2.374247">
				<ele>119.000000</ele>
			</trkpt>
			<trkpt lat="39.554001" lon="2.374320">
				<ele>117.000000</ele>
			</trkpt>
			<trkpt lat="39.553779" lon="2.375109">
				<ele>99.000000</ele>
			</trkpt>
			<trkpt lat="39.553724" lon="2.375245">
				<ele>98.000000</ele>
			</trkpt>
			<trkpt lat="39.553661" lon="2.375289">
				<ele>97.000000</ele>
			</trkpt>
			<trkpt lat="39.553599" lon="2.375299">
				<ele>96.000000</ele>
			</trkpt>
			<trkpt lat="39.553398" lon="2.375272">
				<ele>93.000000</ele>
			</trkpt>
			<trkpt lat="39.553301" lon="2.375272">
				<ele>92.000000</ele>
			</trkpt>
			<trkpt lat="39.553260" lon="2.375299">
				<ele>91.000000</ele>
			</trkpt>
			<trkpt lat="39.553239" lon="2.375379">
				<ele>90.000000</ele>
			</trkpt>
			<trkpt lat="39.553232" lon="2.375478">
				<ele>89.000000</ele>
			</trkpt>
			<trkpt lat="39.553246" lon="2.375604">
				<ele>88.000000</ele>
			</trkpt>
			<trkpt lat="39.553294" lon="2.375765">
				<ele>86.000000</ele>
			</trkpt>
			<trkpt lat="39.553309" lon="2.375802">
				<ele>85.000000</ele>
			</trkpt>
			<trkpt lat="39.553384" lon="2.375928">
				<ele>84.000000</ele>
			</trkpt>
			<trkpt lat="39.553419" lon="2.376017">
				<ele>82.000000</ele>
			</trkpt>
			<trkpt lat="39.553426" lon="2.376115">
				<ele>81.000000</ele>
			</trkpt>
			<trkpt lat="39.553426" lon="2.376188">
				<ele>81.000000</ele>
			</trkpt>
			<trkpt lat="39.553398" lon="2.376268">
				<ele>79.000000</ele>
			</trkpt>
			<trkpt lat="39.553364" lon="2.376350">
				<ele>78.000000</ele>
			</trkpt>
			<trkpt lat="39.553309" lon="2.376448">
				<ele>77.000000</ele>
			</trkpt>
			<trkpt lat="39.553211" lon="2.376557">
				<ele>75.000000</ele>
			</trkpt>
			<trkpt lat="39.553114" lon="2.376646">
				<ele>73.000000</ele>
			</trkpt>
			<trkpt lat="39.553010" lon="2.376736">
				<ele>70.000000</ele>
			</trkpt>
			<trkpt lat="39.552914" lon="2.376817">
				<ele>70.000000</ele>
			</trkpt>
			<trkpt lat="39.552643" lon="2.376943">
				<ele>68.000000</ele>
			</trkpt>
			<trkpt lat="39.552602" lon="2.376978">
				<ele>68.000000</ele>
			</trkpt>
			<trkpt lat="39.552574" lon="2.377023">
				<ele>68.000000</ele>
			</trkpt>
			<trkpt lat="39.552560" lon="2.377077">
				<ele>68.000000</ele>
			</trkpt>
			<trkpt lat="39.552560" lon="2.377149">
				<ele>67.000000</ele>
			</trkpt>
			<trkpt lat="39.552595" lon="2.377194">
				<ele>67.000000</ele>
			</trkpt>
			<trkpt lat="39.552623" lon="2.377230">
				<ele>67.000000</ele>
			</trkpt>
			<trkpt lat="39.552671" lon="2.377247">
				<ele>67.000000</ele>
			</trkpt>
			<trkpt lat="39.553031" lon="2.377283">
				<ele>65.000000</ele>
			</trkpt>
			<trkpt lat="39.553537" lon="2.377383">
				<ele>63.000000</ele>
			</trkpt>
			<trkpt lat="39.553613" lon="2.377392">
				<ele>63.000000</ele>
			</trkpt>
			<trkpt lat="39.553703" lon="2.377427">
				<ele>62.000000</ele>
			</trkpt>
			<trkpt lat="39.553765" lon="2.377463">
				<ele>62.000000</ele>
			</trkpt>
			<trkpt lat="39.553814" lon="2.377526">
				<ele>62.000000</ele>
			</trkpt>
			<trkpt lat="39.553814" lon="2.377580">
				<ele>61.000000</ele>
			</trkpt>
			<trkpt lat="39.553793" lon="2.377652">
				<ele>61.000000</ele>
			</trkpt>
			<trkpt lat="39.553731" lon="2.377715">
				<ele>61.000000</ele>
			</trkpt>
			<trkpt lat="39.553661" lon="2.377723">
				<ele>60.000000</ele>
			</trkpt>
			<trkpt lat="39.553557" lon="2.377688">
				<ele>60.000000</ele>
			</trkpt>
			<trkpt lat="39.553509" lon="2.377679">
				<ele>59.000000</ele>
			</trkpt>
			<trkpt lat="39.553329" lon="2.377688">
				<ele>57.000000</ele>
			</trkpt>
			<trkpt lat="39.552747" lon="2.377849">
				<ele>51.000000</ele>
			</trkpt>
			<trkpt lat="39.552637" lon="2.377922">
				<ele>50.000000</ele>
			</trkpt>
			<trkpt lat="39.552595" lon="2.378029">
				<ele>49.000000</ele>
			</trkpt>
			<trkpt lat="39.552623" lon="2.378119">
				<ele>48.000000</ele>
			</trkpt>
			<trkpt lat="39.552699" lon="2.378155">
				<ele>48.000000</ele>
			</trkpt>
			<trkpt lat="39.552789" lon="2.378173">
				<ele>47.000000</ele>
			</trkpt>
			<trkpt lat="39.552955" lon="2.378173">
				<ele>46.000000</ele>
			</trkpt>
			<trkpt lat="39.553010" lon="2.378209">
				<ele>46.000000</ele>
			</trkpt>
			<trkpt lat="39.553031" lon="2.378272">
				<ele>45.000000</ele>
			</trkpt>
			<trkpt lat="39.553003" lon="2.378352">
				<ele>45.000000</ele>
			</trkpt>
			<trkpt lat="39.552934" lon="2.378371">
				<ele>44.000000</ele>
			</trkpt>
			<trkpt lat="39.552616" lon="2.378316">
				<ele>42.000000</ele>
			</trkpt>
			<trkpt lat="39.552519" lon="2.378325">
				<ele>41.000000</ele>
			</trkpt>
			<trkpt lat="39.552421" lon="2.378388">
				<ele>41.000000</ele>
			</trkpt>
			<trkpt lat="39.552311" lon="2.378496">
				<ele>40.000000</ele>
			</trkpt>
			<trkpt lat="39.552221" lon="2.378578">
				<ele>40.000000</ele>
			</trkpt>
			<trkpt lat="39.552152" lon="2.378649">
				<ele>40.000000</ele>
			</trkpt>
			<trkpt lat="39.552117" lon="2.378712">
				<ele>40.000000</ele>
			</trkpt>
			<trkpt lat="39.552110" lon="2.378775">
				<ele>40.000000</ele>
			</trkpt>
			<trkpt lat="39.552152" lon="2.378820">
				<ele>40.000000</ele>
			</trkpt>
			<trkpt lat="39.552214" lon="2.378820">
				<ele>40.000000</ele>
			</trkpt>
			<trkpt lat="39.552269" lon="2.378792">
				<ele>40.000000</ele>
			</trkpt>
			<trkpt lat="39.552463" lon="2.378739">
				<ele>40.000000</ele>
			</trkpt>
			<trkpt lat="39.552637" lon="2.378730">
				<ele>40.000000</ele>
			</trkpt>
			<trkpt lat="39.552664" lon="2.378748">
				<ele>40.000000</ele>
			</trkpt>
			<trkpt lat="39.552720" lon="2.378784">
				<ele>40.000000</ele>
			</trkpt>
			<trkpt lat="39.552747" lon="2.378865">
				<ele>40.000000</ele>
			</trkpt>
			<trkpt lat="39.552754" lon="2.378882">
				<ele>40.000000</ele>
			</trkpt>
			<trkpt lat="39.552747" lon="2.378972">
				<ele>40.000000</ele>
			</trkpt>
			<trkpt lat="39.552560" lon="2.379207">
				<ele>39.000000</ele>
			</trkpt>
			<trkpt lat="39.552290" lon="2.379566">
				<ele>36.000000</ele>
			</trkpt>
			<trkpt lat="39.552027" lon="2.380060">
				<ele>34.000000</ele>
			</trkpt>
			<trkpt lat="39.551971" lon="2.380266">
				<ele>33.000000</ele>
			</trkpt>
			<trkpt lat="39.551882" lon="2.380373">
				<ele>32.000000</ele>
			</trkpt>
			<trkpt lat="39.551853" lon="2.380410">
				<ele>32.000000</ele>
			</trkpt>
			<trkpt lat="39.551334" lon="2.380662">
				<ele>28.000000</ele>
			</trkpt>
			<trkpt lat="39.550877" lon="2.380895">
				<ele>24.000000</ele>
			</trkpt>
			<trkpt lat="39.550725" lon="2.380975">
				<ele>22.000000</ele>
			</trkpt>
			<trkpt lat="39.550489" lon="2.381039">
				<ele>20.000000</ele>
			</trkpt>
			<trkpt lat="39.550420" lon="2.381056">
				<ele>20.000000</ele>
			</trkpt>
			<trkpt lat="39.550351" lon="2.381084">
				<ele>20.000000</ele>
			</trkpt>
			<trkpt lat="39.550282" lon="2.381155">
				<ele>19.000000</ele>
			</trkpt>
			<trkpt lat="39.550205" lon="2.381228">
				<ele>19.000000</ele>
			</trkpt>
			<trkpt lat="39.550150" lon="2.381371">
				<ele>18.000000</ele>
			</trkpt>
			<trkpt lat="39.549983" lon="2.381865">
				<ele>17.000000</ele>
			</trkpt>
			<trkpt lat="39.549921" lon="2.382180">
				<ele>16.000000</ele>
			</trkpt>
			<trkpt lat="39.549908" lon="2.382278">
				<ele>16.000000</ele>
			</trkpt>
			<trkpt lat="39.549817" lon="2.382952">
				<ele>14.000000</ele>
			</trkpt>
			<trkpt lat="39.549810" lon="2.382997">
				<ele>14.000000</ele>
			</trkpt>
			<trkpt lat="39.549775" lon="2.383482">
				<ele>12.000000</ele>
			</trkpt>
			<trkpt lat="39.549755" lon="2.383679">
				<ele>12.000000</ele>
			</trkpt>
			<trkpt lat="39.549748" lon="2.383698">
				<ele>12.000000</ele>
			</trkpt>
			<trkpt lat="39.549735" lon="2.383734">
				<ele>12.000000</ele>
			</trkpt>
			<trkpt lat="39.549700" lon="2.383715">
				<ele>12.000000</ele>
			</trkpt>
			<trkpt lat="39.549665" lon="2.383715">
				<ele>12.000000</ele>
			</trkpt>
			<trkpt lat="39.549145" lon="2.383985">
				<ele>10.000000</ele>
			</trkpt>
			<trkpt lat="39.548730" lon="2.384111">
				<ele>10.000000</ele>
			</trkpt>
			<trkpt lat="39.548072" lon="2.384281">
				<ele>10.000000</ele>
			</trkpt>
			<trkpt lat="39.548037" lon="2.384155">
				<ele>10.000000</ele>
			</trkpt>
			<trkpt lat="39.547996" lon="2.384174">
				<ele>10.000000</ele>
			</trkpt>
			<trkpt lat="39.548017" lon="2.384300">
				<ele>10.000000</ele>
			</trkpt>
			<trkpt lat="39.548017" lon="2.384470">
				<ele>10.000000</ele>
			</trkpt>
			<trkpt lat="39.548044" lon="2.384658">
				<ele>10.000000</ele>
			</trkpt>
			<trkpt lat="39.548092" lon="2.384820">
				<ele>10.000000</ele>
			</trkpt>
			<trkpt lat="39.548245" lon="2.385126">
				<ele>10.000000</ele>
			</trkpt>
			<trkpt lat="39.548273" lon="2.385243">
				<ele>10.000000</ele>
			</trkpt>
			<trkpt lat="39.548294" lon="2.385404">
				<ele>10.000000</ele>
			</trkpt>
			<trkpt lat="39.548335" lon="2.385683">
				<ele>10.000000</ele>
			</trkpt>
			<trkpt lat="39.548342" lon="2.386258">
				<ele>10.000000</ele>
			</trkpt>
			<trkpt lat="39.548335" lon="2.386950">
				<ele>10.000000</ele>
			</trkpt>
			<trkpt lat="39.548273" lon="2.387461">
				<ele>10.000000</ele>
			</trkpt>
			<trkpt lat="39.548196" lon="2.387740">
				<ele>10.000000</ele>
			</trkpt>
			<trkpt lat="39.548148" lon="2.387866">
				<ele>10.000000</ele>
			</trkpt>
			<trkpt lat="39.548065" lon="2.388073">
				<ele>10.000000</ele>
			</trkpt>
			<trkpt lat="39.548023" lon="2.388153">
				<ele>10.000000</ele>
			</trkpt>
			<trkpt lat="39.547905" lon="2.388360">
				<ele>10.000000</ele>
			</trkpt>
			<trkpt lat="39.547829" lon="2.388270">
				<ele>10.000000</ele>
			</trkpt>
			<trkpt lat="39.547684" lon="2.388495">
				<ele>10.000000</ele>
			</trkpt>
			<trkpt lat="39.547386" lon="2.388826">
				<ele>10.000000</ele>
			</trkpt>
			<trkpt lat="39.546811" lon="2.389482">
				<ele>10.000000</ele>
			</trkpt>
			<trkpt lat="39.546388" lon="2.389950">
				<ele>10.000000</ele>
			</trkpt>
			<trkpt lat="39.546354" lon="2.389905">
				<ele>10.000000</ele>
			</trkpt>
			<trkpt lat="39.546181" lon="2.390094">
				<ele>10.000000</ele>
			</trkpt>
		</trkseg>
	</trk>
</gpx>

